name,Frequency,Intensity
blow,0,11.028421608993963
blow,10.7666015625,20.33368259530263
blow,21.533203125,22.782658839193758
blow,32.2998046875,18.0306918015714
blow,43.06640625,14.69911371668987
blow,53.8330078125,15.214770539679352
blow,64.599609375,16.903235216142786
blow,75.3662109375,19.760328226083807
blow,86.1328125,18.173143724938846
blow,96.8994140625,20.120927059125666
blow,107.666015625,12.879673809606022
blow,118.4326171875,7.704744481277251
blow,129.19921875,12.00777815488043
blow,139.9658203125,2.119680346815213
blow,150.732421875,14.17048406125788
blow,161.4990234375,11.192684027033257
blow,172.265625,16.416081855742856
blow,183.0322265625,5.6409666467129895
blow,193.798828125,5.354434872543516
blow,204.5654296875,13.623528412325852
blow,215.33203125,8.685443891477707
blow,226.0986328125,13.165047670951619
blow,236.865234375,17.764832752217913
blow,247.6318359375,14.40266140102793
blow,258.3984375,-5.308572806489248
blow,269.1650390625,10.646966383942992
blow,279.931640625,16.99978027624448
blow,290.6982421875,11.621203935740958
blow,301.46484375,13.46958779126153
blow,312.2314453125,12.297204320314387
blow,322.998046875,8.652887866852042
blow,333.7646484375,18.753424060732986
blow,344.53125,20.224393141460123
blow,355.2978515625,16.7790707162703
blow,366.064453125,17.593842328078868
blow,376.8310546875,20.359514566309098
blow,387.59765625,26.874587971092232
blow,398.3642578125,20.235755243296367
blow,409.130859375,10.873275455003936
blow,419.8974609375,25.104216392632715
blow,430.6640625,22.755307542824212
blow,441.4306640625,16.915898992461898
blow,452.197265625,17.37769888728915
blow,462.9638671875,18.537234931934623
blow,473.73046875,5.432793765795562
blow,484.4970703125,8.318868004533693
blow,495.263671875,6.582429059659402
blow,506.0302734375,17.337115645236935
blow,516.796875,2.8069321271521765
blow,527.5634765625,13.939293631426338
blow,538.330078125,7.392957563875337
blow,549.0966796875,22.26633332143971
blow,559.86328125,23.268678349684606
blow,570.6298828125,19.080984457609546
blow,581.396484375,-3.456576821241055
blow,592.1630859375,21.330538751668257
blow,602.9296875,18.549380295653872
blow,613.6962890625,28.634739440072398
blow,624.462890625,25.231853228525573
blow,635.2294921875,20.402686429785213
blow,645.99609375,25.160911785666773
blow,656.7626953125,27.01492474497424
blow,667.529296875,25.026649784342652
blow,678.2958984375,28.767095433012667
blow,689.0625,32.25209122396863
blow,699.8291015625,37.461387685449154
blow,710.595703125,32.329373188028015
blow,721.3623046875,25.896673934211847
blow,732.12890625,23.965961245736306
blow,742.8955078125,26.328318979069696
blow,753.662109375,19.14473825682005
blow,764.4287109375,15.487155476592074
blow,775.1953125,15.076854430874171
blow,785.9619140625,4.06621607319136
blow,796.728515625,13.420354061971489
blow,807.4951171875,17.11795637930415
blow,818.26171875,18.161068325123686
blow,829.0283203125,14.608454784983493
blow,839.794921875,23.456807977541988
blow,850.5615234375,10.881046895031712
blow,861.328125,23.087339286966863
blow,872.0947265625,6.395467899679668
blow,882.861328125,17.128788256975223
blow,893.6279296875,0.2693813029413091
blow,904.39453125,15.481365287390211
blow,915.1611328125,13.431540619647988
blow,925.927734375,12.759255485859866
blow,936.6943359375,16.997277748962546
blow,947.4609375,12.04078092921807
blow,958.2275390625,8.142493499056467
blow,968.994140625,19.697799120934146
blow,979.7607421875,19.91775475592671
blow,990.52734375,12.539896981519052
blow,1001.2939453125,2.731450881870681
blow,1012.060546875,8.264532223346352
blow,1022.8271484375,12.39035223978676
blow,1033.59375,11.853556165977217
blow,1044.3603515625,12.26601145226245
blow,1055.126953125,7.90139796165926
blow,1065.8935546875,11.001123474341252
blow,1076.66015625,8.693500150667578
blow,1087.4267578125,11.561580348918527
blow,1098.193359375,-8.635194172753373
blow,1108.9599609375,12.820781308989611
blow,1119.7265625,12.33798139268908
blow,1130.4931640625,8.913482108997027
blow,1141.259765625,11.745539811930234
blow,1152.0263671875,11.446743255685906
blow,1162.79296875,-0.28574106459311044
blow,1173.5595703125,-17.024911363959163
blow,1184.326171875,4.685763051709857
blow,1195.0927734375,15.067454389859574
blow,1205.859375,10.26092387774881
blow,1216.6259765625,7.58781745599922
blow,1227.392578125,12.767899619223646
blow,1238.1591796875,4.829789805062092
blow,1248.92578125,5.906794199070786
blow,1259.6923828125,10.318454874136897
blow,1270.458984375,-6.14364490030623
blow,1281.2255859375,7.921367181642436
blow,1291.9921875,11.323579075671548
blow,1302.7587890625,9.077605195179741
blow,1313.525390625,4.510952715387047
blow,1324.2919921875,-3.755066937838828
blow,1335.05859375,9.690474314150952
blow,1345.8251953125,12.369578986652268
blow,1356.591796875,8.969144397290039
blow,1367.3583984375,4.3686151051333635
blow,1378.125,2.6435835091047983
blow,1388.8916015625,8.165571878178003
blow,1399.658203125,-4.213527336076413
blow,1410.4248046875,10.385289695489433
blow,1421.19140625,7.510884176104092
blow,1431.9580078125,-12.050844300381877
blow,1442.724609375,3.4253859632421073
blow,1453.4912109375,10.58180176218107
blow,1464.2578125,8.476914309637623
blow,1475.0244140625,2.608889022357695
blow,1485.791015625,-5.5093389292955495
blow,1496.5576171875,7.634597216536047
blow,1507.32421875,6.737076821544826
blow,1518.0908203125,4.301963953414965
blow,1528.857421875,1.3523661867876973
blow,1539.6240234375,-1.5867898365824664
blow,1550.390625,-7.138752521342071
blow,1561.1572265625,-1.9767221057906421
blow,1571.923828125,5.640165568622281
blow,1582.6904296875,-2.8218877002781846
blow,1593.45703125,-17.020461474823193
blow,1604.2236328125,-2.501360784727314
blow,1614.990234375,1.4494930898259635
blow,1625.7568359375,6.576090498933781
blow,1636.5234375,7.796587937253193
blow,1647.2900390625,6.1770405828109345
blow,1658.056640625,2.837622345173125
blow,1668.8232421875,0.21896868336554118
blow,1679.58984375,-0.9655535012432538
blow,1690.3564453125,3.5030321402421585
blow,1701.123046875,9.098519946935212
blow,1711.8896484375,2.279770660122382
blow,1722.65625,-1.2088053795080609
blow,1733.4228515625,-0.955644306496315
blow,1744.189453125,-17.659571243834183
blow,1754.9560546875,-3.9243402068562867
blow,1765.72265625,-12.866728192196522
blow,1776.4892578125,1.2023739825501893
blow,1787.255859375,-3.322715388448288
blow,1798.0224609375,5.965046130415448
blow,1808.7890625,4.419475946502729
blow,1819.5556640625,2.6635009311593483
blow,1830.322265625,-8.242636935405717
blow,1841.0888671875,0.30781811669669984
blow,1851.85546875,8.533485216964397
blow,1862.6220703125,4.139570501970767
blow,1873.388671875,-7.7752099919075395
blow,1884.1552734375,-12.571007929011921
blow,1894.921875,-9.008065211121606
blow,1905.6884765625,-10.627930651210995
blow,1916.455078125,1.7473591095571552
blow,1927.2216796875,-7.3143685783167625
blow,1937.98828125,-5.172746388498702
blow,1948.7548828125,-0.22339967441072003
blow,1959.521484375,5.604677974598485
blow,1970.2880859375,2.0012729275544823
blow,1981.0546875,-2.035801239412275
blow,1991.8212890625,-0.9064417994775181
blow,2002.587890625,-2.4274467610009816
blow,2013.3544921875,-4.450836021334395
blow,2024.12109375,-0.2928673495514558
blow,2034.8876953125,-1.6903144150148322
blow,2045.654296875,-0.11800430727324487
blow,2056.4208984375,3.6520670182703934
blow,2067.1875,5.456649825487076
blow,2077.9541015625,-8.021571015852226
blow,2088.720703125,-2.22921629991479
blow,2099.4873046875,1.2506109133057817
blow,2110.25390625,0.7458855649282548
blow,2121.0205078125,-3.6136450688570805
blow,2131.787109375,0.4033450532844267
blow,2142.5537109375,5.0646001646825916
blow,2153.3203125,-1.692428894173076
blow,2164.0869140625,-1.6108985996527254
blow,2174.853515625,-1.5601388295698528
blow,2185.6201171875,-11.468099185163814
blow,2196.38671875,-9.871942412193812
blow,2207.1533203125,-5.673163755460164
blow,2217.919921875,-1.4474338003251712
blow,2228.6865234375,-1.2650217241415183
blow,2239.453125,-2.675292576205162
blow,2250.2197265625,-1.1602113286115798
blow,2260.986328125,1.7863218872916682
blow,2271.7529296875,-10.634000224282072
blow,2282.51953125,1.0774420939408065
blow,2293.2861328125,-1.877191948182695
blow,2304.052734375,-16.29815373487537
blow,2314.8193359375,-6.101700883076608
blow,2325.5859375,-7.275446157032503
blow,2336.3525390625,-7.863357576730676
blow,2347.119140625,0.5512887520395747
blow,2357.8857421875,-3.8041354607770272
blow,2368.65234375,-6.968920648732983
blow,2379.4189453125,-7.9801394023793115
blow,2390.185546875,-8.409489361422782
blow,2400.9521484375,-6.312876729795837
blow,2411.71875,-6.2840746920587085
blow,2422.4853515625,-1.9392270809578052
blow,2433.251953125,-7.826634894201407
blow,2444.0185546875,-14.601590999068774
blow,2454.78515625,-11.044706957949659
blow,2465.5517578125,-15.01831022412323
blow,2476.318359375,-19.557873789289612
blow,2487.0849609375,-7.743521827139618
blow,2497.8515625,-2.5627331372432334
blow,2508.6181640625,-7.456113861489796
blow,2519.384765625,-12.839099589027324
blow,2530.1513671875,-12.381691893856225
blow,2540.91796875,-4.669736363371594
blow,2551.6845703125,-1.1502547073959837
blow,2562.451171875,-6.257482041830203
blow,2573.2177734375,-4.387124893847107
blow,2583.984375,-4.843333668132723
blow,2594.7509765625,-6.377175536615942
blow,2605.517578125,-7.570694946827282
blow,2616.2841796875,-5.3247684333182965
blow,2627.05078125,-9.582624357394515
blow,2637.8173828125,-7.004643106999158
blow,2648.583984375,-0.9913714896466242
blow,2659.3505859375,-14.14554736741324
blow,2670.1171875,-11.988688307221631
blow,2680.8837890625,-1.2932262077763166
blow,2691.650390625,-3.552596010074457
blow,2702.4169921875,-12.062545125539476
blow,2713.18359375,-10.373915243333446
blow,2723.9501953125,-6.622274786407644
blow,2734.716796875,-2.5232869402711455
blow,2745.4833984375,-2.248748291190862
blow,2756.25,-7.087648485167137
blow,2767.0166015625,-21.46185970016873
blow,2777.783203125,-7.791528324846288
blow,2788.5498046875,-5.765766933899225
blow,2799.31640625,-10.265543734862298
blow,2810.0830078125,-12.855178016203077
blow,2820.849609375,-8.689188921211036
blow,2831.6162109375,-5.540720903756561
blow,2842.3828125,-1.1838334385391067
blow,2853.1494140625,-4.836384354367277
blow,2863.916015625,-5.703159737920411
blow,2874.6826171875,-12.697659777729873
blow,2885.44921875,-1.974855718145223
blow,2896.2158203125,-3.4312178314404447
blow,2906.982421875,-10.906768042772105
blow,2917.7490234375,-11.705138199522796
blow,2928.515625,-7.647040861052457
blow,2939.2822265625,-5.552724087825681
blow,2950.048828125,-6.014610204496464
blow,2960.8154296875,-5.221287129507138
blow,2971.58203125,-12.333284034199302
blow,2982.3486328125,-4.374429769574394
blow,2993.115234375,-5.77765835734392
blow,3003.8818359375,-25.11997427773132
blow,3014.6484375,-11.484165096962062
blow,3025.4150390625,-9.308995991778291
blow,3036.181640625,-6.358922792716012
blow,3046.9482421875,-13.37660890839992
blow,3057.71484375,-1.804770160133077
blow,3068.4814453125,-1.760085478349739
blow,3079.248046875,-7.404862356586569
blow,3090.0146484375,-4.996610719008008
blow,3100.78125,-2.589335374277738
blow,3111.5478515625,-13.262691046146653
blow,3122.314453125,-20.134386778870002
blow,3133.0810546875,-3.0297542045693566
blow,3143.84765625,0.9853686451853683
blow,3154.6142578125,0.010464746987019671
blow,3165.380859375,-2.4409320472590688
blow,3176.1474609375,-3.1249703092894383
blow,3186.9140625,-2.459496149143253
blow,3197.6806640625,-6.213496663749352
blow,3208.447265625,-16.003880879892524
blow,3219.2138671875,-7.728773897108664
blow,3229.98046875,-1.8264039310282563
blow,3240.7470703125,-1.853686000012438
blow,3251.513671875,-12.442269437023741
blow,3262.2802734375,-14.640492927689303
blow,3273.046875,-1.5572950304698265
blow,3283.8134765625,-3.1175196475160734
blow,3294.580078125,-2.3756196091787207
blow,3305.3466796875,-5.596279363289851
blow,3316.11328125,-13.818842930574913
blow,3326.8798828125,-6.631949911926391
blow,3337.646484375,-9.082766138580949
blow,3348.4130859375,-7.067422634559209
blow,3359.1796875,0.056874756136104695
blow,3369.9462890625,1.4403228574875657
blow,3380.712890625,2.1061210445547434
blow,3391.4794921875,-2.053600064138044
blow,3402.24609375,-8.942401330140143
blow,3413.0126953125,-6.436852441224007
blow,3423.779296875,-17.201296323969377
blow,3434.5458984375,-7.180540755063812
blow,3445.3125,-10.195310882009512
blow,3456.0791015625,-6.128183688062122
blow,3466.845703125,-4.019160911227575
blow,3477.6123046875,-20.014788182194398
blow,3488.37890625,-10.134036439662463
blow,3499.1455078125,-7.61629616272643
blow,3509.912109375,-10.350071945831532
blow,3520.6787109375,-12.263796946201316
blow,3531.4453125,-10.612606431551608
blow,3542.2119140625,-5.86220534663359
blow,3552.978515625,-2.376496017371424
blow,3563.7451171875,-0.23388355467633376
blow,3574.51171875,-3.1137749848191087
blow,3585.2783203125,-6.59568735834744
blow,3596.044921875,-1.0250987413470993
blow,3606.8115234375,1.8101092096086782
blow,3617.578125,-1.693760987566907
blow,3628.3447265625,-6.021888637620193
blow,3639.111328125,-2.4311917519597444
blow,3649.8779296875,-9.08896154582885
blow,3660.64453125,-4.056576976677826
blow,3671.4111328125,1.8892898363707877
blow,3682.177734375,1.3486594793038025
blow,3692.9443359375,-5.533288380325121
blow,3703.7109375,-7.345693036605666
blow,3714.4775390625,-9.14562088735511
blow,3725.244140625,-14.478915976350454
blow,3736.0107421875,-8.939899700694363
blow,3746.77734375,-2.5339314833283644
blow,3757.5439453125,-1.7996769002974466
blow,3768.310546875,-5.746987385692571
blow,3779.0771484375,-13.138258925837999
blow,3789.84375,-15.149785849193584
blow,3800.6103515625,-7.221050071619894
blow,3811.376953125,-10.554337396419154
blow,3822.1435546875,-12.574227620534224
blow,3832.91015625,-3.2654982908595294
blow,3843.6767578125,-3.7003174489898423
blow,3854.443359375,-10.881101574624633
blow,3865.2099609375,-12.01878026538598
blow,3875.9765625,-19.5527269179042
blow,3886.7431640625,-12.337210559451925
blow,3897.509765625,-17.79053600956236
blow,3908.2763671875,-8.516770549090278
blow,3919.04296875,-9.76008863105206
blow,3929.8095703125,-10.229847438579265
blow,3940.576171875,-8.537455577839847
blow,3951.3427734375,-19.29572637711972
blow,3962.109375,-18.444983077409237
blow,3972.8759765625,-11.56317731518374
blow,3983.642578125,-12.729579985215507
blow,3994.4091796875,-22.837466329278904
blow,4005.17578125,-18.41465522200768
blow,4015.9423828125,-10.81215256727318
blow,4026.708984375,-15.987336530185036
blow,4037.4755859375,-18.164588269136615
blow,4048.2421875,-12.83577661042277
blow,4059.0087890625,-11.493906045728961
blow,4069.775390625,-10.427403588090938
blow,4080.5419921875,-14.186102353763943
blow,4091.30859375,-14.48712058123526
blow,4102.0751953125,-9.260027659574963
blow,4112.841796875,-18.89735642442767
blow,4123.6083984375,-14.166975139242602
blow,4134.375,-20.95575883602415
blow,4145.1416015625,-19.146804071097026
blow,4155.908203125,-13.315581888346157
blow,4166.6748046875,-6.433904703771268
blow,4177.44140625,-5.669147142798984
blow,4188.2080078125,-8.300224864196302
blow,4198.974609375,-20.484437736328353
blow,4209.7412109375,-18.292604032560998
blow,4220.5078125,-14.866827843602016
blow,4231.2744140625,-7.897477151086214
blow,4242.041015625,-10.168734400256955
blow,4252.8076171875,-7.81661863971687
blow,4263.57421875,-9.497047119886531
blow,4274.3408203125,-18.134069070281168
blow,4285.107421875,-11.098949229495513
blow,4295.8740234375,-9.024884355984959
blow,4306.640625,-14.610283887994655
blow,4317.4072265625,-32.47385531594755
blow,4328.173828125,-9.922104440152982
blow,4338.9404296875,-12.159094359108613
blow,4349.70703125,-14.351176796619916
blow,4360.4736328125,-29.154739335122834
blow,4371.240234375,-15.790536521390939
blow,4382.0068359375,-8.276410059968848
blow,4392.7734375,-8.092386561436575
blow,4403.5400390625,-11.551456251897834
blow,4414.306640625,-6.071133676329794
blow,4425.0732421875,-12.538175623392595
blow,4435.83984375,-25.218441609836205
blow,4446.6064453125,-23.277970416234105
blow,4457.373046875,-8.103057169891754
blow,4468.1396484375,-9.687775955447165
blow,4478.90625,-12.851822124483515
blow,4489.6728515625,-20.761234701356734
blow,4500.439453125,-16.286170911769325
blow,4511.2060546875,-12.466947915979482
blow,4521.97265625,-15.146809855663184
blow,4532.7392578125,-9.792764008655247
blow,4543.505859375,-5.8347604962250355
blow,4554.2724609375,-6.6192998756156785
blow,4565.0390625,-8.991898086133736
blow,4575.8056640625,-7.824145334369
blow,4586.572265625,-5.273618840857108
blow,4597.3388671875,-10.52660384781838
blow,4608.10546875,-13.09815779179537
blow,4618.8720703125,-17.023323388099158
blow,4629.638671875,-10.432252994019082
blow,4640.4052734375,-12.252726776713692
blow,4651.171875,-7.54387511378516
blow,4661.9384765625,-7.444544549335429
blow,4672.705078125,-16.48378458187078
blow,4683.4716796875,-9.90586566791097
blow,4694.23828125,-11.536725529369598
blow,4705.0048828125,-17.74122475675917
blow,4715.771484375,-15.420335788859276
blow,4726.5380859375,-13.107903546345351
blow,4737.3046875,-16.150847723357977
blow,4748.0712890625,-28.325004364782327
blow,4758.837890625,-20.824515782280002
blow,4769.6044921875,-27.81349678057316
blow,4780.37109375,-12.634326145968124
blow,4791.1376953125,-8.390902815897329
blow,4801.904296875,-17.246531294965738
blow,4812.6708984375,-8.276210132964513
blow,4823.4375,-9.155913847403838
blow,4834.2041015625,-8.83449182165193
blow,4844.970703125,-12.401481618026812
blow,4855.7373046875,-23.609058600187453
blow,4866.50390625,-22.51256700569349
blow,4877.2705078125,-14.2949697735178
blow,4888.037109375,-14.671749024719645
blow,4898.8037109375,-21.912827778764488
blow,4909.5703125,-19.827208577040274
blow,4920.3369140625,-25.04162769501425
blow,4931.103515625,-15.667177335281616
blow,4941.8701171875,-15.513020711908192
blow,4952.63671875,-11.842186047809594
blow,4963.4033203125,-23.101739638588214
blow,4974.169921875,-26.323019938612777
blow,4984.9365234375,-19.44367036040927
blow,4995.703125,-13.595284360303223
blow,5006.4697265625,-15.949096412822552
blow,5017.236328125,-19.11569575157399
blow,5028.0029296875,-16.753204553457767
blow,5038.76953125,-14.02404547051302
blow,5049.5361328125,-15.74789354223261
blow,5060.302734375,-21.837118706292344
blow,5071.0693359375,-17.119413312242237
blow,5081.8359375,-13.877915570623971
blow,5092.6025390625,-22.571560286138425
blow,5103.369140625,-12.539663959810268
blow,5114.1357421875,-10.227500152012862
blow,5124.90234375,-11.463871663197416
blow,5135.6689453125,-18.334057625749328
blow,5146.435546875,-15.366007630275465
blow,5157.2021484375,-19.90815489772921
blow,5167.96875,-24.659249126587675
blow,5178.7353515625,-23.594418387085515
blow,5189.501953125,-16.207909595257455
blow,5200.2685546875,-9.422254071383797
blow,5211.03515625,-10.979573382837879
blow,5221.8017578125,-17.610330824333367
blow,5232.568359375,-14.810349659134083
blow,5243.3349609375,-12.17164523474159
blow,5254.1015625,-10.645635403066178
blow,5264.8681640625,-9.413617698523026
blow,5275.634765625,-20.788233386276556
blow,5286.4013671875,-19.52991515057538
blow,5297.16796875,-17.61964369820171
blow,5307.9345703125,-12.401448554385679
blow,5318.701171875,-12.329990042563107
blow,5329.4677734375,-10.68130383646685
blow,5340.234375,-11.48346634865878
blow,5351.0009765625,-16.985616558265
blow,5361.767578125,-17.549402880287413
blow,5372.5341796875,-21.527986981352957
blow,5383.30078125,-19.670124790259585
blow,5394.0673828125,-16.715161247518306
blow,5404.833984375,-11.679984565361497
blow,5415.6005859375,-17.54709936323939
blow,5426.3671875,-26.3139387548162
blow,5437.1337890625,-12.85035945021847
blow,5447.900390625,-23.60604642976115
blow,5458.6669921875,-17.800682250546537
blow,5469.43359375,-35.72018955373482
blow,5480.2001953125,-16.593464589717108
blow,5490.966796875,-12.781274709733516
blow,5501.7333984375,-12.569479612984582
blow,5512.5,-15.535883906949643
blow,5523.2666015625,-20.821332754633023
blow,5534.033203125,-33.483195594128794
blow,5544.7998046875,-20.12862354220228
blow,5555.56640625,-23.422541260172316
blow,5566.3330078125,-17.17841158629524
blow,5577.099609375,-10.5068826784424
blow,5587.8662109375,-14.435690285678298
blow,5598.6328125,-30.253911178374643
blow,5609.3994140625,-13.214140747806827
blow,5620.166015625,-10.693214719682587
blow,5630.9326171875,-13.476953897471036
blow,5641.69921875,-9.42358794632821
blow,5652.4658203125,-11.994811853335673
blow,5663.232421875,-29.56836580334013
blow,5673.9990234375,-21.233074277478252
blow,5684.765625,-14.285265093415859
blow,5695.5322265625,-12.132625790685987
blow,5706.298828125,-12.831404517413041
blow,5717.0654296875,-14.54004173805357
blow,5727.83203125,-11.057598952446341
blow,5738.5986328125,-13.085864236980221
blow,5749.365234375,-13.36537345194688
blow,5760.1318359375,-10.666604457802132
blow,5770.8984375,-15.93588264025037
blow,5781.6650390625,-12.42054876118785
blow,5792.431640625,-11.281362116427223
blow,5803.1982421875,-18.89201629856934
blow,5813.96484375,-14.806824560396654
blow,5824.7314453125,-19.78383441791066
blow,5835.498046875,-10.29275603880549
blow,5846.2646484375,-10.356763094643036
blow,5857.03125,-18.02165094253668
blow,5867.7978515625,-16.343228450826615
blow,5878.564453125,-10.000668968424883
blow,5889.3310546875,-6.109518493855576
blow,5900.09765625,-5.641217458404904
blow,5910.8642578125,-29.354261766713815
blow,5921.630859375,-5.954758600817761
blow,5932.3974609375,-2.9722488129476425
blow,5943.1640625,-4.207209774540463
blow,5953.9306640625,-2.703339841361237
blow,5964.697265625,-4.963778831590371
blow,5975.4638671875,-30.5741428058773
blow,5986.23046875,-11.085738822265593
blow,5996.9970703125,-10.587624588143829
blow,6007.763671875,-13.856782375670367
blow,6018.5302734375,-12.153794085219655
blow,6029.296875,-12.400420231660105
blow,6040.0634765625,-13.459940443690579
blow,6050.830078125,-5.90395651325858
blow,6061.5966796875,-8.579093475750932
blow,6072.36328125,-14.544342620946972
blow,6083.1298828125,-19.49697079009957
blow,6093.896484375,-10.941681593050347
blow,6104.6630859375,-12.454221961438032
blow,6115.4296875,-19.909919317186123
blow,6126.1962890625,-15.35198282900227
blow,6136.962890625,-7.479431446668226
blow,6147.7294921875,-13.468163943133693
blow,6158.49609375,-11.424997201179906
blow,6169.2626953125,-16.453885735178943
blow,6180.029296875,-19.509151356950394
blow,6190.7958984375,-11.57898538441252
blow,6201.5625,-11.390040264200628
blow,6212.3291015625,-12.363948683820475
blow,6223.095703125,-13.157257457649024
blow,6233.8623046875,-17.357401878478147
blow,6244.62890625,-30.157389267258196
blow,6255.3955078125,-13.000510208260556
blow,6266.162109375,-15.185029378457404
blow,6276.9287109375,-14.317666555024877
blow,6287.6953125,-17.45177884113964
blow,6298.4619140625,-24.179754022613864
blow,6309.228515625,-15.963197162749987
blow,6319.9951171875,-14.693755177124878
blow,6330.76171875,-19.014258015879964
blow,6341.5283203125,-15.345302213323578
blow,6352.294921875,-12.739529573252607
blow,6363.0615234375,-21.100276600660507
blow,6373.828125,-22.410534656182307
blow,6384.5947265625,-10.711943370587777
blow,6395.361328125,-9.909817706563855
blow,6406.1279296875,-14.291243450022757
blow,6416.89453125,-16.964317202556426
blow,6427.6611328125,-20.88114340401484
blow,6438.427734375,-26.732350826776145
blow,6449.1943359375,-21.916236160592927
blow,6459.9609375,-24.68561969746736
blow,6470.7275390625,-15.7856998717962
blow,6481.494140625,-21.273375600865783
blow,6492.2607421875,-13.139160458447671
blow,6503.02734375,-15.015061727087154
blow,6513.7939453125,-28.68668736842587
blow,6524.560546875,-17.07861945070244
blow,6535.3271484375,-11.94053771551431
blow,6546.09375,-10.279276611067448
blow,6556.8603515625,-11.926344872848984
blow,6567.626953125,-18.74196895591925
blow,6578.3935546875,-13.218911252776328
blow,6589.16015625,-11.536438811098167
blow,6599.9267578125,-17.29140887219733
blow,6610.693359375,-19.449834813108872
blow,6621.4599609375,-19.650719883985392
blow,6632.2265625,-17.18901209201789
blow,6642.9931640625,-22.15206034759715
blow,6653.759765625,-15.48068673274662
blow,6664.5263671875,-14.923946527495751
blow,6675.29296875,-13.841324083386713
blow,6686.0595703125,-13.657420737570146
blow,6696.826171875,-20.81998575001466
blow,6707.5927734375,-25.381505211611213
blow,6718.359375,-14.46897022051018
blow,6729.1259765625,-10.19933314386284
blow,6739.892578125,-15.275031720761863
blow,6750.6591796875,-24.552944194383358
blow,6761.42578125,-16.20014288869257
blow,6772.1923828125,-18.030204007465965
blow,6782.958984375,-15.260630462126041
blow,6793.7255859375,-11.414632825933479
blow,6804.4921875,-12.706785921458293
blow,6815.2587890625,-20.202311663898904
blow,6826.025390625,-23.827833686393195
blow,6836.7919921875,-24.17065117315453
blow,6847.55859375,-34.271558432483715
blow,6858.3251953125,-19.18717552399483
blow,6869.091796875,-15.826542996732142
blow,6879.8583984375,-11.801454690250177
blow,6890.625,-11.646829490198078
blow,6901.3916015625,-16.14888949484532
blow,6912.158203125,-11.985406097024658
blow,6922.9248046875,-16.771438639803545
blow,6933.69140625,-16.927028040240874
blow,6944.4580078125,-17.309497278677725
blow,6955.224609375,-14.477854406157702
blow,6965.9912109375,-15.069468384285207
blow,6976.7578125,-14.985021558496786
blow,6987.5244140625,-14.661465859820218
blow,6998.291015625,-12.780285308704089
blow,7009.0576171875,-14.653454843929472
blow,7019.82421875,-45.12535436804828
blow,7030.5908203125,-13.52872378591166
blow,7041.357421875,-10.641074136901025
blow,7052.1240234375,-22.31140474863995
blow,7062.890625,-21.156200802184856
blow,7073.6572265625,-18.532609036594955
blow,7084.423828125,-20.998504330267966
blow,7095.1904296875,-12.844125481182882
blow,7105.95703125,-14.760040536567143
blow,7116.7236328125,-16.527960566545275
blow,7127.490234375,-14.890766518491512
blow,7138.2568359375,-20.829938514865955
blow,7149.0234375,-18.013394937886385
blow,7159.7900390625,-13.411404844550221
blow,7170.556640625,-13.571225897363801
blow,7181.3232421875,-14.18506952598804
blow,7192.08984375,-15.232746985447596
blow,7202.8564453125,-14.249335579057917
blow,7213.623046875,-13.076241957960836
blow,7224.3896484375,-13.143878669646607
blow,7235.15625,-15.703747137432057
blow,7245.9228515625,-22.026324217164266
blow,7256.689453125,-23.093282283120622
blow,7267.4560546875,-12.464800901925484
blow,7278.22265625,-16.513920615939774
blow,7288.9892578125,-22.502558818797066
blow,7299.755859375,-12.94420223199679
blow,7310.5224609375,-16.387947952916075
blow,7321.2890625,-17.208534845700406
blow,7332.0556640625,-14.856795527415674
blow,7342.822265625,-17.546783038050012
blow,7353.5888671875,-15.612303058813982
blow,7364.35546875,-18.412179870622754
blow,7375.1220703125,-21.223158363543963
blow,7385.888671875,-11.883882256569485
blow,7396.6552734375,-14.643843487614948
blow,7407.421875,-17.124532028487412
blow,7418.1884765625,-15.703101253141243
blow,7428.955078125,-15.819636729145738
blow,7439.7216796875,-15.64597533633224
blow,7450.48828125,-23.141515154458073
blow,7461.2548828125,-15.529164544083232
blow,7472.021484375,-13.595998987074553
blow,7482.7880859375,-11.146734883111906
blow,7493.5546875,-13.2157437274153
blow,7504.3212890625,-20.07659449495586
blow,7515.087890625,-28.40230471685446
blow,7525.8544921875,-20.335509803715865
blow,7536.62109375,-13.163811811668074
blow,7547.3876953125,-15.061355025928345
blow,7558.154296875,-22.057413453727776
blow,7568.9208984375,-16.903613620242115
blow,7579.6875,-11.04200610148675
blow,7590.4541015625,-14.61548767353474
blow,7601.220703125,-20.018850038525947
blow,7611.9873046875,-15.228644020214205
blow,7622.75390625,-17.241246238666818
blow,7633.5205078125,-12.538716202942211
blow,7644.287109375,-8.837498884998269
blow,7655.0537109375,-11.488761892748755
blow,7665.8203125,-18.377062546305993
blow,7676.5869140625,-19.8104433000634
blow,7687.353515625,-11.603945091193888
blow,7698.1201171875,-11.16007634858468
blow,7708.88671875,-17.84621761437168
blow,7719.6533203125,-10.948520416668554
blow,7730.419921875,-10.45851336464375
blow,7741.1865234375,-15.210315987316033
blow,7751.953125,-12.866916845162727
blow,7762.7197265625,-16.36813313724162
blow,7773.486328125,-12.517108357647961
blow,7784.2529296875,-17.074528420676454
blow,7795.01953125,-22.054355531545475
blow,7805.7861328125,-16.84170084959031
blow,7816.552734375,-16.627652194937696
blow,7827.3193359375,-15.14924937651929
blow,7838.0859375,-22.310782545024416
blow,7848.8525390625,-21.65426977235963
blow,7859.619140625,-12.286484898978012
blow,7870.3857421875,-12.264884801239264
blow,7881.15234375,-11.318695266955679
blow,7891.9189453125,-15.811816392450178
blow,7902.685546875,-39.64699405802576
blow,7913.4521484375,-22.137195052488153
blow,7924.21875,-24.289272633398717
blow,7934.9853515625,-18.64380186401119
blow,7945.751953125,-26.86257652523604
blow,7956.5185546875,-17.228372843227163
blow,7967.28515625,-11.535087311277328
blow,7978.0517578125,-18.676078349502202
blow,7988.818359375,-27.717162444287148
blow,7999.5849609375,-19.928394826058973
blow,8010.3515625,-15.150385119356486
blow,8021.1181640625,-15.880991982964554
blow,8031.884765625,-16.19614719515617
blow,8042.6513671875,-18.671034016955577
blow,8053.41796875,-12.21216948308355
blow,8064.1845703125,-15.997487979693393
blow,8074.951171875,-10.278758987661067
blow,8085.7177734375,-11.85767165936803
blow,8096.484375,-17.842814108958464
blow,8107.2509765625,-13.924265235839403
blow,8118.017578125,-14.467295927628768
blow,8128.7841796875,-11.205687607566166
blow,8139.55078125,-12.558068817331309
blow,8150.3173828125,-13.679194116490594
blow,8161.083984375,-13.987814542109296
blow,8171.8505859375,-22.333241834338175
blow,8182.6171875,-10.785850815764315
blow,8193.3837890625,-9.930815368875539
blow,8204.150390625,-10.100996440182302
blow,8214.9169921875,-22.634362876186476
blow,8225.68359375,-17.893668859390853
blow,8236.4501953125,-21.735260198916322
blow,8247.216796875,-18.138172099888877
blow,8257.9833984375,-26.37230536508625
blow,8268.75,-15.77373873198487
blow,8279.5166015625,-13.974706032111277
blow,8290.283203125,-10.72959904040185
blow,8301.0498046875,-20.006339455023397
blow,8311.81640625,-19.936100543462125
blow,8322.5830078125,-17.493750380641217
blow,8333.349609375,-13.256255196572557
blow,8344.1162109375,-14.025392719530956
blow,8354.8828125,-13.72405854620401
blow,8365.6494140625,-25.024315853288243
blow,8376.416015625,-18.669130338806102
blow,8387.1826171875,-15.253027780951768
blow,8397.94921875,-15.981147093309083
blow,8408.7158203125,-13.408979019523128
blow,8419.482421875,-10.688608804881367
blow,8430.2490234375,-15.141373694689072
blow,8441.015625,-19.183831825557952
blow,8451.7822265625,-13.655696305331581
blow,8462.548828125,-25.244251889942863
blow,8473.3154296875,-17.44576250500471
blow,8484.08203125,-20.469822231293115
blow,8494.8486328125,-44.24509794023031
blow,8505.615234375,-18.981734420774657
blow,8516.3818359375,-14.383624316719636
blow,8527.1484375,-16.411068310901644
blow,8537.9150390625,-27.580408543306486
blow,8548.681640625,-25.96928275101026
blow,8559.4482421875,-24.292151393179733
blow,8570.21484375,-18.16152537246583
blow,8580.9814453125,-22.908146762401294
blow,8591.748046875,-15.576164999567743
blow,8602.5146484375,-18.900909645960734
blow,8613.28125,-27.24983165314834
blow,8624.0478515625,-24.444766303291637
blow,8634.814453125,-12.489528936437521
blow,8645.5810546875,-11.825390982481633
blow,8656.34765625,-20.216330715278453
blow,8667.1142578125,-17.39251076334621
blow,8677.880859375,-19.578276697708606
blow,8688.6474609375,-20.723714855001198
blow,8699.4140625,-16.656326615908206
blow,8710.1806640625,-20.46849361790569
blow,8720.947265625,-26.746741912477752
blow,8731.7138671875,-18.510898909609963
blow,8742.48046875,-26.215059736168076
blow,8753.2470703125,-34.71749719743932
blow,8764.013671875,-26.586659240331834
blow,8774.7802734375,-33.783745120245634
blow,8785.546875,-19.49702269221405
blow,8796.3134765625,-21.99031146902278
blow,8807.080078125,-22.552474254035936
blow,8817.8466796875,-21.113658210482356
blow,8828.61328125,-25.367080486228684
blow,8839.3798828125,-21.64033554727737
blow,8850.146484375,-14.167990178902592
blow,8860.9130859375,-19.230846410241075
blow,8871.6796875,-23.62184837894955
blow,8882.4462890625,-19.364206995254442
blow,8893.212890625,-17.421583835839808
blow,8903.9794921875,-19.8881071313977
blow,8914.74609375,-28.161369008340028
blow,8925.5126953125,-34.62135050327015
blow,8936.279296875,-34.730526295883706
blow,8947.0458984375,-29.13838341094631
blow,8957.8125,-24.78594185220699
blow,8968.5791015625,-20.748514895035225
blow,8979.345703125,-25.74619577575831
blow,8990.1123046875,-18.529710898058728
blow,9000.87890625,-25.48694455409627
blow,9011.6455078125,-22.68981790657928
blow,9022.412109375,-22.391111576895494
blow,9033.1787109375,-19.954505387108764
blow,9043.9453125,-13.645195854564436
blow,9054.7119140625,-8.932752546932717
blow,9065.478515625,-9.222558888509335
blow,9076.2451171875,-8.720041583516469
blow,9087.01171875,-18.018292809638602
blow,9097.7783203125,-17.949115344020797
blow,9108.544921875,-17.116977247547624
blow,9119.3115234375,-33.11319542743352
blow,9130.078125,-17.424019589507907
blow,9140.8447265625,-16.24966781796636
blow,9151.611328125,-18.16760040551742
blow,9162.3779296875,-24.80008878402488
blow,9173.14453125,-19.855033814562525
blow,9183.9111328125,-19.304673691285696
blow,9194.677734375,-23.22723309881098
blow,9205.4443359375,-26.67165700713262
blow,9216.2109375,-26.72982682420191
blow,9226.9775390625,-25.991204118142278
blow,9237.744140625,-17.238356293380733
blow,9248.5107421875,-21.894537149163398
blow,9259.27734375,-17.47218460396561
blow,9270.0439453125,-28.233471111847294
blow,9280.810546875,-23.09272851401633
blow,9291.5771484375,-19.797506650780676
blow,9302.34375,-17.079212538834742
blow,9313.1103515625,-20.197304849059172
blow,9323.876953125,-22.38705882117906
blow,9334.6435546875,-22.147541045909872
blow,9345.41015625,-22.454430738465593
blow,9356.1767578125,-20.05745950381403
blow,9366.943359375,-17.918213429007388
blow,9377.7099609375,-20.79147818042603
blow,9388.4765625,-19.387977370981588
blow,9399.2431640625,-16.923437517302407
blow,9410.009765625,-20.3853748182815
blow,9420.7763671875,-22.689039841989846
blow,9431.54296875,-19.514720836322685
blow,9442.3095703125,-18.90357910915483
blow,9453.076171875,-19.13279391299116
blow,9463.8427734375,-25.114732816579846
blow,9474.609375,-24.886704471580018
blow,9485.3759765625,-17.80184055819128
blow,9496.142578125,-23.97725025105203
blow,9506.9091796875,-21.50223604121541
blow,9517.67578125,-29.874746070493398
blow,9528.4423828125,-18.7356045122586
blow,9539.208984375,-15.888125609024478
blow,9549.9755859375,-21.795421204778425
blow,9560.7421875,-25.182062467286357
blow,9571.5087890625,-28.43681902623517
blow,9582.275390625,-22.352407627263258
blow,9593.0419921875,-21.553181717687497
blow,9603.80859375,-20.072294185428415
blow,9614.5751953125,-18.768247913667025
blow,9625.341796875,-20.717846976409447
blow,9636.1083984375,-15.824055552842175
blow,9646.875,-23.139515438825473
blow,9657.6416015625,-31.992411962219226
blow,9668.408203125,-19.131073889516838
blow,9679.1748046875,-17.076979125698507
blow,9689.94140625,-18.33019510441574
blow,9700.7080078125,-31.849779884141633
blow,9711.474609375,-33.72212737880968
blow,9722.2412109375,-13.562024916846397
blow,9733.0078125,-9.789931910292394
blow,9743.7744140625,-19.399744381079948
blow,9754.541015625,-17.012549989508045
blow,9765.3076171875,-21.0977378163863
blow,9776.07421875,-40.54592999706265
blow,9786.8408203125,-31.04489353091271
blow,9797.607421875,-29.806028850972034
blow,9808.3740234375,-24.803067587421943
blow,9819.140625,-22.776986743015005
blow,9829.9072265625,-22.638597265980557
blow,9840.673828125,-15.83574769143705
blow,9851.4404296875,-22.70163554814886
blow,9862.20703125,-29.690968963053134
blow,9872.9736328125,-29.373828764243875
blow,9883.740234375,-12.412132606137263
blow,9894.5068359375,-12.7501298933562
blow,9905.2734375,-17.169806767478804
blow,9916.0400390625,-37.13571375131421
blow,9926.806640625,-25.758899542720126
blow,9937.5732421875,-24.08283986307905
blow,9948.33984375,-27.144710662316367
blow,9959.1064453125,-25.52498531587709
blow,9969.873046875,-16.778628706979706
blow,9980.6396484375,-11.613649382319583
blow,9991.40625,-16.641898287447766
blow,10002.1728515625,-16.849563601713292
blow,10012.939453125,-14.586519468467698
blow,10023.7060546875,-23.30904280561476
blow,10034.47265625,-20.496333940620367
blow,10045.2392578125,-22.50217472418239
blow,10056.005859375,-21.055221836308554
blow,10066.7724609375,-14.727623792780083
blow,10077.5390625,-19.6787108828237
blow,10088.3056640625,-22.92302798883672
blow,10099.072265625,-25.249380976792306
blow,10109.8388671875,-19.62061145984433
blow,10120.60546875,-27.173735532744608
blow,10131.3720703125,-14.986827879368343
blow,10142.138671875,-18.641847189714905
blow,10152.9052734375,-31.487748044237037
blow,10163.671875,-20.849348484113403
blow,10174.4384765625,-15.159733833310643
blow,10185.205078125,-22.82062787856556
blow,10195.9716796875,-21.273262873886807
blow,10206.73828125,-24.80414633508072
blow,10217.5048828125,-18.06303637712256
blow,10228.271484375,-17.086518301148736
blow,10239.0380859375,-19.263146212314197
blow,10249.8046875,-25.141035262705465
blow,10260.5712890625,-15.301113052280297
blow,10271.337890625,-20.98501814553519
blow,10282.1044921875,-24.636284112761395
blow,10292.87109375,-30.798769801422125
blow,10303.6376953125,-19.56380527837595
blow,10314.404296875,-15.522363982758442
blow,10325.1708984375,-20.331282798335867
blow,10335.9375,-26.544209491592426
blow,10346.7041015625,-22.616634871141706
blow,10357.470703125,-23.3809565883489
blow,10368.2373046875,-31.91227728487077
blow,10379.00390625,-19.41158584708246
blow,10389.7705078125,-28.11631675879951
blow,10400.537109375,-17.571873532747308
blow,10411.3037109375,-19.124361560138976
blow,10422.0703125,-36.495235350290194
blow,10432.8369140625,-27.994282884329664
blow,10443.603515625,-29.333879514626886
blow,10454.3701171875,-27.24151015511169
blow,10465.13671875,-17.647065785459855
blow,10475.9033203125,-15.943953641956641
blow,10486.669921875,-19.345042875119596
blow,10497.4365234375,-22.172205227782822
blow,10508.203125,-27.973254212883294
blow,10518.9697265625,-25.293394841432825
blow,10529.736328125,-18.667620604493806
blow,10540.5029296875,-23.237135662801983
blow,10551.26953125,-25.514622620979814
blow,10562.0361328125,-26.94159706902873
blow,10572.802734375,-28.097284589464003
blow,10583.5693359375,-26.962169890386836
blow,10594.3359375,-19.839464887171307
blow,10605.1025390625,-18.75465098895845
blow,10615.869140625,-19.2182799781446
blow,10626.6357421875,-22.274457711477904
blow,10637.40234375,-18.66628959243554
blow,10648.1689453125,-23.507036956717343
blow,10658.935546875,-23.290730973942516
blow,10669.7021484375,-24.446448956156487
blow,10680.46875,-20.849343286457195
blow,10691.2353515625,-20.7920260022334
blow,10702.001953125,-26.866633200478823
blow,10712.7685546875,-24.962963698344232
blow,10723.53515625,-19.59877194145828
blow,10734.3017578125,-23.912765045587214
blow,10745.068359375,-21.64053979147753
blow,10755.8349609375,-19.104328868788777
blow,10766.6015625,-25.455492563096026
blow,10777.3681640625,-23.72228040186546
blow,10788.134765625,-24.831954776079037
blow,10798.9013671875,-15.870965463790967
blow,10809.66796875,-15.750463423601456
blow,10820.4345703125,-19.363050910475735
blow,10831.201171875,-19.988554361928813
blow,10841.9677734375,-23.646515053784345
blow,10852.734375,-17.843346331840138
blow,10863.5009765625,-15.654600988085317
blow,10874.267578125,-19.932025298016654
blow,10885.0341796875,-22.530944893569476
blow,10895.80078125,-30.256508963524166
blow,10906.5673828125,-23.689281623491958
blow,10917.333984375,-33.7004973433047
blow,10928.1005859375,-29.386690611568444
blow,10938.8671875,-22.06893154805107
blow,10949.6337890625,-17.091946967303222
blow,10960.400390625,-14.636509797076542
blow,10971.1669921875,-15.2101029627023
blow,10981.93359375,-30.371763665566938
blow,10992.7001953125,-25.240334491862683
blow,11003.466796875,-22.754192606758625
blow,11014.2333984375,-25.42988865083995
blow,11025,-19.27630668030179
blow,11035.7666015625,-22.20495049385651
blow,11046.533203125,-29.567832950720682
blow,11057.2998046875,-37.576096314002186
blow,11068.06640625,-23.15029125644334
blow,11078.8330078125,-16.20694191507622
blow,11089.599609375,-19.15013033988046
blow,11100.3662109375,-41.84234623877346
blow,11111.1328125,-21.109541980965506
blow,11121.8994140625,-24.428126905244106
blow,11132.666015625,-26.22475418969039
blow,11143.4326171875,-30.4639468706856
blow,11154.19921875,-20.36164295420026
blow,11164.9658203125,-18.824718402372348
blow,11175.732421875,-24.073819123463558
blow,11186.4990234375,-18.778981683680232
blow,11197.265625,-19.17950154351945
blow,11208.0322265625,-22.38286739793173
blow,11218.798828125,-24.762074227562856
blow,11229.5654296875,-18.445188031203347
blow,11240.33203125,-19.17229501895449
blow,11251.0986328125,-14.460956305135486
blow,11261.865234375,-30.889328071393038
blow,11272.6318359375,-26.49426505307227
blow,11283.3984375,-24.35080082983573
blow,11294.1650390625,-22.58452623028434
blow,11304.931640625,-28.694911144830915
blow,11315.6982421875,-19.008748752254295
blow,11326.46484375,-15.822728969418524
blow,11337.2314453125,-19.883993303261956
blow,11347.998046875,-20.187892141281743
blow,11358.7646484375,-15.625571277173187
blow,11369.53125,-18.61398344499943
blow,11380.2978515625,-22.994385056652973
blow,11391.064453125,-18.70932847912738
blow,11401.8310546875,-42.249613490475866
blow,11412.59765625,-18.78421196050269
blow,11423.3642578125,-13.511284079609291
blow,11434.130859375,-18.769511307296728
blow,11444.8974609375,-27.20357494750099
blow,11455.6640625,-27.35168804631241
blow,11466.4306640625,-29.318837281265502
blow,11477.197265625,-14.108994661679867
blow,11487.9638671875,-13.79411099558967
blow,11498.73046875,-19.449149686813797
blow,11509.4970703125,-20.1499720691804
blow,11520.263671875,-20.25276323929164
blow,11531.0302734375,-24.99597446813604
blow,11541.796875,-17.847514247420378
blow,11552.5634765625,-16.86929300676226
blow,11563.330078125,-19.484010581057703
blow,11574.0966796875,-20.70770889480511
blow,11584.86328125,-20.012530964039996
blow,11595.6298828125,-28.823740783509585
blow,11606.396484375,-21.950955783667347
blow,11617.1630859375,-21.151078733084443
blow,11627.9296875,-18.868068801337717
blow,11638.6962890625,-26.91044820106207
blow,11649.462890625,-33.81871866813217
blow,11660.2294921875,-26.69064642485449
blow,11670.99609375,-17.910961431956515
blow,11681.7626953125,-22.74369429478988
blow,11692.529296875,-17.5147523803039
blow,11703.2958984375,-21.086337244158102
blow,11714.0625,-31.045606231938635
blow,11724.8291015625,-24.78964120217799
blow,11735.595703125,-22.21108259959412
blow,11746.3623046875,-22.572857207672246
blow,11757.12890625,-15.70500205867254
blow,11767.8955078125,-19.85373198670207
blow,11778.662109375,-21.746481273772538
blow,11789.4287109375,-22.053942619827204
blow,11800.1953125,-20.89895845798202
blow,11810.9619140625,-19.65793997175575
blow,11821.728515625,-18.09696454553405
blow,11832.4951171875,-23.339902099185675
blow,11843.26171875,-20.842095127092797
blow,11854.0283203125,-24.463969583269538
blow,11864.794921875,-17.728298211290358
blow,11875.5615234375,-42.79973996533343
blow,11886.328125,-25.014241810646904
blow,11897.0947265625,-28.276295396461396
blow,11907.861328125,-26.43069937857299
blow,11918.6279296875,-22.687707995396188
blow,11929.39453125,-32.919572896955486
blow,11940.1611328125,-19.472663879238453
blow,11950.927734375,-21.40245664882288
blow,11961.6943359375,-28.16272769791975
blow,11972.4609375,-19.079003572969494
blow,11983.2275390625,-22.25539656109253
blow,11993.994140625,-21.225747127573538
blow,12004.7607421875,-22.452341324078795
blow,12015.52734375,-24.68643410377605
blow,12026.2939453125,-16.202237939316092
blow,12037.060546875,-16.875134228542027
blow,12047.8271484375,-24.809622344519035
blow,12058.59375,-22.467436816284255
blow,12069.3603515625,-27.97961249907104
blow,12080.126953125,-26.294127646716202
blow,12090.8935546875,-41.58437643230052
blow,12101.66015625,-22.20352906478847
blow,12112.4267578125,-18.29948508356948
blow,12123.193359375,-29.60706191821521
blow,12133.9599609375,-22.037076122194076
blow,12144.7265625,-28.16798255372756
blow,12155.4931640625,-21.3828074991424
blow,12166.259765625,-21.068143311731767
blow,12177.0263671875,-23.530284173182807
blow,12187.79296875,-25.575655963193263
blow,12198.5595703125,-24.460519302251456
blow,12209.326171875,-21.106221018604067
blow,12220.0927734375,-22.549673033279166
blow,12230.859375,-20.82755701806867
blow,12241.6259765625,-21.61866852289088
blow,12252.392578125,-25.220934744757134
blow,12263.1591796875,-20.74973449127928
blow,12273.92578125,-26.702197510964588
blow,12284.6923828125,-42.87102739045036
blow,12295.458984375,-24.95544627922245
blow,12306.2255859375,-46.62816069059446
blow,12316.9921875,-20.43344054703057
blow,12327.7587890625,-21.796313044471614
blow,12338.525390625,-24.754434555948738
blow,12349.2919921875,-17.09764239283188
blow,12360.05859375,-17.782946731419205
blow,12370.8251953125,-19.610216645083344
blow,12381.591796875,-22.9443507053994
blow,12392.3583984375,-34.22895520899808
blow,12403.125,-33.0334362851037
blow,12413.8916015625,-20.658454638790694
blow,12424.658203125,-21.50779359375024
blow,12435.4248046875,-29.56847821521064
blow,12446.19140625,-19.970657130589085
blow,12456.9580078125,-20.11203914711334
blow,12467.724609375,-23.279554229728106
blow,12478.4912109375,-31.17881900656861
blow,12489.2578125,-25.807895068780176
blow,12500.0244140625,-33.83231541394792
blow,12510.791015625,-44.620703400986244
blow,12521.5576171875,-26.675509142904993
blow,12532.32421875,-23.86909579756565
blow,12543.0908203125,-31.937226487088253
blow,12553.857421875,-28.623219077618003
blow,12564.6240234375,-25.11244969180048
blow,12575.390625,-21.59607258087233
blow,12586.1572265625,-30.93285540509916
blow,12596.923828125,-28.02696534874112
blow,12607.6904296875,-21.721847820866927
blow,12618.45703125,-23.34186783848869
blow,12629.2236328125,-20.28012599622873
blow,12639.990234375,-22.400637857824734
blow,12650.7568359375,-19.34612176124272
blow,12661.5234375,-14.797656648039379
blow,12672.2900390625,-24.251858966493984
blow,12683.056640625,-25.559141899657707
blow,12693.8232421875,-22.405477326357968
blow,12704.58984375,-31.309308894967323
blow,12715.3564453125,-29.985219114265824
blow,12726.123046875,-31.134725435114582
blow,12736.8896484375,-30.009759076985652
blow,12747.65625,-24.928049831615624
blow,12758.4228515625,-27.310667038565228
blow,12769.189453125,-30.59405391643242
blow,12779.9560546875,-26.363183353030813
blow,12790.72265625,-19.530611015675504
blow,12801.4892578125,-22.121726732451762
blow,12812.255859375,-20.711704599369874
blow,12823.0224609375,-37.49840100308657
blow,12833.7890625,-33.252015732142894
blow,12844.5556640625,-24.247331338047328
blow,12855.322265625,-28.05711674468212
blow,12866.0888671875,-26.24909434381294
blow,12876.85546875,-35.26894777295346
blow,12887.6220703125,-30.129301217041487
blow,12898.388671875,-25.595045456207384
blow,12909.1552734375,-30.01980551253416
blow,12919.921875,-19.386053129337803
blow,12930.6884765625,-17.7723556493003
blow,12941.455078125,-17.66421702095795
blow,12952.2216796875,-22.683301828908707
blow,12962.98828125,-26.35600609620412
blow,12973.7548828125,-24.644428425496923
blow,12984.521484375,-23.773204929895254
blow,12995.2880859375,-20.654530122527785
blow,13006.0546875,-16.107245170596414
blow,13016.8212890625,-17.38725312855212
blow,13027.587890625,-29.765079868636832
blow,13038.3544921875,-29.605157605055325
blow,13049.12109375,-22.60664926059944
blow,13059.8876953125,-21.626847635492673
blow,13070.654296875,-57.587791171613546
blow,13081.4208984375,-22.38063466818005
blow,13092.1875,-18.624877628619064
blow,13102.9541015625,-17.003430047906118
blow,13113.720703125,-18.75838090383535
blow,13124.4873046875,-31.51246299989504
blow,13135.25390625,-29.424716352742006
blow,13146.0205078125,-24.09078617105839
blow,13156.787109375,-24.54435894238727
blow,13167.5537109375,-20.464914130910135
blow,13178.3203125,-21.531906336762155
blow,13189.0869140625,-18.024409457604097
blow,13199.853515625,-16.67312353202555
blow,13210.6201171875,-23.38445175536738
blow,13221.38671875,-25.565255208638014
blow,13232.1533203125,-27.57110428449082
blow,13242.919921875,-31.02436259827083
blow,13253.6865234375,-23.871274291232382
blow,13264.453125,-32.1219856724508
blow,13275.2197265625,-15.882464238719596
blow,13285.986328125,-14.94110242475303
blow,13296.7529296875,-15.174154250220418
blow,13307.51953125,-17.891981801419842
blow,13318.2861328125,-32.26552258145732
blow,13329.052734375,-20.74281608329949
blow,13339.8193359375,-22.780318354133513
blow,13350.5859375,-28.468618606939195
blow,13361.3525390625,-28.007889641324
blow,13372.119140625,-25.659834590592006
blow,13382.8857421875,-22.779699592056485
blow,13393.65234375,-24.656898236731678
blow,13404.4189453125,-22.388170189022386
blow,13415.185546875,-19.800715249416875
blow,13425.9521484375,-26.652496696631964
blow,13436.71875,-31.550461731950076
blow,13447.4853515625,-20.598296217436307
blow,13458.251953125,-26.842269487080337
blow,13469.0185546875,-31.34230763823876
blow,13479.78515625,-20.391594819598456
blow,13490.5517578125,-29.566780821456405
blow,13501.318359375,-30.39875535074934
blow,13512.0849609375,-17.257969198985162
blow,13522.8515625,-23.7531962268651
blow,13533.6181640625,-35.7535633042748
blow,13544.384765625,-27.05178070808191
blow,13555.1513671875,-20.383893858375004
blow,13565.91796875,-21.131627408390315
blow,13576.6845703125,-21.651680975546594
blow,13587.451171875,-43.25107662426376
blow,13598.2177734375,-30.05725379964754
blow,13608.984375,-27.984294712929213
blow,13619.7509765625,-29.532405590069935
blow,13630.517578125,-29.643967307803525
blow,13641.2841796875,-33.26826150475329
blow,13652.05078125,-24.91942054419004
blow,13662.8173828125,-21.69329132744882
blow,13673.583984375,-20.298171613194196
blow,13684.3505859375,-21.463840602818966
blow,13695.1171875,-27.269158862982884
blow,13705.8837890625,-25.96208614715801
blow,13716.650390625,-27.499288075678603
blow,13727.4169921875,-24.773182993110495
blow,13738.18359375,-20.606258856525386
blow,13748.9501953125,-22.35806715380495
blow,13759.716796875,-23.48152641309977
blow,13770.4833984375,-25.420362614984192
blow,13781.25,-19.692838438809794
blow,13792.0166015625,-22.22895938347651
blow,13802.783203125,-24.517897785666584
blow,13813.5498046875,-24.691215879323643
blow,13824.31640625,-29.43772982806532
blow,13835.0830078125,-18.93918474853623
blow,13845.849609375,-16.808603061270954
blow,13856.6162109375,-17.798891490340406
blow,13867.3828125,-20.245234682940275
blow,13878.1494140625,-19.034895253155106
blow,13888.916015625,-25.8792196236845
blow,13899.6826171875,-24.696468256143923
blow,13910.44921875,-23.269459928842444
blow,13921.2158203125,-31.362963324618395
blow,13931.982421875,-32.22672985862128
blow,13942.7490234375,-31.934990357105363
blow,13953.515625,-21.872475428814774
blow,13964.2822265625,-20.424514742706826
blow,13975.048828125,-17.403233000313058
blow,13985.8154296875,-16.770610468911514
blow,13996.58203125,-22.37470059934438
blow,14007.3486328125,-31.26482911746904
blow,14018.115234375,-26.58605709499023
blow,14028.8818359375,-27.50139020868133
blow,14039.6484375,-23.4611565581554
blow,14050.4150390625,-22.17552354253739
blow,14061.181640625,-20.898390691623202
blow,14071.9482421875,-22.90746293785563
blow,14082.71484375,-24.6297021864744
blow,14093.4814453125,-22.862834515130878
blow,14104.248046875,-25.67996891549537
blow,14115.0146484375,-26.36538866179923
blow,14125.78125,-22.316395212702
blow,14136.5478515625,-27.12561373149878
blow,14147.314453125,-20.732417145425273
blow,14158.0810546875,-23.529202942723483
blow,14168.84765625,-20.181339894666046
blow,14179.6142578125,-21.0957653250897
blow,14190.380859375,-18.6019680920646
blow,14201.1474609375,-25.860010635976675
blow,14211.9140625,-21.21265877262559
blow,14222.6806640625,-22.91772166955551
blow,14233.447265625,-16.235354250403663
blow,14244.2138671875,-17.025939183550115
blow,14254.98046875,-20.975828362125505
blow,14265.7470703125,-21.112391970836285
blow,14276.513671875,-19.852328795173666
blow,14287.2802734375,-23.670052586369323
blow,14298.046875,-22.507037317286432
blow,14308.8134765625,-22.424556519020832
blow,14319.580078125,-26.54502329119603
blow,14330.3466796875,-28.615762429318053
blow,14341.11328125,-23.996100819675824
blow,14351.8798828125,-16.654277622946847
blow,14362.646484375,-21.860752816542394
blow,14373.4130859375,-26.313308103653036
blow,14384.1796875,-22.739666796138533
blow,14394.9462890625,-32.81126533636037
blow,14405.712890625,-30.191026631985505
blow,14416.4794921875,-30.160544010633046
blow,14427.24609375,-23.494404995832173
blow,14438.0126953125,-20.9147702026276
blow,14448.779296875,-22.93378422892548
blow,14459.5458984375,-19.944325548259037
blow,14470.3125,-37.12798985558806
blow,14481.0791015625,-21.05364809657562
blow,14491.845703125,-23.876658433048974
blow,14502.6123046875,-17.49805116678232
blow,14513.37890625,-20.28729707494415
blow,14524.1455078125,-19.174808647966046
blow,14534.912109375,-17.873564756987555
blow,14545.6787109375,-23.977642732172995
blow,14556.4453125,-23.51204936697863
blow,14567.2119140625,-22.00771978972325
blow,14577.978515625,-22.91989301032263
blow,14588.7451171875,-26.782256597123848
blow,14599.51171875,-22.152538808280532
blow,14610.2783203125,-21.705324307452166
blow,14621.044921875,-23.670429331310842
blow,14631.8115234375,-23.78075282788661
blow,14642.578125,-25.580761494862145
blow,14653.3447265625,-29.16477716471299
blow,14664.111328125,-23.50004949757818
blow,14674.8779296875,-31.158288466858316
blow,14685.64453125,-29.545280699527652
blow,14696.4111328125,-26.321524140815995
blow,14707.177734375,-32.71509928263449
blow,14717.9443359375,-17.36990736870242
blow,14728.7109375,-18.180812836941985
blow,14739.4775390625,-25.417605964064464
blow,14750.244140625,-17.98901460578001
blow,14761.0107421875,-19.06559563071611
blow,14771.77734375,-34.05368451361543
blow,14782.5439453125,-25.778250506501642
blow,14793.310546875,-21.142599293674245
blow,14804.0771484375,-20.02146566041911
blow,14814.84375,-26.804726502319735
blow,14825.6103515625,-26.26920544620459
blow,14836.376953125,-26.46117971847528
blow,14847.1435546875,-22.743406614285952
blow,14857.91015625,-20.406934458892398
blow,14868.6767578125,-31.110388361472396
blow,14879.443359375,-20.570404964367338
blow,14890.2099609375,-25.711019557959368
blow,14900.9765625,-26.73054344479269
blow,14911.7431640625,-24.78875114321302
blow,14922.509765625,-26.319361405320144
blow,14933.2763671875,-35.03270151131268
blow,14944.04296875,-24.54172110200805
blow,14954.8095703125,-25.765882286820258
blow,14965.576171875,-26.83125773397972
blow,14976.3427734375,-27.147341680123528
blow,14987.109375,-26.793004740314153
blow,14997.8759765625,-25.017745667345977
blow,15008.642578125,-19.54783880092035
blow,15019.4091796875,-18.240430848536096
blow,15030.17578125,-21.34468226954239
blow,15040.9423828125,-25.59730710593735
blow,15051.708984375,-31.788679102022645
blow,15062.4755859375,-25.209003258740598
blow,15073.2421875,-38.23028467634582
blow,15084.0087890625,-31.728854655377138
blow,15094.775390625,-27.14603473913842
blow,15105.5419921875,-28.610536198295936
blow,15116.30859375,-26.00978475442018
blow,15127.0751953125,-31.620736711403303
blow,15137.841796875,-25.9991640735214
blow,15148.6083984375,-24.98621389063482
blow,15159.375,-23.252598731232816
blow,15170.1416015625,-31.923508845841155
blow,15180.908203125,-21.512527874977767
blow,15191.6748046875,-33.54562204845337
blow,15202.44140625,-25.962851081412275
blow,15213.2080078125,-25.173275369708396
blow,15223.974609375,-31.966748422755515
blow,15234.7412109375,-23.604710505436437
blow,15245.5078125,-23.76740924156269
blow,15256.2744140625,-25.52503104984421
blow,15267.041015625,-29.250311506835395
blow,15277.8076171875,-33.60895226725869
blow,15288.57421875,-24.489644924011742
blow,15299.3408203125,-33.44348020152287
blow,15310.107421875,-27.58443347267081
blow,15320.8740234375,-31.44412807200403
blow,15331.640625,-26.849762538897792
blow,15342.4072265625,-26.388208929100223
blow,15353.173828125,-21.484377108956533
blow,15363.9404296875,-20.263597303293373
blow,15374.70703125,-16.723845134022074
blow,15385.4736328125,-25.907574576886674
blow,15396.240234375,-26.94985952671439
blow,15407.0068359375,-25.89351281428322
blow,15417.7734375,-23.75677239559067
blow,15428.5400390625,-26.299466490754465
blow,15439.306640625,-27.878979169136603
blow,15450.0732421875,-23.020361177408624
blow,15460.83984375,-23.92715365396088
blow,15471.6064453125,-32.15336345552777
blow,15482.373046875,-21.351334746767545
blow,15493.1396484375,-28.244599999883096
blow,15503.90625,-18.85944846415969
blow,15514.6728515625,-31.01679909657455
blow,15525.439453125,-22.849796461103153
blow,15536.2060546875,-19.834713256902067
blow,15546.97265625,-19.410381793193878
blow,15557.7392578125,-29.56044634955271
blow,15568.505859375,-26.05325121698932
blow,15579.2724609375,-24.288145946333955
blow,15590.0390625,-24.80345934061619
blow,15600.8056640625,-24.55635247371577
blow,15611.572265625,-24.608529113805197
blow,15622.3388671875,-20.568776957372528
blow,15633.10546875,-20.72331357583233
blow,15643.8720703125,-24.90364585117923
blow,15654.638671875,-35.325897413834056
blow,15665.4052734375,-17.593730290799915
blow,15676.171875,-18.91167285624209
blow,15686.9384765625,-22.441164063659663
blow,15697.705078125,-21.49999467432558
blow,15708.4716796875,-23.82983139461323
blow,15719.23828125,-37.5579889191108
blow,15730.0048828125,-20.529383444096105
blow,15740.771484375,-24.62407188717759
blow,15751.5380859375,-27.243298342527012
blow,15762.3046875,-26.88264420395455
blow,15773.0712890625,-28.315724409624885
blow,15783.837890625,-26.648907654204127
blow,15794.6044921875,-22.434250562867906
blow,15805.37109375,-26.349690880031456
blow,15816.1376953125,-33.51871179149318
blow,15826.904296875,-17.503348196413356
blow,15837.6708984375,-21.190626403749544
blow,15848.4375,-21.891746137836098
blow,15859.2041015625,-22.661093659097737
blow,15869.970703125,-23.545271802477483
blow,15880.7373046875,-28.199566801939014
blow,15891.50390625,-24.070284692898674
blow,15902.2705078125,-17.6017023231151
blow,15913.037109375,-20.20279035073186
blow,15923.8037109375,-21.34923103622291
blow,15934.5703125,-21.25205096977815
blow,15945.3369140625,-30.15336979650806
blow,15956.103515625,-31.46524368829008
blow,15966.8701171875,-34.12169928472424
blow,15977.63671875,-25.210996737113348
blow,15988.4033203125,-25.141807611119418
blow,15999.169921875,-27.265292394429924
blow,16009.9365234375,-24.83183416964679
blow,16020.703125,-22.234294796650005
blow,16031.4697265625,-23.240304705025604
blow,16042.236328125,-20.369747130812527
blow,16053.0029296875,-28.653887540235846
blow,16063.76953125,-27.40183370779735
blow,16074.5361328125,-28.763491770541222
blow,16085.302734375,-24.813439135094995
blow,16096.0693359375,-23.050878611069972
blow,16106.8359375,-28.77942028636566
blow,16117.6025390625,-35.17194866039888
blow,16128.369140625,-27.500046453436564
blow,16139.1357421875,-30.713365218116422
blow,16149.90234375,-21.189351298694447
blow,16160.6689453125,-20.787697258447068
blow,16171.435546875,-24.436388790338818
blow,16182.2021484375,-41.26870425376378
blow,16192.96875,-20.906775256192432
blow,16203.7353515625,-27.564367046124147
blow,16214.501953125,-26.269919628680505
blow,16225.2685546875,-23.4835330323703
blow,16236.03515625,-25.909923217660406
blow,16246.8017578125,-20.903686958479263
blow,16257.568359375,-23.316605935460203
blow,16268.3349609375,-25.61527019229966
blow,16279.1015625,-25.479977865417954
blow,16289.8681640625,-28.18257258257193
blow,16300.634765625,-24.43394587346299
blow,16311.4013671875,-23.788128522105545
blow,16322.16796875,-23.807735794933595
blow,16332.9345703125,-40.97360553794406
blow,16343.701171875,-24.41869624490343
blow,16354.4677734375,-28.675610031739428
blow,16365.234375,-23.380341555114047
blow,16376.0009765625,-21.45205119264785
blow,16386.767578125,-25.667830911973724
blow,16397.5341796875,-26.73523344411224
blow,16408.30078125,-24.563922081139133
blow,16419.0673828125,-24.660242647566555
blow,16429.833984375,-23.698476202229184
blow,16440.6005859375,-24.381528081309625
blow,16451.3671875,-26.87581316077757
blow,16462.1337890625,-33.390524030603046
blow,16472.900390625,-32.85546381908183
blow,16483.6669921875,-24.234499907074092
blow,16494.43359375,-23.13569470401143
blow,16505.2001953125,-23.458267207028648
blow,16515.966796875,-20.80676325093455
blow,16526.7333984375,-25.838529852493824
blow,16537.5,-14.853826143474624
blow,16548.2666015625,-23.017292998737005
blow,16559.033203125,-19.50682427049982
blow,16569.7998046875,-25.274239886796156
blow,16580.56640625,-30.542746208403038
blow,16591.3330078125,-19.461166732919715
blow,16602.099609375,-20.943073815944445
blow,16612.8662109375,-22.837142822415473
blow,16623.6328125,-22.160871800317775
blow,16634.3994140625,-18.673292636974455
blow,16645.166015625,-27.845849270080507
blow,16655.9326171875,-32.11056802590905
blow,16666.69921875,-22.364402206642765
blow,16677.4658203125,-19.85648180241711
blow,16688.232421875,-22.681085222191946
blow,16698.9990234375,-29.497609546462943
blow,16709.765625,-31.549310929301843
blow,16720.5322265625,-17.070900972865743
blow,16731.298828125,-16.414094749572666
blow,16742.0654296875,-28.921047649769363
blow,16752.83203125,-26.869573197699705
blow,16763.5986328125,-27.080553707346724
blow,16774.365234375,-24.453812833641713
blow,16785.1318359375,-27.072054933033556
blow,16795.8984375,-26.914394409563634
blow,16806.6650390625,-21.532349750252546
blow,16817.431640625,-42.44883134381581
blow,16828.1982421875,-23.130585016378316
blow,16838.96484375,-22.445891825688417
blow,16849.7314453125,-29.78125578481272
blow,16860.498046875,-19.48622404518473
blow,16871.2646484375,-20.728489961828274
blow,16882.03125,-22.866483753390302
blow,16892.7978515625,-36.73478286022178
blow,16903.564453125,-37.10308648197256
blow,16914.3310546875,-32.107005708225756
blow,16925.09765625,-21.257189270425805
blow,16935.8642578125,-20.754527763027426
blow,16946.630859375,-22.8604728513884
blow,16957.3974609375,-35.472410679445005
blow,16968.1640625,-23.378376273947723
blow,16978.9306640625,-26.14272897896042
blow,16989.697265625,-34.25590360937236
blow,17000.4638671875,-30.36782690273702
blow,17011.23046875,-41.647621886694154
blow,17021.9970703125,-29.72006111194867
blow,17032.763671875,-33.14019476612533
blow,17043.5302734375,-26.627711579745007
blow,17054.296875,-24.55838272804265
blow,17065.0634765625,-25.549775708030925
blow,17075.830078125,-19.15349541359003
blow,17086.5966796875,-22.745163943210308
blow,17097.36328125,-21.17141356866356
blow,17108.1298828125,-22.534452429446937
blow,17118.896484375,-17.210223377623585
blow,17129.6630859375,-22.2763891360481
blow,17140.4296875,-22.379898946081703
blow,17151.1962890625,-23.945707587024977
blow,17161.962890625,-20.740098875805955
blow,17172.7294921875,-26.812676878788576
blow,17183.49609375,-18.419435380753654
blow,17194.2626953125,-22.821185038805865
blow,17205.029296875,-17.997183146402953
blow,17215.7958984375,-22.59269620236424
blow,17226.5625,-35.23742437812284
blow,17237.3291015625,-19.7291817072094
blow,17248.095703125,-22.25140262457357
blow,17258.8623046875,-26.92781740692442
blow,17269.62890625,-31.906217927369482
blow,17280.3955078125,-29.61986188954182
blow,17291.162109375,-27.014877428837984
blow,17301.9287109375,-25.522935203419998
blow,17312.6953125,-27.25482156388693
blow,17323.4619140625,-25.398770519228314
blow,17334.228515625,-33.01491344960296
blow,17344.9951171875,-34.9216874812103
blow,17355.76171875,-21.97272241994249
blow,17366.5283203125,-19.29058662829953
blow,17377.294921875,-24.25781229412174
blow,17388.0615234375,-22.40193145090867
blow,17398.828125,-19.750366502997142
blow,17409.5947265625,-42.77390643796646
blow,17420.361328125,-36.56083588133044
blow,17431.1279296875,-23.356848101602328
blow,17441.89453125,-39.121212663205256
blow,17452.6611328125,-40.082904624390565
blow,17463.427734375,-28.33414430668835
blow,17474.1943359375,-25.2447872499431
blow,17484.9609375,-28.24262259097745
blow,17495.7275390625,-22.56716557761505
blow,17506.494140625,-35.1188260922296
blow,17517.2607421875,-29.25102709825022
blow,17528.02734375,-21.56232199623577
blow,17538.7939453125,-23.702880057882574
blow,17549.560546875,-25.807061674150958
blow,17560.3271484375,-20.4054666448808
blow,17571.09375,-23.237385278670445
blow,17581.8603515625,-21.518824880665196
blow,17592.626953125,-27.653214755898823
blow,17603.3935546875,-32.70768524178856
blow,17614.16015625,-21.714076533983633
blow,17624.9267578125,-26.583811149695844
blow,17635.693359375,-20.37461631905472
blow,17646.4599609375,-23.741293276336613
blow,17657.2265625,-16.840845183924273
blow,17667.9931640625,-17.128137341830183
blow,17678.759765625,-21.167686903791058
blow,17689.5263671875,-20.665640306114213
blow,17700.29296875,-26.003399610897674
blow,17711.0595703125,-28.06120379821181
blow,17721.826171875,-19.179518965121964
blow,17732.5927734375,-20.386716588896803
blow,17743.359375,-27.52523277809225
blow,17754.1259765625,-27.88026083733318
blow,17764.892578125,-21.989391400413712
blow,17775.6591796875,-30.39892907125944
blow,17786.42578125,-20.514380666023943
blow,17797.1923828125,-22.92033214433591
blow,17807.958984375,-32.250147987656575
blow,17818.7255859375,-18.232460114670616
blow,17829.4921875,-21.833620673520635
blow,17840.2587890625,-26.549544361141102
blow,17851.025390625,-27.217240179839646
blow,17861.7919921875,-21.936456295474997
blow,17872.55859375,-26.226633864678046
blow,17883.3251953125,-20.186512621389756
blow,17894.091796875,-24.099262856998052
blow,17904.8583984375,-27.998692670610836
blow,17915.625,-20.032268937940177
blow,17926.3916015625,-18.022831609042875
blow,17937.158203125,-23.317220540031084
blow,17947.9248046875,-19.358544691119686
blow,17958.69140625,-23.266811504943966
blow,17969.4580078125,-32.325794846034086
blow,17980.224609375,-15.897749450093745
blow,17990.9912109375,-30.216447056463988
blow,18001.7578125,-19.826525470318327
blow,18012.5244140625,-30.409266169362105
blow,18023.291015625,-35.04836234297811
blow,18034.0576171875,-26.383641903021534
blow,18044.82421875,-31.3927712405426
blow,18055.5908203125,-23.564628740561197
blow,18066.357421875,-28.329158837340604
blow,18077.1240234375,-32.502690419303676
blow,18087.890625,-23.1630013419218
blow,18098.6572265625,-23.467000833029378
blow,18109.423828125,-23.568900323408496
blow,18120.1904296875,-25.068928064803984
blow,18130.95703125,-26.93889192679421
blow,18141.7236328125,-27.8491731326934
blow,18152.490234375,-20.18958355917322
blow,18163.2568359375,-22.880470284823918
blow,18174.0234375,-17.91114190717692
blow,18184.7900390625,-28.672371693828058
blow,18195.556640625,-26.205268189592875
blow,18206.3232421875,-24.584140685081437
blow,18217.08984375,-16.26374838487603
blow,18227.8564453125,-21.000039173596925
blow,18238.623046875,-24.04595857331814
blow,18249.3896484375,-21.92413708708306
blow,18260.15625,-28.06778238325061
blow,18270.9228515625,-27.234089269816472
blow,18281.689453125,-26.984387947559057
blow,18292.4560546875,-30.148803566483377
blow,18303.22265625,-24.556002937967463
blow,18313.9892578125,-19.314724509474722
blow,18324.755859375,-22.001957845378573
blow,18335.5224609375,-17.109300463519975
blow,18346.2890625,-12.548409939709707
blow,18357.0556640625,-18.84356289347541
blow,18367.822265625,-26.77980570542382
blow,18378.5888671875,-37.983137513301564
blow,18389.35546875,-31.87452687345271
blow,18400.1220703125,-32.06725257441419
blow,18410.888671875,-29.031890676374466
blow,18421.6552734375,-25.25759750776903
blow,18432.421875,-30.833955431286988
blow,18443.1884765625,-22.79738725640946
blow,18453.955078125,-19.53215124632674
blow,18464.7216796875,-21.93749891759792
blow,18475.48828125,-24.73925589962996
blow,18486.2548828125,-21.046362451506564
blow,18497.021484375,-24.74311805857045
blow,18507.7880859375,-19.12862459552733
blow,18518.5546875,-17.400598261053084
blow,18529.3212890625,-19.77149242968405
blow,18540.087890625,-25.366061448857987
blow,18550.8544921875,-33.144185795029884
blow,18561.62109375,-21.745118618461
blow,18572.3876953125,-25.225206629911163
blow,18583.154296875,-53.76886077159366
blow,18593.9208984375,-18.205472682466677
blow,18604.6875,-29.570440908667752
blow,18615.4541015625,-28.64784181822221
blow,18626.220703125,-17.25578715856984
blow,18636.9873046875,-23.64383619901305
blow,18647.75390625,-26.841558831541242
blow,18658.5205078125,-20.61087843486559
blow,18669.287109375,-26.81968501430582
blow,18680.0537109375,-22.44916328432634
blow,18690.8203125,-37.92346246960636
blow,18701.5869140625,-20.42564084797617
blow,18712.353515625,-27.961822021996934
blow,18723.1201171875,-34.65628461939691
blow,18733.88671875,-25.910481393744167
blow,18744.6533203125,-16.974582710412367
blow,18755.419921875,-22.662079986586953
blow,18766.1865234375,-32.65345378670077
blow,18776.953125,-23.114088482753754
blow,18787.7197265625,-27.3175517883722
blow,18798.486328125,-24.64759614857593
blow,18809.2529296875,-23.126058024847623
blow,18820.01953125,-24.538533245361485
blow,18830.7861328125,-25.15000869895588
blow,18841.552734375,-29.2684089578511
blow,18852.3193359375,-25.857035425948144
blow,18863.0859375,-23.034705192119844
blow,18873.8525390625,-26.57865576333687
blow,18884.619140625,-25.241916932789298
blow,18895.3857421875,-26.70210331463163
blow,18906.15234375,-24.393133421966162
blow,18916.9189453125,-20.31818408508247
blow,18927.685546875,-22.73046908014606
blow,18938.4521484375,-28.8010407473178
blow,18949.21875,-24.90953562074132
blow,18959.9853515625,-19.82878876637009
blow,18970.751953125,-21.197323235794535
blow,18981.5185546875,-26.874826440115985
blow,18992.28515625,-24.38035559618884
blow,19003.0517578125,-23.092895763480822
blow,19013.818359375,-35.47218181903462
blow,19024.5849609375,-28.447087005117133
blow,19035.3515625,-22.58070825540635
blow,19046.1181640625,-23.22859015963834
blow,19056.884765625,-30.10141459459922
blow,19067.6513671875,-28.29352350873457
blow,19078.41796875,-31.2465215440689
blow,19089.1845703125,-27.82330653983271
blow,19099.951171875,-24.52001588135826
blow,19110.7177734375,-20.420605151621878
blow,19121.484375,-18.08136624105011
blow,19132.2509765625,-23.27910287626123
blow,19143.017578125,-32.97920736975421
blow,19153.7841796875,-27.508706778272924
blow,19164.55078125,-19.677724010800898
blow,19175.3173828125,-19.321583876161096
blow,19186.083984375,-23.905220871733786
blow,19196.8505859375,-29.243132300521417
blow,19207.6171875,-20.70356956997147
blow,19218.3837890625,-24.793569991848713
blow,19229.150390625,-26.35742075456386
blow,19239.9169921875,-22.66893316910879
blow,19250.68359375,-28.22079346990561
blow,19261.4501953125,-17.261097672565203
blow,19272.216796875,-23.858333996613517
blow,19282.9833984375,-20.19760851287185
blow,19293.75,-21.704955770249875
blow,19304.5166015625,-21.988803982394316
blow,19315.283203125,-25.145174337312337
blow,19326.0498046875,-22.16122605484054
blow,19336.81640625,-23.28654673583403
blow,19347.5830078125,-27.99058792944388
blow,19358.349609375,-27.240835500817596
blow,19369.1162109375,-22.713766595246337
blow,19379.8828125,-19.9885720806642
blow,19390.6494140625,-25.556473271627148
blow,19401.416015625,-27.225766380409077
blow,19412.1826171875,-25.416879394931307
blow,19422.94921875,-36.18693908870312
blow,19433.7158203125,-19.39074978007139
blow,19444.482421875,-19.434524844385923
blow,19455.2490234375,-22.334664046968285
blow,19466.015625,-42.28877883421336
blow,19476.7822265625,-19.950685381319293
blow,19487.548828125,-16.574332787549434
blow,19498.3154296875,-17.359656362395263
blow,19509.08203125,-23.881623760448175
blow,19519.8486328125,-18.800425821952054
blow,19530.615234375,-28.941500877096367
blow,19541.3818359375,-25.727458493970055
blow,19552.1484375,-25.884652634427283
blow,19562.9150390625,-21.68021520311867
blow,19573.681640625,-21.56675084520849
blow,19584.4482421875,-24.697342292646127
blow,19595.21484375,-28.989756851302253
blow,19605.9814453125,-24.596690431860164
blow,19616.748046875,-25.91960535380369
blow,19627.5146484375,-21.55389130322824
blow,19638.28125,-27.51295629005459
blow,19649.0478515625,-25.936310602920205
blow,19659.814453125,-33.83154212615829
blow,19670.5810546875,-22.452457153023488
blow,19681.34765625,-23.13865504187136
blow,19692.1142578125,-21.958843352496565
blow,19702.880859375,-23.247979362892302
blow,19713.6474609375,-21.210555241573076
blow,19724.4140625,-19.040932964427146
blow,19735.1806640625,-24.94246601592021
blow,19745.947265625,-32.336940876671775
blow,19756.7138671875,-36.581179101444256
blow,19767.48046875,-26.447012442363352
blow,19778.2470703125,-27.911682332581833
blow,19789.013671875,-27.885135944000044
blow,19799.7802734375,-18.983864486220508
blow,19810.546875,-20.989636703850678
blow,19821.3134765625,-20.69203703360393
blow,19832.080078125,-18.923494539366708
blow,19842.8466796875,-20.19859568176138
blow,19853.61328125,-19.674056748724155
blow,19864.3798828125,-26.402718859211003
blow,19875.146484375,-32.96193866214231
blow,19885.9130859375,-32.013241238140836
blow,19896.6796875,-33.26623691623751
blow,19907.4462890625,-23.201568854626252
blow,19918.212890625,-20.16663007292896
blow,19928.9794921875,-33.284772304352764
blow,19939.74609375,-22.353057172544844
blow,19950.5126953125,-33.59701547056707
blow,19961.279296875,-24.56215087349815
blow,19972.0458984375,-24.243092838054995
blow,19982.8125,-29.61961012352585
blow,19993.5791015625,-26.17343796708869
blow,20004.345703125,-23.385895950548196
blow,20015.1123046875,-20.179989432224442
blow,20025.87890625,-23.60069247083709
blow,20036.6455078125,-25.069992158982508
blow,20047.412109375,-24.187333194611554
blow,20058.1787109375,-23.17133897564365
blow,20068.9453125,-19.14127320005639
blow,20079.7119140625,-31.403907763944268
blow,20090.478515625,-21.588484007229983
blow,20101.2451171875,-27.305377441478875
blow,20112.01171875,-23.573851914928532
blow,20122.7783203125,-19.56417136499325
blow,20133.544921875,-31.71497200922403
blow,20144.3115234375,-25.353436045790737
blow,20155.078125,-24.65421788431491
blow,20165.8447265625,-25.813082783647936
blow,20176.611328125,-21.614372575991858
blow,20187.3779296875,-33.134366294392265
blow,20198.14453125,-23.771173880269743
blow,20208.9111328125,-32.329145372035434
blow,20219.677734375,-30.767672604679788
blow,20230.4443359375,-25.792530187154338
blow,20241.2109375,-27.810531684941523
blow,20251.9775390625,-39.8662296437838
blow,20262.744140625,-29.64461070091376
blow,20273.5107421875,-33.19502429352062
blow,20284.27734375,-23.711897227186668
blow,20295.0439453125,-31.374807765651866
blow,20305.810546875,-26.190949547325204
blow,20316.5771484375,-22.380086487198177
blow,20327.34375,-17.732954775482128
blow,20338.1103515625,-23.48200685400373
blow,20348.876953125,-26.236441076504903
blow,20359.6435546875,-28.36454107495824
blow,20370.41015625,-22.209390973553724
blow,20381.1767578125,-20.74311690876317
blow,20391.943359375,-34.54012211941021
blow,20402.7099609375,-19.38223031649987
blow,20413.4765625,-21.293058451755186
blow,20424.2431640625,-19.47245526964547
blow,20435.009765625,-28.281139743858933
blow,20445.7763671875,-24.668922333773512
blow,20456.54296875,-27.827402146799585
blow,20467.3095703125,-22.97593741434108
blow,20478.076171875,-22.76361116457435
blow,20488.8427734375,-21.67646550226172
blow,20499.609375,-27.423476384227286
blow,20510.3759765625,-21.75302196682374
blow,20521.142578125,-15.062743972551733
blow,20531.9091796875,-25.72507174758528
blow,20542.67578125,-30.754675845627393
blow,20553.4423828125,-30.26014270821714
blow,20564.208984375,-31.519072313071295
blow,20574.9755859375,-36.86887065834777
blow,20585.7421875,-23.674862651730585
blow,20596.5087890625,-28.129255357307372
blow,20607.275390625,-20.404534983362094
blow,20618.0419921875,-23.442983990192374
blow,20628.80859375,-24.39796753882454
blow,20639.5751953125,-26.934919500402117
blow,20650.341796875,-18.713632715656136
blow,20661.1083984375,-25.12601506905544
blow,20671.875,-29.361965695397657
blow,20682.6416015625,-21.595807563960765
blow,20693.408203125,-33.09294166772971
blow,20704.1748046875,-18.384358455153244
blow,20714.94140625,-20.95307043824313
blow,20725.7080078125,-21.137744319685396
blow,20736.474609375,-22.44759664482057
blow,20747.2412109375,-19.331457721768896
blow,20758.0078125,-24.819075387416024
blow,20768.7744140625,-24.176949176335178
blow,20779.541015625,-29.549230457817973
blow,20790.3076171875,-21.091373892644626
blow,20801.07421875,-22.809662548049427
blow,20811.8408203125,-19.853375995665672
blow,20822.607421875,-32.40989427610415
blow,20833.3740234375,-22.50675687917202
blow,20844.140625,-21.781421082214504
blow,20854.9072265625,-29.641581301794485
blow,20865.673828125,-21.759499751121652
blow,20876.4404296875,-20.92540800754312
blow,20887.20703125,-22.932821771092023
blow,20897.9736328125,-27.252114458604154
blow,20908.740234375,-20.74877748116854
blow,20919.5068359375,-22.16145597033414
blow,20930.2734375,-20.967362214118626
blow,20941.0400390625,-19.999048413133185
blow,20951.806640625,-20.761013274757268
blow,20962.5732421875,-16.035342005022496
blow,20973.33984375,-17.913536160606725
blow,20984.1064453125,-17.59029755992256
blow,20994.873046875,-18.2728807842023
blow,21005.6396484375,-24.688489970370146
blow,21016.40625,-18.047311084777814
blow,21027.1728515625,-20.99923027841863
blow,21037.939453125,-27.242444984180324
blow,21048.7060546875,-30.603484602881217
blow,21059.47265625,-16.869298495471284
blow,21070.2392578125,-17.609684757713392
blow,21081.005859375,-37.56164721804843
blow,21091.7724609375,-29.543090493763252
blow,21102.5390625,-24.15585326486203
blow,21113.3056640625,-30.25419569282255
blow,21124.072265625,-24.563988063414428
blow,21134.8388671875,-16.845750248956215
blow,21145.60546875,-18.944560591751326
blow,21156.3720703125,-19.91348353963852
blow,21167.138671875,-36.12356085917274
blow,21177.9052734375,-31.841616983031642
blow,21188.671875,-38.043308608286196
blow,21199.4384765625,-21.21272839356498
blow,21210.205078125,-19.416636297455454
blow,21220.9716796875,-35.957793631644954
blow,21231.73828125,-21.811192852735324
blow,21242.5048828125,-23.732397217602575
blow,21253.271484375,-19.79281774688535
blow,21264.0380859375,-27.16460127798578
blow,21274.8046875,-23.043508456211036
blow,21285.5712890625,-20.905256910962294
blow,21296.337890625,-30.698539420930175
blow,21307.1044921875,-37.17867211181763
blow,21317.87109375,-38.93353100644691
blow,21328.6376953125,-24.90715507480354
blow,21339.404296875,-45.39224056730768
blow,21350.1708984375,-33.77064330625501
blow,21360.9375,-30.272562457913168
blow,21371.7041015625,-23.33669297025605
blow,21382.470703125,-21.23661891795912
blow,21393.2373046875,-23.86220821144689
blow,21404.00390625,-20.566179278189228
blow,21414.7705078125,-22.09854393498597
blow,21425.537109375,-19.318388949281417
blow,21436.3037109375,-29.172242647569917
blow,21447.0703125,-22.88944808575048
blow,21457.8369140625,-26.55620750237204
blow,21468.603515625,-16.389300650083612
blow,21479.3701171875,-24.830574308104346
blow,21490.13671875,-23.678624341656356
blow,21500.9033203125,-35.919391647098486
blow,21511.669921875,-25.537356902437164
blow,21522.4365234375,-26.62875790007277
blow,21533.203125,-22.76664929782424
blow,21543.9697265625,-20.034083939553085
blow,21554.736328125,-18.62693930902767
blow,21565.5029296875,-18.67908409139567
blow,21576.26953125,-25.658872689296995
blow,21587.0361328125,-30.435329074376188
blow,21597.802734375,-22.12744173905158
blow,21608.5693359375,-17.933943172194617
blow,21619.3359375,-36.555347693685675
blow,21630.1025390625,-23.2581632445055
blow,21640.869140625,-28.451446946910774
blow,21651.6357421875,-19.04176890796661
blow,21662.40234375,-25.849252695871208
blow,21673.1689453125,-18.007501592862596
blow,21683.935546875,-24.239449754995405
blow,21694.7021484375,-25.297519486218
blow,21705.46875,-28.000874684283584
blow,21716.2353515625,-23.46685889240981
blow,21727.001953125,-17.820907109162675
blow,21737.7685546875,-25.102532002572346
blow,21748.53515625,-22.577818053143712
blow,21759.3017578125,-20.909300772509795
blow,21770.068359375,-39.16827583075734
blow,21780.8349609375,-16.340598525519084
blow,21791.6015625,-23.97123820089652
blow,21802.3681640625,-23.98534447724296
blow,21813.134765625,-22.53031573493647
blow,21823.9013671875,-22.972139248964716
blow,21834.66796875,-27.99161496873666
blow,21845.4345703125,-32.335051133761695
blow,21856.201171875,-23.60004617791685
blow,21866.9677734375,-21.504957619668787
blow,21877.734375,-34.681802773116985
blow,21888.5009765625,-16.82585476869597
blow,21899.267578125,-21.204674745128344
blow,21910.0341796875,-23.485312727118583
blow,21920.80078125,-18.9348806527751
blow,21931.5673828125,-25.580712240280373
blow,21942.333984375,-19.393418184330006
blow,21953.1005859375,-34.07588259544414
blow,21963.8671875,-23.682915618830627
blow,21974.6337890625,-22.08149723240503
blow,21985.400390625,-24.569231045820622
blow,21996.1669921875,-18.03305101563641
blow,22006.93359375,-28.12528755639636
blow,22017.7001953125,-24.62875575995262
blow,22028.466796875,-18.909658659800325
blow,22039.2333984375,-20.196300332718536
blow,22050,-26.03207624965355
offering,0,19.134138915203117
offering,10.7666015625,22.67956316695249
offering,21.533203125,20.541771548430297
offering,32.2998046875,14.620313280196392
offering,43.06640625,11.456115854494513
offering,53.8330078125,20.95706761385398
offering,64.599609375,25.000978502475686
offering,75.3662109375,22.775374054570744
offering,86.1328125,22.972065394483216
offering,96.8994140625,23.459460837357877
offering,107.666015625,22.330252837393047
offering,118.4326171875,20.590243963206905
offering,129.19921875,26.5042107475811
offering,139.9658203125,24.55294265423906
offering,150.732421875,16.98458830881274
offering,161.4990234375,12.512918931277493
offering,172.265625,12.8141298926459
offering,183.0322265625,11.429072504415705
offering,193.798828125,11.181078982513313
offering,204.5654296875,8.950032369742187
offering,215.33203125,8.585356436906606
offering,226.0986328125,14.160026865622084
offering,236.865234375,21.14030406916462
offering,247.6318359375,20.203185110076674
offering,258.3984375,13.768663017028677
offering,269.1650390625,22.483913999573524
offering,279.931640625,21.763545670129613
offering,290.6982421875,12.335705625398203
offering,301.46484375,22.514040882453124
offering,312.2314453125,-3.7236483688862094
offering,322.998046875,14.192125100667042
offering,333.7646484375,12.188793212624965
offering,344.53125,13.893558987888238
offering,355.2978515625,13.778349428460153
offering,366.064453125,16.719456900728574
offering,376.8310546875,4.4873270816641035
offering,387.59765625,14.38792124350567
offering,398.3642578125,2.8937905094879457
offering,409.130859375,14.198679997720928
offering,419.8974609375,2.7322948187001215
offering,430.6640625,13.805671290522394
offering,441.4306640625,10.557625752412411
offering,452.197265625,1.947646767224189
offering,462.9638671875,14.02642417684204
offering,473.73046875,17.744361301716452
offering,484.4970703125,12.408565674102071
offering,495.263671875,14.678649078630688
offering,506.0302734375,8.677097265222963
offering,516.796875,15.429990491804942
offering,527.5634765625,14.45828463909653
offering,538.330078125,6.659065834066235
offering,549.0966796875,16.862041654456807
offering,559.86328125,18.04274602766413
offering,570.6298828125,19.814611995456538
offering,581.396484375,16.72783281577341
offering,592.1630859375,9.612988414053747
offering,602.9296875,13.022053722659733
offering,613.6962890625,10.87717233519935
offering,624.462890625,11.781750145280512
offering,635.2294921875,11.783664939889446
offering,645.99609375,-1.9891657113930703
offering,656.7626953125,8.740172407736049
offering,667.529296875,13.66538369655251
offering,678.2958984375,12.64363451297201
offering,689.0625,9.061652343080794
offering,699.8291015625,18.060389025150712
offering,710.595703125,14.68018126929135
offering,721.3623046875,17.908962043021916
offering,732.12890625,14.626593160014886
offering,742.8955078125,7.958950929967665
offering,753.662109375,15.147071405771948
offering,764.4287109375,11.343345533095679
offering,775.1953125,15.315820377436598
offering,785.9619140625,2.2713097347519016
offering,796.728515625,10.821712319136548
offering,807.4951171875,3.273324617672123
offering,818.26171875,13.548992744348855
offering,829.0283203125,10.84561178165119
offering,839.794921875,14.746140858976487
offering,850.5615234375,14.088357426742757
offering,861.328125,15.394673979773152
offering,872.0947265625,11.121619767129314
offering,882.861328125,14.906161429093396
offering,893.6279296875,9.130811902527903
offering,904.39453125,2.5788873248023947
offering,915.1611328125,5.545121924983178
offering,925.927734375,7.819917626258851
offering,936.6943359375,12.539938370493553
offering,947.4609375,16.096808660128964
offering,958.2275390625,19.328948546758834
offering,968.994140625,18.988235254344794
offering,979.7607421875,21.707544323007653
offering,990.52734375,17.3680333732669
offering,1001.2939453125,13.875212742872726
offering,1012.060546875,10.84145047169449
offering,1022.8271484375,13.332499334798184
offering,1033.59375,14.377775356218464
offering,1044.3603515625,19.748978778008652
offering,1055.126953125,13.078210401256904
offering,1065.8935546875,16.913645330447096
offering,1076.66015625,15.193401664385169
offering,1087.4267578125,6.011224784755687
offering,1098.193359375,13.267896228327366
offering,1108.9599609375,13.385171686908366
offering,1119.7265625,15.96895574088103
offering,1130.4931640625,16.026113292711834
offering,1141.259765625,13.800494917249928
offering,1152.0263671875,16.66284200941567
offering,1162.79296875,13.875993783166408
offering,1173.5595703125,13.232174936823132
offering,1184.326171875,16.625627336511542
offering,1195.0927734375,16.245630399487638
offering,1205.859375,11.571975277630402
offering,1216.6259765625,17.220914377753452
offering,1227.392578125,11.2304716409022
offering,1238.1591796875,17.867221140817165
offering,1248.92578125,15.301748405130704
offering,1259.6923828125,14.802001372401419
offering,1270.458984375,-10.841573714966176
offering,1281.2255859375,17.354808218648895
offering,1291.9921875,15.963613607635402
offering,1302.7587890625,10.395407887074441
offering,1313.525390625,12.36087698662664
offering,1324.2919921875,13.002457174535685
offering,1335.05859375,11.195350293070135
offering,1345.8251953125,8.432199162773607
offering,1356.591796875,7.639627709778432
offering,1367.3583984375,12.529375914953992
offering,1378.125,11.85502561224877
offering,1388.8916015625,14.747537568761617
offering,1399.658203125,12.346835475705893
offering,1410.4248046875,8.727967606449994
offering,1421.19140625,13.169616261162169
offering,1431.9580078125,15.186446759054652
offering,1442.724609375,6.230659808354092
offering,1453.4912109375,9.313519730852756
offering,1464.2578125,13.220960025596424
offering,1475.0244140625,14.913093797931243
offering,1485.791015625,16.008445665297998
offering,1496.5576171875,13.961669429326795
offering,1507.32421875,12.426665178832401
offering,1518.0908203125,18.287370903564742
offering,1528.857421875,19.866773102613024
offering,1539.6240234375,14.441046046768385
offering,1550.390625,10.975812217040586
offering,1561.1572265625,14.236808996928154
offering,1571.923828125,11.162015600383068
offering,1582.6904296875,14.999577185481304
offering,1593.45703125,8.217722798042452
offering,1604.2236328125,-11.6720270871742
offering,1614.990234375,14.355457154216214
offering,1625.7568359375,12.039976262740593
offering,1636.5234375,20.265966974015107
offering,1647.2900390625,17.228612461166115
offering,1658.056640625,13.637179720392423
offering,1668.8232421875,13.125738747478795
offering,1679.58984375,16.205378843909763
offering,1690.3564453125,16.93991255246489
offering,1701.123046875,12.329638234125763
offering,1711.8896484375,15.146149152026727
offering,1722.65625,17.426347829024056
offering,1733.4228515625,19.378470337447624
offering,1744.189453125,16.388231731035834
offering,1754.9560546875,20.519491519046742
offering,1765.72265625,16.025417392252216
offering,1776.4892578125,4.351173565198639
offering,1787.255859375,15.80944547930751
offering,1798.0224609375,11.960317605937599
offering,1808.7890625,8.765945392424339
offering,1819.5556640625,14.745868492549814
offering,1830.322265625,13.58913944551386
offering,1841.0888671875,12.766138555792459
offering,1851.85546875,8.90548513442245
offering,1862.6220703125,14.8664740381682
offering,1873.388671875,11.20080156129944
offering,1884.1552734375,15.620832460532373
offering,1894.921875,13.957763230071581
offering,1905.6884765625,11.456786609959408
offering,1916.455078125,10.756430230463055
offering,1927.2216796875,13.712551782032056
offering,1937.98828125,13.18455814052312
offering,1948.7548828125,5.713704739943655
offering,1959.521484375,5.046061542363845
offering,1970.2880859375,10.94122768019962
offering,1981.0546875,-3.6486382371629285
offering,1991.8212890625,7.034152301029049
offering,2002.587890625,13.335986184191901
offering,2013.3544921875,9.072346703596523
offering,2024.12109375,8.077402753358946
offering,2034.8876953125,16.47070046400249
offering,2045.654296875,9.214049106243369
offering,2056.4208984375,10.986777051418525
offering,2067.1875,9.776004580690202
offering,2077.9541015625,10.195651347206287
offering,2088.720703125,8.786092933913327
offering,2099.4873046875,-3.3541582704767996
offering,2110.25390625,3.051598633193305
offering,2121.0205078125,8.261091974715285
offering,2131.787109375,7.488052304421771
offering,2142.5537109375,8.339770468989453
offering,2153.3203125,12.367547843677965
offering,2164.0869140625,1.199679133531015
offering,2174.853515625,-0.5241745417001966
offering,2185.6201171875,5.825518865884259
offering,2196.38671875,3.7978771777193816
offering,2207.1533203125,7.123278392108445
offering,2217.919921875,10.952969541471447
offering,2228.6865234375,13.36127589127914
offering,2239.453125,8.34580527892858
offering,2250.2197265625,-0.039186653329887466
offering,2260.986328125,9.242771919744248
offering,2271.7529296875,11.75216275984618
offering,2282.51953125,11.250683532298682
offering,2293.2861328125,3.8652486788134253
offering,2304.052734375,2.664432758993147
offering,2314.8193359375,-8.070639640557122
offering,2325.5859375,6.915010463659375
offering,2336.3525390625,4.630810700202997
offering,2347.119140625,5.4310766191324245
offering,2357.8857421875,3.573709894260314
offering,2368.65234375,-5.8916316825019
offering,2379.4189453125,13.824135479773236
offering,2390.185546875,11.507231115046041
offering,2400.9521484375,5.183000282108817
offering,2411.71875,0.033551459941950676
offering,2422.4853515625,14.033476103973099
offering,2433.251953125,-0.6972534615772372
offering,2444.0185546875,3.2414074256766257
offering,2454.78515625,-2.151138515623558
offering,2465.5517578125,13.598453290178893
offering,2476.318359375,8.411423499781138
offering,2487.0849609375,8.210011140556734
offering,2497.8515625,10.672351084098947
offering,2508.6181640625,8.081792782557429
offering,2519.384765625,6.7780510378845875
offering,2530.1513671875,11.328669438597164
offering,2540.91796875,8.449891314551852
offering,2551.6845703125,3.567687631844181
offering,2562.451171875,3.6958189157542654
offering,2573.2177734375,10.848396319027326
offering,2583.984375,8.401832822758923
offering,2594.7509765625,8.593529920815504
offering,2605.517578125,9.1247568068181
offering,2616.2841796875,3.218618357904963
offering,2627.05078125,13.54770398683705
offering,2637.8173828125,6.248153963066043
offering,2648.583984375,8.347381251345567
offering,2659.3505859375,10.682497572669611
offering,2670.1171875,12.54446427110134
offering,2680.8837890625,14.841429356794158
offering,2691.650390625,13.525093773671642
offering,2702.4169921875,12.57301503754227
offering,2713.18359375,3.169474856266223
offering,2723.9501953125,6.86361357651249
offering,2734.716796875,12.42105003064853
offering,2745.4833984375,13.865959452911534
offering,2756.25,15.752171609043666
offering,2767.0166015625,6.681570272442095
offering,2777.783203125,13.711624427922665
offering,2788.5498046875,14.777437922184617
offering,2799.31640625,14.933980515928958
offering,2810.0830078125,12.38430617967982
offering,2820.849609375,14.07205840702579
offering,2831.6162109375,12.082616347504235
offering,2842.3828125,8.403185611593102
offering,2853.1494140625,10.616462479545277
offering,2863.916015625,12.941324783507914
offering,2874.6826171875,7.131821412122487
offering,2885.44921875,10.636207935134305
offering,2896.2158203125,11.17511716685662
offering,2906.982421875,7.881439235014453
offering,2917.7490234375,2.711960263582056
offering,2928.515625,9.152250811434431
offering,2939.2822265625,6.556744653331842
offering,2950.048828125,8.903956414645819
offering,2960.8154296875,0.35057039897085723
offering,2971.58203125,10.081313408906956
offering,2982.3486328125,-6.661558684167508
offering,2993.115234375,14.823994903920008
offering,3003.8818359375,10.627014668947508
offering,3014.6484375,14.551313906791961
offering,3025.4150390625,12.651243638223557
offering,3036.181640625,7.630996789573281
offering,3046.9482421875,9.856432557304558
offering,3057.71484375,9.703931859704255
offering,3068.4814453125,9.73041743347714
offering,3079.248046875,5.809636708610945
offering,3090.0146484375,-10.780390847419577
offering,3100.78125,-2.1417881332342272
offering,3111.5478515625,12.56272344087186
offering,3122.314453125,2.0676989840996205
offering,3133.0810546875,-2.770851848461798
offering,3143.84765625,7.165070449509411
offering,3154.6142578125,9.504338844505337
offering,3165.380859375,11.62005616477405
offering,3176.1474609375,14.167950609736055
offering,3186.9140625,9.788930902156569
offering,3197.6806640625,7.639190851706075
offering,3208.447265625,10.691073102063523
offering,3219.2138671875,9.762045398753095
offering,3229.98046875,9.09430860563057
offering,3240.7470703125,-5.846251123126636
offering,3251.513671875,-8.012328399150832
offering,3262.2802734375,8.94810479486037
offering,3273.046875,12.511018137141217
offering,3283.8134765625,3.4638691406472826
offering,3294.580078125,10.79397789041918
offering,3305.3466796875,8.366614303825525
offering,3316.11328125,-3.811572884708301
offering,3326.8798828125,3.690032854459795
offering,3337.646484375,12.550341469156052
offering,3348.4130859375,-1.3930013492444027
offering,3359.1796875,8.28660971947994
offering,3369.9462890625,11.632983515486297
offering,3380.712890625,8.803996324811246
offering,3391.4794921875,11.152864331196252
offering,3402.24609375,1.3358895867811684
offering,3413.0126953125,1.5293165048003765
offering,3423.779296875,9.851743872022409
offering,3434.5458984375,8.384115725943571
offering,3445.3125,9.136978935909102
offering,3456.0791015625,16.189346229615253
offering,3466.845703125,15.146627502887132
offering,3477.6123046875,6.62736890215297
offering,3488.37890625,8.832886166114948
offering,3499.1455078125,-0.6664680623811241
offering,3509.912109375,14.45151493469442
offering,3520.6787109375,14.27968027000116
offering,3531.4453125,15.0064738046108
offering,3542.2119140625,9.361275399649605
offering,3552.978515625,6.234630426069643
offering,3563.7451171875,12.207056265631884
offering,3574.51171875,15.657848892695228
offering,3585.2783203125,9.27671135029125
offering,3596.044921875,11.037281749424285
offering,3606.8115234375,2.04847582794143
offering,3617.578125,5.263805384031111
offering,3628.3447265625,11.051008561073614
offering,3639.111328125,-2.9829220541664503
offering,3649.8779296875,1.533877407780842
offering,3660.64453125,-3.1052884313330145
offering,3671.4111328125,5.618100612680839
offering,3682.177734375,10.950592846729442
offering,3692.9443359375,3.33948870036604
offering,3703.7109375,1.1984764947537452
offering,3714.4775390625,10.14452517017119
offering,3725.244140625,12.401235491250493
offering,3736.0107421875,13.381430494062919
offering,3746.77734375,11.288830787401398
offering,3757.5439453125,3.7504833591840203
offering,3768.310546875,2.6600492979579755
offering,3779.0771484375,12.547650419858833
offering,3789.84375,10.871408359700645
offering,3800.6103515625,8.12363170141169
offering,3811.376953125,-8.028416629124862
offering,3822.1435546875,8.84745354414201
offering,3832.91015625,5.103902814383922
offering,3843.6767578125,11.245897777185426
offering,3854.443359375,6.463201591783362
offering,3865.2099609375,1.854954998484457
offering,3875.9765625,-1.1862192535142555
offering,3886.7431640625,4.003352929075437
offering,3897.509765625,7.224925100054565
offering,3908.2763671875,5.250995616019005
offering,3919.04296875,1.6392595462073518
offering,3929.8095703125,6.771222828625895
offering,3940.576171875,13.0159173557966
offering,3951.3427734375,6.900723546701125
offering,3962.109375,11.43573086522994
offering,3972.8759765625,7.961221558410693
offering,3983.642578125,15.281398552272826
offering,3994.4091796875,15.472879725460073
offering,4005.17578125,9.898083176139258
offering,4015.9423828125,-2.5743289978800457
offering,4026.708984375,8.82025585592594
offering,4037.4755859375,11.341372453863567
offering,4048.2421875,4.294991489296715
offering,4059.0087890625,9.534713242512211
offering,4069.775390625,3.021485143676026
offering,4080.5419921875,6.396088248380001
offering,4091.30859375,9.227298022339513
offering,4102.0751953125,12.410954135113727
offering,4112.841796875,13.41835859696658
offering,4123.6083984375,2.553208390401476
offering,4134.375,4.76426550552331
offering,4145.1416015625,7.101665884009259
offering,4155.908203125,-0.38200322544701565
offering,4166.6748046875,7.304096043123653
offering,4177.44140625,7.7058746783594785
offering,4188.2080078125,0.9813409712633837
offering,4198.974609375,11.147348904033814
offering,4209.7412109375,6.095393136365783
offering,4220.5078125,6.999276194798247
offering,4231.2744140625,-5.420053197171586
offering,4242.041015625,4.1232096276423755
offering,4252.8076171875,3.151526281054381
offering,4263.57421875,11.41469081455508
offering,4274.3408203125,11.96484750307027
offering,4285.107421875,-9.030018310716033
offering,4295.8740234375,-8.463836265019026
offering,4306.640625,1.645635383026149
offering,4317.4072265625,6.731254796549544
offering,4328.173828125,14.141140380999847
offering,4338.9404296875,10.90225739587661
offering,4349.70703125,4.075230747080727
offering,4360.4736328125,-0.9851262289683702
offering,4371.240234375,3.059910796712492
offering,4382.0068359375,13.237945686523208
offering,4392.7734375,7.082064866068222
offering,4403.5400390625,9.62986606913833
offering,4414.306640625,-2.300164792472457
offering,4425.0732421875,1.8680327503723582
offering,4435.83984375,4.799329769961227
offering,4446.6064453125,-7.9880503154506375
offering,4457.373046875,5.35113553160114
offering,4468.1396484375,10.23595242900685
offering,4478.90625,-7.314600879091554
offering,4489.6728515625,11.65382326051597
offering,4500.439453125,10.903752593714362
offering,4511.2060546875,-0.6318366618621535
offering,4521.97265625,10.958937953689903
offering,4532.7392578125,6.248228630112068
offering,4543.505859375,6.604662397290503
offering,4554.2724609375,-10.060281626918092
offering,4565.0390625,-9.845052897071781
offering,4575.8056640625,1.429629248887113
offering,4586.572265625,2.735293361298154
offering,4597.3388671875,3.135639816521695
offering,4608.10546875,2.4753142167873925
offering,4618.8720703125,2.541768567391287
offering,4629.638671875,2.179085022418932
offering,4640.4052734375,2.6888529116268414
offering,4651.171875,-9.414760629245281
offering,4661.9384765625,6.4982494162280116
offering,4672.705078125,1.4212167627945451
offering,4683.4716796875,4.932441591653043
offering,4694.23828125,-4.537640685622033
offering,4705.0048828125,5.015540315043088
offering,4715.771484375,8.041641582022192
offering,4726.5380859375,4.207755527029299
offering,4737.3046875,6.6617057091498735
offering,4748.0712890625,3.8746597388330963
offering,4758.837890625,6.156850492832888
offering,4769.6044921875,1.7223575695376823
offering,4780.37109375,7.922887403640836
offering,4791.1376953125,-3.4796432023558177
offering,4801.904296875,2.821283692745409
offering,4812.6708984375,-3.0032820434806498
offering,4823.4375,6.419716587434918
offering,4834.2041015625,6.486570625266902
offering,4844.970703125,7.168130826510145
offering,4855.7373046875,7.456331766918627
offering,4866.50390625,0.6947715168319456
offering,4877.2705078125,0.5631493331392141
offering,4888.037109375,2.3210686853225555
offering,4898.8037109375,-6.847098471316457
offering,4909.5703125,1.8489175256372794
offering,4920.3369140625,7.272110434999908
offering,4931.103515625,1.8461168352978925
offering,4941.8701171875,7.039255415660958
offering,4952.63671875,6.116713328688855
offering,4963.4033203125,6.122696716651817
offering,4974.169921875,-9.20684296407709
offering,4984.9365234375,6.874962890572137
offering,4995.703125,-0.6442720283874243
offering,5006.4697265625,7.368711237708057
offering,5017.236328125,9.126492729542658
offering,5028.0029296875,4.818134375326174
offering,5038.76953125,3.694727335915759
offering,5049.5361328125,-11.838270772138602
offering,5060.302734375,14.003938574672318
offering,5071.0693359375,6.316027849212037
offering,5081.8359375,-1.4641008967081357
offering,5092.6025390625,9.030936168087093
offering,5103.369140625,-0.512616373635659
offering,5114.1357421875,-1.9099657242449264
offering,5124.90234375,-1.66054682833879
offering,5135.6689453125,0.7834825622652218
offering,5146.435546875,1.460983261421736
offering,5157.2021484375,6.101396423952895
offering,5167.96875,10.320414262335994
offering,5178.7353515625,-10.666074189133452
offering,5189.501953125,-1.5044816109717774
offering,5200.2685546875,0.4423393196260459
offering,5211.03515625,-9.724275149683171
offering,5221.8017578125,1.7201096154563789
offering,5232.568359375,9.45461721678922
offering,5243.3349609375,-4.288432483280312
offering,5254.1015625,-6.650272534989879
offering,5264.8681640625,0.6397540969090915
offering,5275.634765625,4.542460491866111
offering,5286.4013671875,-11.81089032064012
offering,5297.16796875,6.556401279474705
offering,5307.9345703125,9.249177631338014
offering,5318.701171875,4.855871871497611
offering,5329.4677734375,-9.92038042534139
offering,5340.234375,8.958674006835361
offering,5351.0009765625,8.29644522328745
offering,5361.767578125,10.183826183935025
offering,5372.5341796875,11.948462914320885
offering,5383.30078125,10.325647884972115
offering,5394.0673828125,8.10999950242931
offering,5404.833984375,5.771754385414151
offering,5415.6005859375,1.001065685040519
offering,5426.3671875,8.519789098550682
offering,5437.1337890625,-0.505414178928896
offering,5447.900390625,3.8258338283656412
offering,5458.6669921875,4.56598900064577
offering,5469.43359375,-4.815551196874422
offering,5480.2001953125,-21.273624956435842
offering,5490.966796875,6.534834938515827
offering,5501.7333984375,6.810616690247907
offering,5512.5,1.4303933104818756
offering,5523.2666015625,-0.8618107435416358
offering,5534.033203125,5.985729650306913
offering,5544.7998046875,7.724379805880185
offering,5555.56640625,-4.45028459840544
offering,5566.3330078125,7.5707584375482035
offering,5577.099609375,-2.8951926955209437
offering,5587.8662109375,6.613718186068841
offering,5598.6328125,0.08595023660698682
offering,5609.3994140625,-0.7702954291870256
offering,5620.166015625,5.9351788350719445
offering,5630.9326171875,-0.39792700106705625
offering,5641.69921875,2.4252412495438156
offering,5652.4658203125,-0.6448671550068257
offering,5663.232421875,-2.1355625823525983
offering,5673.9990234375,7.1182861920917375
offering,5684.765625,-1.4233323375596836
offering,5695.5322265625,-1.2998269402601892
offering,5706.298828125,-5.247975292353532
offering,5717.0654296875,-5.057244391531731
offering,5727.83203125,3.2580114261708175
offering,5738.5986328125,2.5163384451638997
offering,5749.365234375,1.5184281405422646
offering,5760.1318359375,3.3875373238908586
offering,5770.8984375,6.781531650609798
offering,5781.6650390625,3.638402174329671
offering,5792.431640625,9.974743530038504
offering,5803.1982421875,0.1287627504409409
offering,5813.96484375,-20.002577055867135
offering,5824.7314453125,3.3672621650349215
offering,5835.498046875,1.7804196903584082
offering,5846.2646484375,10.577584333877262
offering,5857.03125,4.626040802805867
offering,5867.7978515625,3.896016454202256
offering,5878.564453125,8.476166299858658
offering,5889.3310546875,9.632752418984246
offering,5900.09765625,4.309290672214067
offering,5910.8642578125,2.890874262761909
offering,5921.630859375,-3.524987195727301
offering,5932.3974609375,5.683737912506493
offering,5943.1640625,7.356858055085861
offering,5953.9306640625,0.5431390146180941
offering,5964.697265625,-0.9831245610839784
offering,5975.4638671875,-7.919611417334156
offering,5986.23046875,-5.909146744128839
offering,5996.9970703125,8.650302063980758
offering,6007.763671875,0.30355851920873805
offering,6018.5302734375,10.259214199105731
offering,6029.296875,4.699568934806893
offering,6040.0634765625,7.317260711692553
offering,6050.830078125,-0.44998018337013046
offering,6061.5966796875,3.039905419206632
offering,6072.36328125,7.5419527407537945
offering,6083.1298828125,-13.243538990039738
offering,6093.896484375,-15.803673637502625
offering,6104.6630859375,0.7816824062177545
offering,6115.4296875,-0.7357947379643595
offering,6126.1962890625,-5.73506551219082
offering,6136.962890625,7.2987032196342
offering,6147.7294921875,0.585497041434122
offering,6158.49609375,-0.4047768735715385
offering,6169.2626953125,1.3022275472946228
offering,6180.029296875,2.8434545665552555
offering,6190.7958984375,-2.881769464269597
offering,6201.5625,-0.1076457333745656
offering,6212.3291015625,-1.1883069129732182
offering,6223.095703125,-13.165086862649568
offering,6233.8623046875,-0.36840540066779304
offering,6244.62890625,7.088269285619613
offering,6255.3955078125,8.96628450539804
offering,6266.162109375,-10.70426153367384
offering,6276.9287109375,-0.614873967337823
offering,6287.6953125,-4.4955339322460945
offering,6298.4619140625,-1.6520725486107573
offering,6309.228515625,5.309798983101891
offering,6319.9951171875,-0.7177716242057347
offering,6330.76171875,-4.164063049797613
offering,6341.5283203125,2.1715794607564325
offering,6352.294921875,1.3057399737585753
offering,6363.0615234375,7.38136055622013
offering,6373.828125,-8.018588571214714
offering,6384.5947265625,-13.67156631758495
offering,6395.361328125,2.8357508499546324
offering,6406.1279296875,3.8065024895522397
offering,6416.89453125,-3.744428651356819
offering,6427.6611328125,2.2998472503731753
offering,6438.427734375,-4.062825318510877
offering,6449.1943359375,-3.5888631999834217
offering,6459.9609375,-5.37207283051809
offering,6470.7275390625,-8.441736773217446
offering,6481.494140625,-4.4140044065888855
offering,6492.2607421875,1.816260511916499
offering,6503.02734375,-9.451419972551236
offering,6513.7939453125,0.5329205348232401
offering,6524.560546875,-15.719125519898409
offering,6535.3271484375,4.908356364898713
offering,6546.09375,2.7715827314149326
offering,6556.8603515625,3.213069640206501
offering,6567.626953125,0.11160822432953793
offering,6578.3935546875,-3.4718516853533368
offering,6589.16015625,-3.138766478420718
offering,6599.9267578125,0.24804560326032596
offering,6610.693359375,-0.8456554272829084
offering,6621.4599609375,3.5055737966559564
offering,6632.2265625,-2.177446551768078
offering,6642.9931640625,0.7420626158076595
offering,6653.759765625,5.193491539203955
offering,6664.5263671875,6.917140756315353
offering,6675.29296875,3.6196320691418653
offering,6686.0595703125,-4.307295549604179
offering,6696.826171875,5.38076515889826
offering,6707.5927734375,-7.52645350199579
offering,6718.359375,-13.38683465292958
offering,6729.1259765625,1.047893841369664
offering,6739.892578125,2.91645956738743
offering,6750.6591796875,0.03413613405287534
offering,6761.42578125,1.7354340129427341
offering,6772.1923828125,4.289094345381524
offering,6782.958984375,6.769196745897571
offering,6793.7255859375,-3.576865483936959
offering,6804.4921875,-1.7838806135406986
offering,6815.2587890625,-1.969386454266751
offering,6826.025390625,-7.796809164746672
offering,6836.7919921875,5.311122033839114
offering,6847.55859375,6.576409837152753
offering,6858.3251953125,7.306983932609428
offering,6869.091796875,7.954543273875795
offering,6879.8583984375,11.444472433482002
offering,6890.625,-7.026385669794745
offering,6901.3916015625,-7.425437104522055
offering,6912.158203125,-0.5877429824594198
offering,6922.9248046875,-3.210008570314175
offering,6933.69140625,-3.278663464615463
offering,6944.4580078125,-3.7857835045593076
offering,6955.224609375,-0.4274914018801327
offering,6965.9912109375,-4.91589172463892
offering,6976.7578125,-0.9812553808184141
offering,6987.5244140625,5.931874803912064
offering,6998.291015625,2.4098477126569073
offering,7009.0576171875,8.074893456941375
offering,7019.82421875,11.488353627357831
offering,7030.5908203125,2.3838691868626967
offering,7041.357421875,-11.849071381903993
offering,7052.1240234375,7.162873535469826
offering,7062.890625,2.17884419680094
offering,7073.6572265625,-3.1433468398278634
offering,7084.423828125,4.0406999230069784
offering,7095.1904296875,-14.401144315890475
offering,7105.95703125,-3.109712335849575
offering,7116.7236328125,-6.607487159697322
offering,7127.490234375,-2.3297282054589594
offering,7138.2568359375,-0.4301850655905814
offering,7149.0234375,0.09089288528049057
offering,7159.7900390625,-0.3766243700860758
offering,7170.556640625,-4.929091481104399
offering,7181.3232421875,-12.183998752014116
offering,7192.08984375,8.005575816562823
offering,7202.8564453125,7.768144364250955
offering,7213.623046875,4.196026954264011
offering,7224.3896484375,0.4622757220339227
offering,7235.15625,5.945406926511033
offering,7245.9228515625,10.364047747202875
offering,7256.689453125,3.1092253393456804
offering,7267.4560546875,5.802088095624337
offering,7278.22265625,4.080075991115432
offering,7288.9892578125,6.899531607368708
offering,7299.755859375,-4.910717049900079
offering,7310.5224609375,-1.1557790979218803
offering,7321.2890625,4.5267883161219755
offering,7332.0556640625,4.0103383009142295
offering,7342.822265625,4.150231357084863
offering,7353.5888671875,1.131311029138744
offering,7364.35546875,1.2942217823824507
offering,7375.1220703125,2.9916469111960615
offering,7385.888671875,-2.6838340053257506
offering,7396.6552734375,-8.499455167188351
offering,7407.421875,4.279663407181104
offering,7418.1884765625,3.975757409942038
offering,7428.955078125,2.877593149186841
offering,7439.7216796875,4.1993855114896315
offering,7450.48828125,-4.0088883020547215
offering,7461.2548828125,0.7783461520983505
offering,7472.021484375,0.004939231225489425
offering,7482.7880859375,3.729447541691054
offering,7493.5546875,-0.034004313213838094
offering,7504.3212890625,-2.120929127901721
offering,7515.087890625,-1.2163102660819054
offering,7525.8544921875,1.494322404899838
offering,7536.62109375,-3.445829042820538
offering,7547.3876953125,0.4480083378240546
offering,7558.154296875,-17.619684899432052
offering,7568.9208984375,3.8917534043583495
offering,7579.6875,3.4861076437576317
offering,7590.4541015625,-0.37321634175978446
offering,7601.220703125,4.737103011578777
offering,7611.9873046875,-2.3677098744044494
offering,7622.75390625,-4.981864299076256
offering,7633.5205078125,-8.048311382456246
offering,7644.287109375,3.6965624585437222
offering,7655.0537109375,3.1179681731334936
offering,7665.8203125,4.214935006974889
offering,7676.5869140625,4.056580216134961
offering,7687.353515625,6.437200650234471
offering,7698.1201171875,-1.005667047382097
offering,7708.88671875,1.0104976430000232
offering,7719.6533203125,-1.1871851856122253
offering,7730.419921875,0.9780578904552313
offering,7741.1865234375,2.4099715182760444
offering,7751.953125,5.559915179181885
offering,7762.7197265625,-19.256246108047947
offering,7773.486328125,4.3532727409931935
offering,7784.2529296875,5.236055571362803
offering,7795.01953125,3.465014696374335
offering,7805.7861328125,5.560964795885384
offering,7816.552734375,8.039848033345345
offering,7827.3193359375,6.539756104010513
offering,7838.0859375,6.485418581786524
offering,7848.8525390625,-3.3837059952219457
offering,7859.619140625,5.15308135909264
offering,7870.3857421875,10.06164161576397
offering,7881.15234375,-3.5971206845335804
offering,7891.9189453125,0.7056529126802951
offering,7902.685546875,9.0534878446874
offering,7913.4521484375,-15.49676974287136
offering,7924.21875,0.23801155577904415
offering,7934.9853515625,-7.118144588112235
offering,7945.751953125,2.6210131985653016
offering,7956.5185546875,5.890410812772561
offering,7967.28515625,1.9903454177435802
offering,7978.0517578125,3.0531479799639487
offering,7988.818359375,-0.9850348671261743
offering,7999.5849609375,-3.3493760644217923
offering,8010.3515625,4.762340959923167
offering,8021.1181640625,1.6615205245726283
offering,8031.884765625,-8.27286051263083
offering,8042.6513671875,-0.9715511246222039
offering,8053.41796875,0.12660166927254057
offering,8064.1845703125,4.252615713432309
offering,8074.951171875,3.172016837043752
offering,8085.7177734375,4.879097160314114
offering,8096.484375,-7.174531597647887
offering,8107.2509765625,-3.026510026245538
offering,8118.017578125,-0.7988277425661006
offering,8128.7841796875,-0.011267028028847813
offering,8139.55078125,-2.154733154149315
offering,8150.3173828125,-3.8499519951491736
offering,8161.083984375,-3.646696123514901
offering,8171.8505859375,1.7265730548375913
offering,8182.6171875,0.5123529363379062
offering,8193.3837890625,-3.3277167568195103
offering,8204.150390625,5.928654902607367
offering,8214.9169921875,5.86883611483564
offering,8225.68359375,7.761303811066477
offering,8236.4501953125,2.6432602277880033
offering,8247.216796875,1.3992280390109446
offering,8257.9833984375,2.669818494069861
offering,8268.75,2.490703177694221
offering,8279.5166015625,3.1884011437389748
offering,8290.283203125,-13.122016200508313
offering,8301.0498046875,-0.9412252012904575
offering,8311.81640625,5.578622038033304
offering,8322.5830078125,7.919101087223846
offering,8333.349609375,-2.8945502761350532
offering,8344.1162109375,-8.473018590722162
offering,8354.8828125,7.6381581858371845
offering,8365.6494140625,10.023698488534968
offering,8376.416015625,6.755696263375049
offering,8387.1826171875,10.606507248991264
offering,8397.94921875,4.530636925241543
offering,8408.7158203125,-8.423406282160196
offering,8419.482421875,5.442077926709454
offering,8430.2490234375,6.580874217118757
offering,8441.015625,6.370143430299777
offering,8451.7822265625,12.144260481198938
offering,8462.548828125,2.574553384975265
offering,8473.3154296875,1.813899443110716
offering,8484.08203125,6.199645482891823
offering,8494.8486328125,9.803532447001805
offering,8505.615234375,6.027252604575456
offering,8516.3818359375,5.779733995191539
offering,8527.1484375,3.8610461312270865
offering,8537.9150390625,9.87234570028079
offering,8548.681640625,5.260932704238802
offering,8559.4482421875,7.781055340704571
offering,8570.21484375,2.605891775157316
offering,8580.9814453125,-4.171380648609241
offering,8591.748046875,2.6125560025132692
offering,8602.5146484375,0.9324091660064224
offering,8613.28125,9.587750503401963
offering,8624.0478515625,7.488548105903888
offering,8634.814453125,2.153577429354327
offering,8645.5810546875,5.725292188797998
offering,8656.34765625,6.768264220696593
offering,8667.1142578125,4.121102275366287
offering,8677.880859375,12.403736416092672
offering,8688.6474609375,0.1793160753322898
offering,8699.4140625,8.704737984289103
offering,8710.1806640625,9.04031330185296
offering,8720.947265625,4.396497504345474
offering,8731.7138671875,-5.119663160751658
offering,8742.48046875,4.940537502318883
offering,8753.2470703125,0.3369491210560502
offering,8764.013671875,1.9245109936499285
offering,8774.7802734375,14.68512320303163
offering,8785.546875,7.692031575615527
offering,8796.3134765625,10.273405986475126
offering,8807.080078125,4.901714030556506
offering,8817.8466796875,1.2610568781058564
offering,8828.61328125,1.2587577255268392
offering,8839.3798828125,-2.9150532640159037
offering,8850.146484375,9.50873306070233
offering,8860.9130859375,3.4307760715954982
offering,8871.6796875,-9.282166892515306
offering,8882.4462890625,2.0989314687774825
offering,8893.212890625,-24.558799399238186
offering,8903.9794921875,1.948638620188694
offering,8914.74609375,1.2494524216484866
offering,8925.5126953125,10.33198346523722
offering,8936.279296875,2.9586527402329126
offering,8947.0458984375,1.307920323354964
offering,8957.8125,1.1220270385738453
offering,8968.5791015625,-2.3273308076937287
offering,8979.345703125,-0.7705027553372072
offering,8990.1123046875,0.8185164275107598
offering,9000.87890625,5.904909724370855
offering,9011.6455078125,9.943565391567121
offering,9022.412109375,-6.332444330435051
offering,9033.1787109375,9.080905092659284
offering,9043.9453125,8.89115945304225
offering,9054.7119140625,11.489679489572612
offering,9065.478515625,7.1518925924317855
offering,9076.2451171875,-0.7138961511930371
offering,9087.01171875,-4.985894689588117
offering,9097.7783203125,6.8691531252744635
offering,9108.544921875,7.044192424546045
offering,9119.3115234375,3.932526225700398
offering,9130.078125,0.15875573389040604
offering,9140.8447265625,3.5977489004992242
offering,9151.611328125,0.47860915464591525
offering,9162.3779296875,8.426636090078514
offering,9173.14453125,-6.541872045751946
offering,9183.9111328125,4.283061648612732
offering,9194.677734375,-4.474234436598128
offering,9205.4443359375,1.2000855236536294
offering,9216.2109375,10.417789815140635
offering,9226.9775390625,5.993107505156491
offering,9237.744140625,1.0245329163776493
offering,9248.5107421875,1.096533579119148
offering,9259.27734375,-1.1643443358874228
offering,9270.0439453125,0.8447046949295495
offering,9280.810546875,5.910685743556105
offering,9291.5771484375,7.852423956819623
offering,9302.34375,11.538308839955576
offering,9313.1103515625,3.4109216351931266
offering,9323.876953125,6.938604240331099
offering,9334.6435546875,9.750085581766411
offering,9345.41015625,5.836137045797073
offering,9356.1767578125,6.48029845765145
offering,9366.943359375,-4.3966276803947215
offering,9377.7099609375,-3.373159174825541
offering,9388.4765625,4.5308611502770155
offering,9399.2431640625,-4.443480764762727
offering,9410.009765625,-3.4683923393400535
offering,9420.7763671875,-2.351732029115515
offering,9431.54296875,2.2037019412852055
offering,9442.3095703125,-1.0323656169790711
offering,9453.076171875,7.555997810694447
offering,9463.8427734375,10.556504878489951
offering,9474.609375,4.595008061217635
offering,9485.3759765625,2.3524884559326678
offering,9496.142578125,7.079650289899443
offering,9506.9091796875,3.586185214609064
offering,9517.67578125,5.841678739244486
offering,9528.4423828125,9.43992346624158
offering,9539.208984375,-6.821663117732843
offering,9549.9755859375,7.217196085739348
offering,9560.7421875,0.4129955287365486
offering,9571.5087890625,2.3697632748701536
offering,9582.275390625,4.427608722137987
offering,9593.0419921875,12.877735057198155
offering,9603.80859375,8.64664659320687
offering,9614.5751953125,5.3425018259093715
offering,9625.341796875,-2.190957738133555
offering,9636.1083984375,3.2334401310774523
offering,9646.875,9.748983125407744
offering,9657.6416015625,4.001669780533587
offering,9668.408203125,6.963422725900124
offering,9679.1748046875,1.156574913050731
offering,9689.94140625,3.5194316863348467
offering,9700.7080078125,6.384837378826487
offering,9711.474609375,7.775976988844485
offering,9722.2412109375,0.25311750834097246
offering,9733.0078125,12.898139881009607
offering,9743.7744140625,12.930912579697422
offering,9754.541015625,4.628894194728514
offering,9765.3076171875,6.045151555064294
offering,9776.07421875,3.038167448585496
offering,9786.8408203125,0.48100352956720593
offering,9797.607421875,6.153814645876924
offering,9808.3740234375,7.831370394254071
offering,9819.140625,5.4545347500950285
offering,9829.9072265625,3.039257876260735
offering,9840.673828125,12.187078978205765
offering,9851.4404296875,7.575540031080571
offering,9862.20703125,9.554582274897918
offering,9872.9736328125,16.447631796253937
offering,9883.740234375,13.33940115331966
offering,9894.5068359375,8.959991714968394
offering,9905.2734375,13.912183759994727
offering,9916.0400390625,1.3473116347183944
offering,9926.806640625,15.89619322805345
offering,9937.5732421875,6.916484474858647
offering,9948.33984375,0.20730085941807924
offering,9959.1064453125,1.8608914025984107
offering,9969.873046875,5.826215016904259
offering,9980.6396484375,8.30515484449844
offering,9991.40625,9.468571199999259
offering,10002.1728515625,11.091000176174148
offering,10012.939453125,11.2552136286942
offering,10023.7060546875,8.132193615276687
offering,10034.47265625,6.054402808477658
offering,10045.2392578125,9.86498908970961
offering,10056.005859375,13.298414841475122
offering,10066.7724609375,3.464869641096459
offering,10077.5390625,10.748174969480907
offering,10088.3056640625,11.47758420339171
offering,10099.072265625,6.469041022754428
offering,10109.8388671875,9.250478971094976
offering,10120.60546875,10.852476253402594
offering,10131.3720703125,3.820735702207092
offering,10142.138671875,13.491786691558785
offering,10152.9052734375,10.273073437252645
offering,10163.671875,10.767056044620148
offering,10174.4384765625,10.512415470100072
offering,10185.205078125,10.184520481418017
offering,10195.9716796875,10.089358496422987
offering,10206.73828125,1.4764396922146261
offering,10217.5048828125,9.073893276598273
offering,10228.271484375,8.93772916396231
offering,10239.0380859375,9.184012336522576
offering,10249.8046875,5.509254315473977
offering,10260.5712890625,13.198715978667725
offering,10271.337890625,-0.9405686648006663
offering,10282.1044921875,-2.07612854695913
offering,10292.87109375,12.608169068482912
offering,10303.6376953125,11.901179062718459
offering,10314.404296875,3.4980611729626148
offering,10325.1708984375,11.570928350907504
offering,10335.9375,10.946773670235071
offering,10346.7041015625,10.436966596110322
offering,10357.470703125,13.74528385986439
offering,10368.2373046875,10.140352865344497
offering,10379.00390625,7.881915062214277
offering,10389.7705078125,10.54282447619773
offering,10400.537109375,10.902453152566306
offering,10411.3037109375,14.658894337952535
offering,10422.0703125,12.580841965473953
offering,10432.8369140625,5.9480303028009285
offering,10443.603515625,13.915810921617693
offering,10454.3701171875,6.3950170919516385
offering,10465.13671875,9.525715136437796
offering,10475.9033203125,4.773196303315044
offering,10486.669921875,6.510998983473934
offering,10497.4365234375,7.148406388973565
offering,10508.203125,9.227454438343788
offering,10518.9697265625,-0.2807597174108752
offering,10529.736328125,6.5887948339308515
offering,10540.5029296875,4.065918073491774
offering,10551.26953125,-0.8449707373500736
offering,10562.0361328125,10.563885523455475
offering,10572.802734375,5.712420875181641
offering,10583.5693359375,2.302310486205706
offering,10594.3359375,5.568320738063753
offering,10605.1025390625,5.184666604592221
offering,10615.869140625,6.6586998452696715
offering,10626.6357421875,-0.07432046559084546
offering,10637.40234375,4.835413644111551
offering,10648.1689453125,0.94072073477314
offering,10658.935546875,2.266208089340345
offering,10669.7021484375,10.322064647260802
offering,10680.46875,4.477107840577303
offering,10691.2353515625,15.490753645168207
offering,10702.001953125,9.36075777949241
offering,10712.7685546875,13.356989186139717
offering,10723.53515625,-19.62183703004652
offering,10734.3017578125,-12.136008237393572
offering,10745.068359375,10.409734970760358
offering,10755.8349609375,6.403344327437038
offering,10766.6015625,6.410322735863243
offering,10777.3681640625,10.062287650122393
offering,10788.134765625,4.7736876051053185
offering,10798.9013671875,9.18091251448207
offering,10809.66796875,10.873160543194674
offering,10820.4345703125,16.72082355330852
offering,10831.201171875,10.993087049617795
offering,10841.9677734375,13.215021693853865
offering,10852.734375,16.045090367635847
offering,10863.5009765625,0.7474581160016953
offering,10874.267578125,6.489802672334887
offering,10885.0341796875,11.351108390511355
offering,10895.80078125,-6.779244955645304
offering,10906.5673828125,6.247974348675161
offering,10917.333984375,3.3059173543322427
offering,10928.1005859375,0.37826790513473396
offering,10938.8671875,3.0034055560255553
offering,10949.6337890625,5.292302745909506
offering,10960.400390625,-4.623937884965886
offering,10971.1669921875,5.392735790879559
offering,10981.93359375,9.387982077348314
offering,10992.7001953125,-4.129773852385315
offering,11003.466796875,6.468060425932277
offering,11014.2333984375,0.6251672998007369
offering,11025,2.8440465588101675
offering,11035.7666015625,8.561383827208314
offering,11046.533203125,9.05461593585568
offering,11057.2998046875,-2.0825955229660704
offering,11068.06640625,4.43628453755906
offering,11078.8330078125,6.019223194807491
offering,11089.599609375,6.097022586450153
offering,11100.3662109375,6.579388313485911
offering,11111.1328125,15.415096743759653
offering,11121.8994140625,8.475666957500698
offering,11132.666015625,10.035137505708168
offering,11143.4326171875,7.615322561966648
offering,11154.19921875,7.174055113080078
offering,11164.9658203125,-13.21505302663631
offering,11175.732421875,0.71665414160071
offering,11186.4990234375,2.629407334595601
offering,11197.265625,0.33928381087262954
offering,11208.0322265625,-2.7169542104609334
offering,11218.798828125,4.821741057833634
offering,11229.5654296875,3.9500165529809976
offering,11240.33203125,5.2265906763798995
offering,11251.0986328125,6.851331334494507
offering,11261.865234375,2.0898730192592017
offering,11272.6318359375,8.86568633552674
offering,11283.3984375,-11.82399827569484
offering,11294.1650390625,8.905553483098625
offering,11304.931640625,9.563494837425312
offering,11315.6982421875,-0.07440653254811343
offering,11326.46484375,8.26154838629616
offering,11337.2314453125,10.8500256096584
offering,11347.998046875,12.331688334761576
offering,11358.7646484375,8.453964295793764
offering,11369.53125,-2.9941577856045516
offering,11380.2978515625,-13.603968810119131
offering,11391.064453125,7.219902193861861
offering,11401.8310546875,12.057265675024205
offering,11412.59765625,7.5125037836872774
offering,11423.3642578125,13.00974833912549
offering,11434.130859375,11.094436739291691
offering,11444.8974609375,12.710613792903668
offering,11455.6640625,9.899705403436103
offering,11466.4306640625,6.8001518360319455
offering,11477.197265625,12.785137548911178
offering,11487.9638671875,-3.059664225705543
offering,11498.73046875,11.450499200902364
offering,11509.4970703125,5.489736140927159
offering,11520.263671875,10.48696333146814
offering,11531.0302734375,6.47320606958578
offering,11541.796875,14.166892521650947
offering,11552.5634765625,6.714442299775918
offering,11563.330078125,11.327619425250244
offering,11574.0966796875,8.622219648107956
offering,11584.86328125,-2.456985363838608
offering,11595.6298828125,-3.2811906746898907
offering,11606.396484375,11.079896548974599
offering,11617.1630859375,0.8267008143269154
offering,11627.9296875,5.779606448038111
offering,11638.6962890625,11.771855792803066
offering,11649.462890625,1.8749396013101531
offering,11660.2294921875,9.21528575830373
offering,11670.99609375,11.655025218786877
offering,11681.7626953125,-3.1531391414825753
offering,11692.529296875,7.617397371843813
offering,11703.2958984375,12.77325586696861
offering,11714.0625,3.627380331846868
offering,11724.8291015625,8.665261548491745
offering,11735.595703125,0.3606053862208999
offering,11746.3623046875,-5.332634083336947
offering,11757.12890625,5.37909126952671
offering,11767.8955078125,3.6795465071412865
offering,11778.662109375,10.242482667983124
offering,11789.4287109375,4.474120088132071
offering,11800.1953125,-7.491501840398504
offering,11810.9619140625,10.975066833069027
offering,11821.728515625,3.5339864712643942
offering,11832.4951171875,10.550454047832655
offering,11843.26171875,11.632450717401646
offering,11854.0283203125,11.375483705155611
offering,11864.794921875,1.6786374447455985
offering,11875.5615234375,2.9952696967331
offering,11886.328125,12.82893634840474
offering,11897.0947265625,9.470027477422034
offering,11907.861328125,8.744963562386415
offering,11918.6279296875,10.911110813373995
offering,11929.39453125,2.053794588600317
offering,11940.1611328125,9.995646101565788
offering,11950.927734375,-0.5430367995248555
offering,11961.6943359375,13.85891747204929
offering,11972.4609375,3.6117074772743134
offering,11983.2275390625,9.174688655293352
offering,11993.994140625,9.772320044386554
offering,12004.7607421875,14.027608486392083
offering,12015.52734375,16.502797148801818
offering,12026.2939453125,-11.315416522646679
offering,12037.060546875,9.167226397550385
offering,12047.8271484375,6.012971242907935
offering,12058.59375,9.734671849850079
offering,12069.3603515625,0.2889146391870233
offering,12080.126953125,9.137206634210413
offering,12090.8935546875,9.126730189938304
offering,12101.66015625,4.470562289524343
offering,12112.4267578125,8.044297206954889
offering,12123.193359375,15.060025081180722
offering,12133.9599609375,6.127497872017401
offering,12144.7265625,5.042871065810414
offering,12155.4931640625,5.981306394881444
offering,12166.259765625,12.192345734385563
offering,12177.0263671875,6.075681006836207
offering,12187.79296875,8.571773890479271
offering,12198.5595703125,9.594038431777347
offering,12209.326171875,6.857022943362664
offering,12220.0927734375,5.435271416000783
offering,12230.859375,6.793129706005098
offering,12241.6259765625,9.876288071108952
offering,12252.392578125,6.182905777300887
offering,12263.1591796875,5.750308885426222
offering,12273.92578125,4.669817746714898
offering,12284.6923828125,5.563464779807302
offering,12295.458984375,1.6937329318405614
offering,12306.2255859375,11.724777884452484
offering,12316.9921875,9.590153079411
offering,12327.7587890625,13.160251790612103
offering,12338.525390625,3.240430352905144
offering,12349.2919921875,15.637296186505862
offering,12360.05859375,14.404201530588828
offering,12370.8251953125,7.525541608310516
offering,12381.591796875,10.318196380129374
offering,12392.3583984375,13.97667121207563
offering,12403.125,12.334384726816157
offering,12413.8916015625,9.767062274834833
offering,12424.658203125,10.292568423329257
offering,12435.4248046875,0.6251474096453684
offering,12446.19140625,10.124146948975172
offering,12456.9580078125,10.72990589012445
offering,12467.724609375,-4.507803782528564
offering,12478.4912109375,-5.830344850751513
offering,12489.2578125,7.862852846361167
offering,12500.0244140625,3.090122344334041
offering,12510.791015625,10.426955456091598
offering,12521.5576171875,11.63004857326046
offering,12532.32421875,12.342178052109947
offering,12543.0908203125,10.854675855758
offering,12553.857421875,10.106969131332562
offering,12564.6240234375,13.192991582664625
offering,12575.390625,6.075639700080745
offering,12586.1572265625,5.360021724655284
offering,12596.923828125,8.432965240391312
offering,12607.6904296875,15.154979548152209
offering,12618.45703125,13.938774907444147
offering,12629.2236328125,-4.570189342512363
offering,12639.990234375,5.108864935394878
offering,12650.7568359375,16.536057126954184
offering,12661.5234375,14.947637392115231
offering,12672.2900390625,11.966171835474553
offering,12683.056640625,13.535242947958992
offering,12693.8232421875,8.572158657803392
offering,12704.58984375,7.295518781851147
offering,12715.3564453125,11.425786666594256
offering,12726.123046875,10.4191591004753
offering,12736.8896484375,12.95995871542688
offering,12747.65625,-0.6653158376768995
offering,12758.4228515625,10.115116307561475
offering,12769.189453125,-1.3477500905544697
offering,12779.9560546875,16.940850739243373
offering,12790.72265625,12.162606841803578
offering,12801.4892578125,5.319874230829771
offering,12812.255859375,2.818768634549676
offering,12823.0224609375,14.939709273166162
offering,12833.7890625,2.936269845518617
offering,12844.5556640625,11.300569546019927
offering,12855.322265625,11.421912040129076
offering,12866.0888671875,12.247958637855527
offering,12876.85546875,7.817439143630591
offering,12887.6220703125,13.952302150542002
offering,12898.388671875,7.323073312926351
offering,12909.1552734375,9.755124164099712
offering,12919.921875,11.865916673448522
offering,12930.6884765625,11.480054712347322
offering,12941.455078125,2.3051158382624366
offering,12952.2216796875,-1.4951830597073905
offering,12962.98828125,7.877913031427899
offering,12973.7548828125,6.872427064376108
offering,12984.521484375,2.7786729913956885
offering,12995.2880859375,2.0232954506557825
offering,13006.0546875,1.341716557643462
offering,13016.8212890625,8.671080834137832
offering,13027.587890625,6.0018299456443955
offering,13038.3544921875,4.924096825967678
offering,13049.12109375,10.138426755024906
offering,13059.8876953125,2.0748529959815767
offering,13070.654296875,14.388956583336904
offering,13081.4208984375,5.743263233450393
offering,13092.1875,11.24238803202336
offering,13102.9541015625,-10.8645758608426
offering,13113.720703125,11.877220074768719
offering,13124.4873046875,13.289920497838331
offering,13135.25390625,-3.9891848022355285
offering,13146.0205078125,10.894815654673945
offering,13156.787109375,12.341621385980769
offering,13167.5537109375,-0.8404465080103563
offering,13178.3203125,12.89461269655095
offering,13189.0869140625,11.395630281845236
offering,13199.853515625,10.883578666087057
offering,13210.6201171875,5.874420608293423
offering,13221.38671875,11.556026707435365
offering,13232.1533203125,-2.8021967723116465
offering,13242.919921875,13.328022619550325
offering,13253.6865234375,11.91124242660985
offering,13264.453125,11.697193335167137
offering,13275.2197265625,5.956052162742862
offering,13285.986328125,4.201435264547119
offering,13296.7529296875,9.770376579648774
offering,13307.51953125,0.41777416070416856
offering,13318.2861328125,5.1613511858943735
offering,13329.052734375,10.91342074621371
offering,13339.8193359375,9.24550996111275
offering,13350.5859375,14.628473260092619
offering,13361.3525390625,9.934703737380723
offering,13372.119140625,1.512714012133364
offering,13382.8857421875,0.0435836839724687
offering,13393.65234375,7.707085720446551
offering,13404.4189453125,9.015625259900958
offering,13415.185546875,7.238394444195265
offering,13425.9521484375,5.984691836442613
offering,13436.71875,5.381066059625179
offering,13447.4853515625,8.867770206068835
offering,13458.251953125,-4.375738569863684
offering,13469.0185546875,3.683255604760543
offering,13479.78515625,9.183117355444852
offering,13490.5517578125,5.861128512436569
offering,13501.318359375,5.044004508917972
offering,13512.0849609375,6.5581783132391624
offering,13522.8515625,7.560123265867041
offering,13533.6181640625,-1.1982351008678347
offering,13544.384765625,11.3708626151355
offering,13555.1513671875,2.2395800294398436
offering,13565.91796875,7.829283097192609
offering,13576.6845703125,10.6771426467877
offering,13587.451171875,10.120791168950301
offering,13598.2177734375,10.135240993523105
offering,13608.984375,12.015402059041307
offering,13619.7509765625,6.221871409824111
offering,13630.517578125,11.647710629146184
offering,13641.2841796875,10.558934768783699
offering,13652.05078125,8.525932082511451
offering,13662.8173828125,11.471010430073171
offering,13673.583984375,8.218693677715086
offering,13684.3505859375,13.902128350491349
offering,13695.1171875,3.7224049853792445
offering,13705.8837890625,12.627299574035964
offering,13716.650390625,13.11033958086195
offering,13727.4169921875,6.984933287948217
offering,13738.18359375,-6.2839435710448255
offering,13748.9501953125,8.024191456405612
offering,13759.716796875,11.375949171377702
offering,13770.4833984375,9.754258745508146
offering,13781.25,0.13965760426343077
offering,13792.0166015625,4.523926638158409
offering,13802.783203125,-5.742020707428074
offering,13813.5498046875,2.959454527214616
offering,13824.31640625,15.465077252128193
offering,13835.0830078125,10.138261467108533
offering,13845.849609375,18.336061110242014
offering,13856.6162109375,-8.399306749630837
offering,13867.3828125,9.978897739365049
offering,13878.1494140625,9.804046561517282
offering,13888.916015625,7.904358167682643
offering,13899.6826171875,7.649453274413918
offering,13910.44921875,1.7922078736415978
offering,13921.2158203125,8.78292773836559
offering,13931.982421875,9.528370464343606
offering,13942.7490234375,5.15724147979595
offering,13953.515625,8.677582052626594
offering,13964.2822265625,16.09967652326265
offering,13975.048828125,11.843510072197658
offering,13985.8154296875,2.46868557130185
offering,13996.58203125,10.401343811192113
offering,14007.3486328125,-19.887337329016596
offering,14018.115234375,9.351970466663449
offering,14028.8818359375,5.690004651452385
offering,14039.6484375,3.8659509008687305
offering,14050.4150390625,12.389288060311614
offering,14061.181640625,8.882041289474088
offering,14071.9482421875,13.652321207343185
offering,14082.71484375,13.042422799676867
offering,14093.4814453125,8.05999946664404
offering,14104.248046875,13.196835444654976
offering,14115.0146484375,3.6729109677915046
offering,14125.78125,10.482412203891027
offering,14136.5478515625,14.733009960255812
offering,14147.314453125,8.033381160033032
offering,14158.0810546875,11.647531402316027
offering,14168.84765625,3.3365379967986755
offering,14179.6142578125,12.500380175204297
offering,14190.380859375,8.387741756312879
offering,14201.1474609375,11.163486188321585
offering,14211.9140625,12.241750915127591
offering,14222.6806640625,2.94082134740915
offering,14233.447265625,7.393102943223928
offering,14244.2138671875,11.035728102787472
offering,14254.98046875,-9.680496660471734
offering,14265.7470703125,6.252899712022888
offering,14276.513671875,9.93979710545487
offering,14287.2802734375,11.757001906253809
offering,14298.046875,2.9285318348032034
offering,14308.8134765625,5.495929683790848
offering,14319.580078125,4.28213459304175
offering,14330.3466796875,-6.675967641800243
offering,14341.11328125,3.117748438469658
offering,14351.8798828125,7.411277276157065
offering,14362.646484375,-5.361922258320579
offering,14373.4130859375,2.9588891375285193
offering,14384.1796875,-3.0649583924449475
offering,14394.9462890625,6.594083366742504
offering,14405.712890625,6.563117453773984
offering,14416.4794921875,-6.261175731126853
offering,14427.24609375,4.927443767015964
offering,14438.0126953125,5.232268747055944
offering,14448.779296875,7.175553742190975
offering,14459.5458984375,-0.7507680247801458
offering,14470.3125,7.604670534464989
offering,14481.0791015625,12.144109092027097
offering,14491.845703125,8.612317359980917
offering,14502.6123046875,8.24057794086767
offering,14513.37890625,1.6746390040602455
offering,14524.1455078125,10.866716924485475
offering,14534.912109375,5.1212212574505
offering,14545.6787109375,8.685459356445422
offering,14556.4453125,6.002034532633159
offering,14567.2119140625,-2.2174906723541374
offering,14577.978515625,-14.107921217640262
offering,14588.7451171875,9.796239832722783
offering,14599.51171875,10.200332449936623
offering,14610.2783203125,10.22021636415759
offering,14621.044921875,11.583748263278471
offering,14631.8115234375,10.463076158115976
offering,14642.578125,8.743252239269912
offering,14653.3447265625,1.8515437407579327
offering,14664.111328125,5.677039870893349
offering,14674.8779296875,12.684429777926097
offering,14685.64453125,11.806987952782178
offering,14696.4111328125,13.120798292928711
offering,14707.177734375,2.766959337129336
offering,14717.9443359375,-5.531737531144353
offering,14728.7109375,-21.371998793353022
offering,14739.4775390625,4.03424512493147
offering,14750.244140625,-8.66086524158077
offering,14761.0107421875,-7.560403497407472
offering,14771.77734375,-4.885973235090718
offering,14782.5439453125,7.037537376807304
offering,14793.310546875,1.0585600644821058
offering,14804.0771484375,6.443697598266031
offering,14814.84375,5.722260665870092
offering,14825.6103515625,8.502402756535192
offering,14836.376953125,7.425325392856173
offering,14847.1435546875,-1.2243215305646113
offering,14857.91015625,-4.189724881429234
offering,14868.6767578125,2.8118184373545043
offering,14879.443359375,8.615033609896425
offering,14890.2099609375,-6.361900803278679
offering,14900.9765625,0.23691544866443023
offering,14911.7431640625,7.695517294553751
offering,14922.509765625,-7.68407471557674
offering,14933.2763671875,-27.91547247374188
offering,14944.04296875,9.434006134466044
offering,14954.8095703125,6.34419262735979
offering,14965.576171875,3.625843144798102
offering,14976.3427734375,9.940316167315379
offering,14987.109375,-1.6671243652783987
offering,14997.8759765625,5.7360687000081025
offering,15008.642578125,8.423312315377668
offering,15019.4091796875,-8.27368466902216
offering,15030.17578125,7.6503435014202985
offering,15040.9423828125,11.776679542320919
offering,15051.708984375,6.919593235756498
offering,15062.4755859375,3.0408550780115657
offering,15073.2421875,5.755856846491004
offering,15084.0087890625,10.340123147082371
offering,15094.775390625,11.869428380050113
offering,15105.5419921875,6.016270928981414
offering,15116.30859375,7.781322878979902
offering,15127.0751953125,11.366150993581805
offering,15137.841796875,6.946515473072283
offering,15148.6083984375,-3.0458147932249338
offering,15159.375,5.149944405829987
offering,15170.1416015625,-9.422459295509368
offering,15180.908203125,2.5686471338903893
offering,15191.6748046875,10.510589497608553
offering,15202.44140625,2.958140713205093
offering,15213.2080078125,9.219611523338315
offering,15223.974609375,5.368987160328147
offering,15234.7412109375,2.361394568592903
offering,15245.5078125,11.952814019786492
offering,15256.2744140625,9.132720712661403
offering,15267.041015625,10.37820375608862
offering,15277.8076171875,5.296874577905876
offering,15288.57421875,15.158234529882787
offering,15299.3408203125,6.737169354223262
offering,15310.107421875,12.652687462643087
offering,15320.8740234375,-3.2017184495972866
offering,15331.640625,8.917252299268977
offering,15342.4072265625,13.278051207624832
offering,15353.173828125,7.446738007271905
offering,15363.9404296875,15.494460805977255
offering,15374.70703125,7.070221055123356
offering,15385.4736328125,14.88135211746626
offering,15396.240234375,6.814225774431474
offering,15407.0068359375,3.6234924631747107
offering,15417.7734375,11.636311470690675
offering,15428.5400390625,13.58210560750842
offering,15439.306640625,3.9782529168390655
offering,15450.0732421875,8.403725208409151
offering,15460.83984375,5.534858229377696
offering,15471.6064453125,12.71204683921181
offering,15482.373046875,6.26030505054886
offering,15493.1396484375,9.66803991527826
offering,15503.90625,13.062649018354755
offering,15514.6728515625,11.15137695336719
offering,15525.439453125,-4.251215532940736
offering,15536.2060546875,6.2285102671332755
offering,15546.97265625,3.705396462146569
offering,15557.7392578125,5.845234347429108
offering,15568.505859375,-9.96148537166609
offering,15579.2724609375,-7.1306786347968725
offering,15590.0390625,5.866099654532063
offering,15600.8056640625,8.657392688732816
offering,15611.572265625,0.33046161688309184
offering,15622.3388671875,10.017501211228447
offering,15633.10546875,7.631044521209544
offering,15643.8720703125,11.773149809945004
offering,15654.638671875,14.114836592958524
offering,15665.4052734375,16.38653927967769
offering,15676.171875,11.01151731958922
offering,15686.9384765625,13.281606377918074
offering,15697.705078125,12.443521158635512
offering,15708.4716796875,9.21239503171641
offering,15719.23828125,10.42596128420839
offering,15730.0048828125,13.099332520408012
offering,15740.771484375,4.068210405142582
offering,15751.5380859375,4.835468961635837
offering,15762.3046875,7.378714513645241
offering,15773.0712890625,4.531871270009685
offering,15783.837890625,-2.01873789922394
offering,15794.6044921875,6.126491431070721
offering,15805.37109375,5.5223002756432535
offering,15816.1376953125,9.200653164381908
offering,15826.904296875,-3.1509194367882003
offering,15837.6708984375,-0.9302059970804343
offering,15848.4375,5.5878357262561025
offering,15859.2041015625,6.51674952593993
offering,15869.970703125,8.708026296621691
offering,15880.7373046875,8.916770808321356
offering,15891.50390625,-0.294061480933676
offering,15902.2705078125,12.603317253309779
offering,15913.037109375,9.369478822863385
offering,15923.8037109375,10.972549980887923
offering,15934.5703125,7.291332082990437
offering,15945.3369140625,16.106340828411515
offering,15956.103515625,-9.975551030328338
offering,15966.8701171875,9.570075988265675
offering,15977.63671875,3.1208283956766687
offering,15988.4033203125,3.46377328593635
offering,15999.169921875,-8.779087283361987
offering,16009.9365234375,5.181453866034861
offering,16020.703125,0.9762484932518567
offering,16031.4697265625,9.439272826340835
offering,16042.236328125,3.8697712660196135
offering,16053.0029296875,5.489448862630813
offering,16063.76953125,4.490350764978753
offering,16074.5361328125,2.670619451008604
offering,16085.302734375,-1.5787216377453883
offering,16096.0693359375,10.896523789689798
offering,16106.8359375,1.7455285063051609
offering,16117.6025390625,-12.010183504379409
offering,16128.369140625,5.997332570496835
offering,16139.1357421875,9.50041921609756
offering,16149.90234375,-0.9813658977314841
offering,16160.6689453125,4.193748497286514
offering,16171.435546875,12.630871648148315
offering,16182.2021484375,9.328982465937836
offering,16192.96875,4.57765649444716
offering,16203.7353515625,-3.1346774331706007
offering,16214.501953125,5.304130222405146
offering,16225.2685546875,1.5969095967425215
offering,16236.03515625,2.3087851093325256
offering,16246.8017578125,6.735511010161509
offering,16257.568359375,-8.133262909184163
offering,16268.3349609375,3.1051605900193606
offering,16279.1015625,-24.38905525623133
offering,16289.8681640625,1.5196107688254084
offering,16300.634765625,9.696644010937675
offering,16311.4013671875,6.879096917917382
offering,16322.16796875,10.12242583183075
offering,16332.9345703125,2.8587208790987577
offering,16343.701171875,2.114977534162838
offering,16354.4677734375,7.4722036992370064
offering,16365.234375,0.5322056146936711
offering,16376.0009765625,12.651467930710389
offering,16386.767578125,6.258183861177148
offering,16397.5341796875,7.967358014589186
offering,16408.30078125,13.475269659134526
offering,16419.0673828125,6.0023331150844115
offering,16429.833984375,7.837620589889421
offering,16440.6005859375,-5.924963585944099
offering,16451.3671875,6.21777891484952
offering,16462.1337890625,-0.5535949160692839
offering,16472.900390625,-7.458277350939002
offering,16483.6669921875,0.49008802893236497
offering,16494.43359375,7.8906228164596435
offering,16505.2001953125,5.738793178466974
offering,16515.966796875,3.5575964337747505
offering,16526.7333984375,-11.155011162057226
offering,16537.5,4.781167164755431
offering,16548.2666015625,0.8246659322660286
offering,16559.033203125,12.239096691274012
offering,16569.7998046875,6.987324004249445
offering,16580.56640625,8.469320870473387
offering,16591.3330078125,9.024504443494822
offering,16602.099609375,9.93428817886638
offering,16612.8662109375,1.6878851599260454
offering,16623.6328125,6.531333055456482
offering,16634.3994140625,2.144096028671282
offering,16645.166015625,4.820534664469025
offering,16655.9326171875,6.759368990797165
offering,16666.69921875,2.8466309885077097
offering,16677.4658203125,-6.5054694209466355
offering,16688.232421875,-2.685251346720821
offering,16698.9990234375,3.559407956771712
offering,16709.765625,-1.3308304898950611
offering,16720.5322265625,7.982032314056048
offering,16731.298828125,8.203846772148633
offering,16742.0654296875,5.230650680223627
offering,16752.83203125,-3.074980311631736
offering,16763.5986328125,2.559852725862244
offering,16774.365234375,10.090602429408992
offering,16785.1318359375,6.402112973364932
offering,16795.8984375,8.096827653370616
offering,16806.6650390625,7.641934532263401
offering,16817.431640625,10.143014508048767
offering,16828.1982421875,-2.2822482832441526
offering,16838.96484375,1.8504955789284976
offering,16849.7314453125,4.892181157256232
offering,16860.498046875,0.6630412132009729
offering,16871.2646484375,6.399633322072064
offering,16882.03125,9.959480245015262
offering,16892.7978515625,4.3002472174170245
offering,16903.564453125,-6.096767751092519
offering,16914.3310546875,-0.09929712986717595
offering,16925.09765625,1.7991102348362835
offering,16935.8642578125,5.971053552099535
offering,16946.630859375,9.332614876530133
offering,16957.3974609375,-0.021891871461927528
offering,16968.1640625,8.678063514825588
offering,16978.9306640625,3.685413211462381
offering,16989.697265625,0.5806838774660049
offering,17000.4638671875,1.5013556421605871
offering,17011.23046875,-3.972999975996438
offering,17021.9970703125,0.3246307038788138
offering,17032.763671875,-2.9868292159652206
offering,17043.5302734375,2.8973960043020694
offering,17054.296875,6.836873664684386
offering,17065.0634765625,2.0176451717248898
offering,17075.830078125,8.15235302346299
offering,17086.5966796875,-8.05400935328054
offering,17097.36328125,8.361663442719031
offering,17108.1298828125,2.981587977035996
offering,17118.896484375,-2.1095193597612614
offering,17129.6630859375,5.344733057666907
offering,17140.4296875,3.5957987649724332
offering,17151.1962890625,-5.481148418963872
offering,17161.962890625,5.724096207920917
offering,17172.7294921875,1.8302280245667646
offering,17183.49609375,-1.067644242458962
offering,17194.2626953125,5.641481024810994
offering,17205.029296875,4.644621220870906
offering,17215.7958984375,6.444436912304851
offering,17226.5625,6.5735172634770365
offering,17237.3291015625,-0.4874764775553396
offering,17248.095703125,2.6386648283743956
offering,17258.8623046875,-4.996270327774911
offering,17269.62890625,4.676928337675293
offering,17280.3955078125,9.179792507496842
offering,17291.162109375,3.75164108582746
offering,17301.9287109375,7.180766935246879
offering,17312.6953125,8.21741416857299
offering,17323.4619140625,6.070939730153056
offering,17334.228515625,7.80069483926208
offering,17344.9951171875,-12.536739266961117
offering,17355.76171875,4.7627457920897225
offering,17366.5283203125,4.6850318868563745
offering,17377.294921875,-0.37373380977395787
offering,17388.0615234375,11.963950810653394
offering,17398.828125,0.18216635684984334
offering,17409.5947265625,1.3428957480420602
offering,17420.361328125,-12.406915479815668
offering,17431.1279296875,3.250325800821621
offering,17441.89453125,6.53549567718906
offering,17452.6611328125,-16.12756203214031
offering,17463.427734375,5.9154394132292865
offering,17474.1943359375,7.073838243160989
offering,17484.9609375,4.937555454027069
offering,17495.7275390625,4.9760985792389
offering,17506.494140625,5.982223045972413
offering,17517.2607421875,3.232010290980009
offering,17528.02734375,-10.926599649942386
offering,17538.7939453125,-2.994861847609625
offering,17549.560546875,1.3950881914403754
offering,17560.3271484375,-0.27868987746131835
offering,17571.09375,3.310453676818214
offering,17581.8603515625,3.6677269171141424
offering,17592.626953125,4.163971467582832
offering,17603.3935546875,4.355969209576813
offering,17614.16015625,-0.24953656910477226
offering,17624.9267578125,4.014477060770977
offering,17635.693359375,3.1835148288257686
offering,17646.4599609375,-21.392493604922418
offering,17657.2265625,2.165489126475343
offering,17667.9931640625,1.583325111682135
offering,17678.759765625,1.360480576906432
offering,17689.5263671875,4.4902386506960035
offering,17700.29296875,-5.03004357893952
offering,17711.0595703125,-5.682457111728228
offering,17721.826171875,1.8505242134948572
offering,17732.5927734375,3.6241007739810844
offering,17743.359375,7.950499332624559
offering,17754.1259765625,6.470573701734274
offering,17764.892578125,3.4509205522207957
offering,17775.6591796875,4.752488379345006
offering,17786.42578125,3.469783946596341
offering,17797.1923828125,0.8372592161371685
offering,17807.958984375,-0.5006260719162445
offering,17818.7255859375,5.244891641145747
offering,17829.4921875,-0.37609631572376356
offering,17840.2587890625,-2.134902617198459
offering,17851.025390625,6.855771839567613
offering,17861.7919921875,6.459085939079187
offering,17872.55859375,-0.8075348227448804
offering,17883.3251953125,6.688496560710336
offering,17894.091796875,2.549932583593883
offering,17904.8583984375,2.7556427903922804
offering,17915.625,-6.386162400597564
offering,17926.3916015625,4.413924829227344
offering,17937.158203125,0.42724406622017047
offering,17947.9248046875,-4.940809410780817
offering,17958.69140625,2.8889530123722738
offering,17969.4580078125,6.740448194031635
offering,17980.224609375,-8.07583455999543
offering,17990.9912109375,4.578153822776997
offering,18001.7578125,0.09956504983637725
offering,18012.5244140625,-1.4458970367344266
offering,18023.291015625,-2.8294310582518962
offering,18034.0576171875,9.791825376186349
offering,18044.82421875,3.0410746292192044
offering,18055.5908203125,2.4948039070940125
offering,18066.357421875,3.523940732912077
offering,18077.1240234375,7.9132085119197635
offering,18087.890625,-4.88306527884567
offering,18098.6572265625,-14.582775951795682
offering,18109.423828125,0.45172175293496014
offering,18120.1904296875,2.2531594483503095
offering,18130.95703125,2.4160482370677485
offering,18141.7236328125,3.293344078529259
offering,18152.490234375,-3.801702685040361
offering,18163.2568359375,2.9767816597285
offering,18174.0234375,-5.216087895673825
offering,18184.7900390625,-2.789628375356364
offering,18195.556640625,2.4525942194172554
offering,18206.3232421875,3.3377702903291433
offering,18217.08984375,-11.602097469509882
offering,18227.8564453125,-9.983217690562421
offering,18238.623046875,-9.424351273798425
offering,18249.3896484375,6.519126159079844
offering,18260.15625,-2.873932083259006
offering,18270.9228515625,-0.20553414618892538
offering,18281.689453125,-14.057278649763754
offering,18292.4560546875,-1.708323202113636
offering,18303.22265625,2.5542473096147287
offering,18313.9892578125,3.5543958143521164
offering,18324.755859375,-4.29309433968253
offering,18335.5224609375,6.473771179061628
offering,18346.2890625,2.912066494340517
offering,18357.0556640625,1.2919704341248157
offering,18367.822265625,1.488382579853579
offering,18378.5888671875,5.944574677210089
offering,18389.35546875,5.708574712634765
offering,18400.1220703125,1.299113510575582
offering,18410.888671875,1.6805700211812802
offering,18421.6552734375,-1.7921640688850848
offering,18432.421875,2.6668497452646522
offering,18443.1884765625,4.103903082624792
offering,18453.955078125,-9.938807562921346
offering,18464.7216796875,-0.37930547791877955
offering,18475.48828125,-4.7371654274317505
offering,18486.2548828125,1.202428450581397
offering,18497.021484375,-1.4219735366904305
offering,18507.7880859375,-1.2175985731019576
offering,18518.5546875,-7.834326350918311
offering,18529.3212890625,-1.0130699788006288
offering,18540.087890625,-2.0934810029762803
offering,18550.8544921875,-0.07595185789259941
offering,18561.62109375,-25.408201337225943
offering,18572.3876953125,-5.831089115177672
offering,18583.154296875,1.8005076482747906
offering,18593.9208984375,-7.402485326999754
offering,18604.6875,-3.86836184249666
offering,18615.4541015625,-11.961751831788378
offering,18626.220703125,-6.753293478153988
offering,18636.9873046875,-8.412570812992943
offering,18647.75390625,-2.9590013589189947
offering,18658.5205078125,-13.26755505211655
offering,18669.287109375,0.5584345983648
offering,18680.0537109375,4.704577636787998
offering,18690.8203125,-0.32559032966343826
offering,18701.5869140625,3.6333049395158588
offering,18712.353515625,-5.765285451880905
offering,18723.1201171875,-6.385734474070142
offering,18733.88671875,3.558025441062515
offering,18744.6533203125,-1.3220809908400022
offering,18755.419921875,-0.35242329966031816
offering,18766.1865234375,3.1249812646301955
offering,18776.953125,3.8485618664837635
offering,18787.7197265625,0.5240333257388077
offering,18798.486328125,-2.8876538267026755
offering,18809.2529296875,-10.89464371427802
offering,18820.01953125,-2.207996486129677
offering,18830.7861328125,4.194712879651304
offering,18841.552734375,-2.5769122598048417
offering,18852.3193359375,1.356965338656722
offering,18863.0859375,1.3199391414637498
offering,18873.8525390625,-20.284149124878304
offering,18884.619140625,0.5763427866423064
offering,18895.3857421875,3.838481002013341
offering,18906.15234375,0.22842407093144682
offering,18916.9189453125,5.238109485463376
offering,18927.685546875,-0.9132316587005336
offering,18938.4521484375,-3.5603875963353464
offering,18949.21875,-0.45549264187637173
offering,18959.9853515625,-1.870318323365245
offering,18970.751953125,-6.305273744556963
offering,18981.5185546875,-3.813999518661318
offering,18992.28515625,-5.3393338594544595
offering,19003.0517578125,0.43639586488049786
offering,19013.818359375,-0.11527803908552875
offering,19024.5849609375,-14.429971007090774
offering,19035.3515625,1.890605453807134
offering,19046.1181640625,-1.3667980390194745
offering,19056.884765625,1.533366634636215
offering,19067.6513671875,1.795169595838019
offering,19078.41796875,3.6808731509117
offering,19089.1845703125,1.6034288421577112
offering,19099.951171875,3.2717800292376946
offering,19110.7177734375,-14.02541773435553
offering,19121.484375,-1.413702892583477
offering,19132.2509765625,2.9119450733166503
offering,19143.017578125,-7.235030641488969
offering,19153.7841796875,1.6905836456282375
offering,19164.55078125,-1.2051397785760272
offering,19175.3173828125,-7.686641745987309
offering,19186.083984375,-2.2841845638129583
offering,19196.8505859375,-7.0263713940080414
offering,19207.6171875,1.2542767549177156
offering,19218.3837890625,-2.775599979704022
offering,19229.150390625,-2.6775960572930653
offering,19239.9169921875,4.3732628982921815
offering,19250.68359375,7.956624528710492
offering,19261.4501953125,3.922110640567598
offering,19272.216796875,-5.474837883530114
offering,19282.9833984375,0.5573408732349507
offering,19293.75,-3.551500481971472
offering,19304.5166015625,-1.6342609475713759
offering,19315.283203125,-7.626175232254386
offering,19326.0498046875,-2.7494396877932994
offering,19336.81640625,-1.8680237854609576
offering,19347.5830078125,6.279377046497774
offering,19358.349609375,1.2970806569270792
offering,19369.1162109375,-0.11565837464341461
offering,19379.8828125,-7.910544652654008
offering,19390.6494140625,3.44799465073569
offering,19401.416015625,-3.002143255538855
offering,19412.1826171875,0.020895290083372757
offering,19422.94921875,3.783165849148384
offering,19433.7158203125,3.96710856021698
offering,19444.482421875,-3.1474474961613352
offering,19455.2490234375,-0.8004859706249973
offering,19466.015625,3.9682505158922914
offering,19476.7822265625,-7.208238576265177
offering,19487.548828125,6.162299433127664
offering,19498.3154296875,5.737684100451068
offering,19509.08203125,4.779085427515083
offering,19519.8486328125,-3.47862983338741
offering,19530.615234375,-5.224727628841367
offering,19541.3818359375,-2.0943576352821394
offering,19552.1484375,-7.459263303231042
offering,19562.9150390625,3.7018386883088397
offering,19573.681640625,-6.869478378563267
offering,19584.4482421875,0.963397110152937
offering,19595.21484375,3.167789527747634
offering,19605.9814453125,2.695585472933051
offering,19616.748046875,1.9625482780316035
offering,19627.5146484375,6.1338277239089525
offering,19638.28125,-10.934295562794148
offering,19649.0478515625,3.027722905052098
offering,19659.814453125,7.303067824917644
offering,19670.5810546875,-0.04779948625848094
offering,19681.34765625,2.770918076084698
offering,19692.1142578125,-0.023353723541675843
offering,19702.880859375,6.817794547903826
offering,19713.6474609375,1.1697053167628237
offering,19724.4140625,-12.577392229179464
offering,19735.1806640625,-17.509813240068542
offering,19745.947265625,6.6695702993590995
offering,19756.7138671875,8.387793140007526
offering,19767.48046875,-6.870110204423334
offering,19778.2470703125,-2.4425982194562663
offering,19789.013671875,-3.7230640262063326
offering,19799.7802734375,4.085125797969427
offering,19810.546875,2.7340490680613216
offering,19821.3134765625,2.9702511600888597
offering,19832.080078125,6.188235260969876
offering,19842.8466796875,4.227926411558517
offering,19853.61328125,-2.8571902075091637
offering,19864.3798828125,1.0142133007689267
offering,19875.146484375,1.43854084609697
offering,19885.9130859375,3.856182903785623
offering,19896.6796875,-14.39761548914037
offering,19907.4462890625,-5.865277576466692
offering,19918.212890625,-7.004460977373287
offering,19928.9794921875,1.0505699921084526
offering,19939.74609375,-5.198717485715658
offering,19950.5126953125,-7.6013391414057345
offering,19961.279296875,5.103733113496745
offering,19972.0458984375,1.7512247257180364
offering,19982.8125,-4.355350702704765
offering,19993.5791015625,-1.6576491746381739
offering,20004.345703125,2.848951614896518
offering,20015.1123046875,2.6757743224092363
offering,20025.87890625,-7.250295065992914
offering,20036.6455078125,3.7672467740301334
offering,20047.412109375,-3.252398235613108
offering,20058.1787109375,-0.7101735968540784
offering,20068.9453125,-7.916319279313695
offering,20079.7119140625,0.5624446981202113
offering,20090.478515625,-3.1538557138775323
offering,20101.2451171875,0.5817377780004219
offering,20112.01171875,2.5726436851182037
offering,20122.7783203125,2.619887220518179
offering,20133.544921875,-1.5455035253307776
offering,20144.3115234375,-0.6183729204503944
offering,20155.078125,-9.673334661600956
offering,20165.8447265625,8.03760168044477
offering,20176.611328125,1.3503270718968148
offering,20187.3779296875,-6.423988746464184
offering,20198.14453125,-25.850097002732184
offering,20208.9111328125,7.845370558694031
offering,20219.677734375,1.980791292056219
offering,20230.4443359375,-0.026762974507410296
offering,20241.2109375,2.8022324775802443
offering,20251.9775390625,-0.7861066716373479
offering,20262.744140625,0.4330188266056709
offering,20273.5107421875,-10.310510369477502
offering,20284.27734375,6.602803363779401
offering,20295.0439453125,2.8741070019685737
offering,20305.810546875,7.738707444226756
offering,20316.5771484375,-0.05688258148265141
offering,20327.34375,-8.233387927055034
offering,20338.1103515625,-0.6824363213919042
offering,20348.876953125,-10.123420145713366
offering,20359.6435546875,1.359659140950791
offering,20370.41015625,-8.196799904473039
offering,20381.1767578125,2.2271107120568674
offering,20391.943359375,-6.560543379939841
offering,20402.7099609375,4.363252030099874
offering,20413.4765625,0.3671425887317131
offering,20424.2431640625,3.318169864326281
offering,20435.009765625,-4.342501915379335
offering,20445.7763671875,1.85332358383179
offering,20456.54296875,0.819564899505878
offering,20467.3095703125,0.9178558058205865
offering,20478.076171875,-16.153643967763962
offering,20488.8427734375,-3.16791403740192
offering,20499.609375,-2.102986842544587
offering,20510.3759765625,-1.4877828315006145
offering,20521.142578125,-1.5603242700436326
offering,20531.9091796875,1.5254402368611288
offering,20542.67578125,-5.233856195040904
offering,20553.4423828125,-6.7009510093807805
offering,20564.208984375,-8.380474157002036
offering,20574.9755859375,7.189498346498336
offering,20585.7421875,4.141690916372759
offering,20596.5087890625,-1.4451720047480476
offering,20607.275390625,3.9751801863072354
offering,20618.0419921875,-3.920154325943763
offering,20628.80859375,0.509195229715846
offering,20639.5751953125,8.022054803168327
offering,20650.341796875,2.517847801234168
offering,20661.1083984375,2.716128662227498
offering,20671.875,0.05938688030329714
offering,20682.6416015625,6.654484276101956
offering,20693.408203125,0.6032463901529268
offering,20704.1748046875,2.441758929551749
offering,20714.94140625,6.318983557080732
offering,20725.7080078125,9.492517542740572
offering,20736.474609375,2.058500872278062
offering,20747.2412109375,10.347867759817506
offering,20758.0078125,-10.453314772126017
offering,20768.7744140625,0.6543140385341697
offering,20779.541015625,1.968610651140397
offering,20790.3076171875,2.421669505058519
offering,20801.07421875,-0.21595375932514632
offering,20811.8408203125,-17.900341645731626
offering,20822.607421875,-8.377716321508743
offering,20833.3740234375,-0.786687529959028
offering,20844.140625,-7.189921413687085
offering,20854.9072265625,2.2297829473317603
offering,20865.673828125,-8.508460583230109
offering,20876.4404296875,1.6619836077513728
offering,20887.20703125,-7.571726344589814
offering,20897.9736328125,0.5397667586136011
offering,20908.740234375,7.092906017187871
offering,20919.5068359375,0.20718861147859008
offering,20930.2734375,3.800073862331787
offering,20941.0400390625,-4.367855594585055
offering,20951.806640625,-1.1060251934800538
offering,20962.5732421875,-9.327089273203658
offering,20973.33984375,-1.5910175490682146
offering,20984.1064453125,-9.628945475145127
offering,20994.873046875,-1.1913042281604518
offering,21005.6396484375,-3.8122215298256346
offering,21016.40625,-2.8931562270586593
offering,21027.1728515625,-7.260739445941541
offering,21037.939453125,3.598566827695659
offering,21048.7060546875,-18.443940787792112
offering,21059.47265625,0.8028930278637894
offering,21070.2392578125,2.251541917341677
offering,21081.005859375,-2.799128497918491
offering,21091.7724609375,3.925677916468762
offering,21102.5390625,-2.6546812594628673
offering,21113.3056640625,-2.5948809053576087
offering,21124.072265625,4.298562416981246
offering,21134.8388671875,3.612275581141004
offering,21145.60546875,5.817518160094702
offering,21156.3720703125,1.5766370142072312
offering,21167.138671875,-1.7004061114104239
offering,21177.9052734375,-3.482239010070195
offering,21188.671875,-0.7619191891153715
offering,21199.4384765625,-7.172530552566343
offering,21210.205078125,3.7680039051383263
offering,21220.9716796875,-0.2869110509135376
offering,21231.73828125,2.369628313648748
offering,21242.5048828125,-10.206869409184527
offering,21253.271484375,3.5809826454710283
offering,21264.0380859375,4.179301041314407
offering,21274.8046875,3.414184397118313
offering,21285.5712890625,-8.012286921509533
offering,21296.337890625,-12.453463541163199
offering,21307.1044921875,-0.821727868449883
offering,21317.87109375,1.4400004235508692
offering,21328.6376953125,2.063404242934375
offering,21339.404296875,-5.6416774581476234
offering,21350.1708984375,6.75646104976965
offering,21360.9375,5.296044815538244
offering,21371.7041015625,3.3282523201384566
offering,21382.470703125,-6.6751744796316395
offering,21393.2373046875,5.6814498986162985
offering,21404.00390625,-13.899349779303364
offering,21414.7705078125,0.238694634994017
offering,21425.537109375,-4.369256136253913
offering,21436.3037109375,5.457748426919564
offering,21447.0703125,-6.026863609389624
offering,21457.8369140625,-17.465292354919185
offering,21468.603515625,4.202537153892869
offering,21479.3701171875,4.053276210529727
offering,21490.13671875,1.6822931547614248
offering,21500.9033203125,-4.632776058826308
offering,21511.669921875,-0.9636556826974119
offering,21522.4365234375,4.5462111101195255
offering,21533.203125,0.4940407887570709
offering,21543.9697265625,-4.476105632514248
offering,21554.736328125,0.4878876383993039
offering,21565.5029296875,1.525438703374441
offering,21576.26953125,2.760671527619593
offering,21587.0361328125,-2.1189856007901997
offering,21597.802734375,7.178617300666144
offering,21608.5693359375,1.5184027422140336
offering,21619.3359375,-2.852963344402588
offering,21630.1025390625,-10.651543437995468
offering,21640.869140625,-5.933560163928763
offering,21651.6357421875,-1.7145867277552385
offering,21662.40234375,3.05522226150299
offering,21673.1689453125,4.897211480858698
offering,21683.935546875,-11.934808240406982
offering,21694.7021484375,-7.679991786548337
offering,21705.46875,-1.54367046980332
offering,21716.2353515625,-24.347986102419537
offering,21727.001953125,5.1957107565192135
offering,21737.7685546875,8.568661622620938
offering,21748.53515625,-1.027400550427182
offering,21759.3017578125,2.6357878496629787
offering,21770.068359375,7.21459310060249
offering,21780.8349609375,-6.279182693008095
offering,21791.6015625,-1.8600914145952843
offering,21802.3681640625,0.9739938087666056
offering,21813.134765625,5.153363243293009
offering,21823.9013671875,7.226770567901956
offering,21834.66796875,3.398871624308601
offering,21845.4345703125,6.236404892846126
offering,21856.201171875,2.060115458134399
offering,21866.9677734375,-1.954933288681
offering,21877.734375,3.6198979990781526
offering,21888.5009765625,2.0492438724171596
offering,21899.267578125,-9.588609566084491
offering,21910.0341796875,0.561981952451834
offering,21920.80078125,2.2207747065126577
offering,21931.5673828125,-4.682680663059523
offering,21942.333984375,5.1363075600710895
offering,21953.1005859375,1.7673048353067167
offering,21963.8671875,-2.3900287218034757
offering,21974.6337890625,-1.7060124486217387
offering,21985.400390625,-1.079409611125253
offering,21996.1669921875,-2.870906074086382
offering,22006.93359375,-5.1005616854211775
offering,22017.7001953125,-6.697573869025387
offering,22028.466796875,-1.1126907683091383
offering,22039.2333984375,5.527153789491211
offering,22050,-7.11011084177906
get_up,0,5.84204819524135
get_up,10.7666015625,13.600513162007754
get_up,21.533203125,15.027796059364238
get_up,32.2998046875,6.045984528212268
get_up,43.06640625,9.491116964235145
get_up,53.8330078125,9.452457676574957
get_up,64.599609375,3.6275861838547523
get_up,75.3662109375,-9.59288561460738
get_up,86.1328125,-2.0718300094549216
get_up,96.8994140625,7.720827436253489
get_up,107.666015625,9.004248635375976
get_up,118.4326171875,5.205765050419867
get_up,129.19921875,11.770603998957693
get_up,139.9658203125,10.48428092038556
get_up,150.732421875,5.237295789576315
get_up,161.4990234375,3.9714134822358425
get_up,172.265625,-7.134128872955835
get_up,183.0322265625,1.5730149366265633
get_up,193.798828125,-1.0358942081105231
get_up,204.5654296875,6.689137122802212
get_up,215.33203125,5.37424042496262
get_up,226.0986328125,-3.0997940650364155
get_up,236.865234375,0.1480784458737028
get_up,247.6318359375,4.54996842117691
get_up,258.3984375,-10.534762745395552
get_up,269.1650390625,-3.147541852235509
get_up,279.931640625,0.014377877345544215
get_up,290.6982421875,-4.821584083250274
get_up,301.46484375,-5.218330541216622
get_up,312.2314453125,-2.9622875816221024
get_up,322.998046875,3.3720781175638104
get_up,333.7646484375,-0.7880398525074167
get_up,344.53125,4.763825699986612
get_up,355.2978515625,6.932871395828616
get_up,366.064453125,10.542133747551205
get_up,376.8310546875,9.133263304389253
get_up,387.59765625,2.293416362187816
get_up,398.3642578125,-6.5672393996038405
get_up,409.130859375,6.672561410134875
get_up,419.8974609375,4.705416523836094
get_up,430.6640625,5.81505806982496
get_up,441.4306640625,3.419874781874487
get_up,452.197265625,-2.3554238437058497
get_up,462.9638671875,-3.0720010912211
get_up,473.73046875,-7.0947643168834515
get_up,484.4970703125,2.4097390232566114
get_up,495.263671875,1.7429265588769762
get_up,506.0302734375,4.032358447193292
get_up,516.796875,8.282142112072114
get_up,527.5634765625,5.2858544059981485
get_up,538.330078125,-5.263773802060653
get_up,549.0966796875,-6.074054363506689
get_up,559.86328125,-15.518007006302486
get_up,570.6298828125,5.537018069139124
get_up,581.396484375,4.471546212725493
get_up,592.1630859375,-10.881655037917795
get_up,602.9296875,1.6073886857655475
get_up,613.6962890625,2.446874257640062
get_up,624.462890625,3.481198855494746
get_up,635.2294921875,7.8752754202897925
get_up,645.99609375,-0.0729466159258132
get_up,656.7626953125,3.8615754516078162
get_up,667.529296875,5.747928457143042
get_up,678.2958984375,-12.30777966675703
get_up,689.0625,5.377583122759284
get_up,699.8291015625,-7.131253523579027
get_up,710.595703125,-10.726120134825255
get_up,721.3623046875,-0.5070471889221595
get_up,732.12890625,-1.8573740110984913
get_up,742.8955078125,-3.3378037118907495
get_up,753.662109375,-19.640502220603718
get_up,764.4287109375,-2.154907057454527
get_up,775.1953125,-3.197488438360183
get_up,785.9619140625,-13.217628310768987
get_up,796.728515625,2.588512340906432
get_up,807.4951171875,-7.9350744570178975
get_up,818.26171875,-11.849532145410267
get_up,829.0283203125,4.23414884430722
get_up,839.794921875,5.688401120740933
get_up,850.5615234375,-0.2878626222041162
get_up,861.328125,-2.232195167338111
get_up,872.0947265625,6.96858631306743
get_up,882.861328125,4.401744653295847
get_up,893.6279296875,-5.418081770070522
get_up,904.39453125,3.1283278356120907
get_up,915.1611328125,1.1060513369922398
get_up,925.927734375,2.5340001844159037
get_up,936.6943359375,0.7746503286738098
get_up,947.4609375,5.474911245479845
get_up,958.2275390625,8.582010094201443
get_up,968.994140625,9.715622969119435
get_up,979.7607421875,6.607655236732088
get_up,990.52734375,-0.682187828372724
get_up,1001.2939453125,3.012775033296667
get_up,1012.060546875,5.566666787835894
get_up,1022.8271484375,6.915784852026264
get_up,1033.59375,-0.75666264201512
get_up,1044.3603515625,-0.9650762991166163
get_up,1055.126953125,-0.6778968640044725
get_up,1065.8935546875,7.116378107822002
get_up,1076.66015625,-12.638768228745016
get_up,1087.4267578125,4.261539916897669
get_up,1098.193359375,3.672385802459481
get_up,1108.9599609375,4.083615074356272
get_up,1119.7265625,6.231264158689182
get_up,1130.4931640625,7.394354993963303
get_up,1141.259765625,0.04416274575346821
get_up,1152.0263671875,-3.9607565139443865
get_up,1162.79296875,6.3195573694970015
get_up,1173.5595703125,-13.526736251583767
get_up,1184.326171875,4.48568547708379
get_up,1195.0927734375,6.7382141469668975
get_up,1205.859375,-7.874109927922229
get_up,1216.6259765625,-1.440760382023737
get_up,1227.392578125,2.597500790062659
get_up,1238.1591796875,7.18453410670562
get_up,1248.92578125,-0.19695295385995878
get_up,1259.6923828125,2.64335460472499
get_up,1270.458984375,-5.630885980554853
get_up,1281.2255859375,-0.07316584624181276
get_up,1291.9921875,-0.3880804620840038
get_up,1302.7587890625,1.8852010706781528
get_up,1313.525390625,1.029997258643627
get_up,1324.2919921875,1.6679956129196494
get_up,1335.05859375,5.648562787054202
get_up,1345.8251953125,3.7613800679290907
get_up,1356.591796875,1.312597187315159
get_up,1367.3583984375,6.350170563054441
get_up,1378.125,-1.4946051949964714
get_up,1388.8916015625,2.6513105885030197
get_up,1399.658203125,9.290970403775185
get_up,1410.4248046875,8.48489806361713
get_up,1421.19140625,-19.043331786319722
get_up,1431.9580078125,0.015487668267460591
get_up,1442.724609375,1.3673539152666072
get_up,1453.4912109375,3.336844945915378
get_up,1464.2578125,9.200086516057244
get_up,1475.0244140625,4.821960295703528
get_up,1485.791015625,2.826993258770254
get_up,1496.5576171875,4.289178299433302
get_up,1507.32421875,3.9521031844693177
get_up,1518.0908203125,6.918515229048049
get_up,1528.857421875,7.8487249608981235
get_up,1539.6240234375,7.306117455184902
get_up,1550.390625,11.438043424581146
get_up,1561.1572265625,6.872306426709428
get_up,1571.923828125,0.6863687080154581
get_up,1582.6904296875,5.65477424097928
get_up,1593.45703125,0.8315669706405947
get_up,1604.2236328125,8.858445271622832
get_up,1614.990234375,9.545010938805005
get_up,1625.7568359375,4.954710939883912
get_up,1636.5234375,8.768866193566458
get_up,1647.2900390625,4.774227771294057
get_up,1658.056640625,-7.842982503397941
get_up,1668.8232421875,7.339937104318568
get_up,1679.58984375,-5.777455745773066
get_up,1690.3564453125,6.951930674277
get_up,1701.123046875,9.853491338324368
get_up,1711.8896484375,2.2971166698331564
get_up,1722.65625,7.574958392787795
get_up,1733.4228515625,7.312791744992362
get_up,1744.189453125,-1.1569283689402468
get_up,1754.9560546875,-2.826198204700192
get_up,1765.72265625,2.1340836876493583
get_up,1776.4892578125,1.789021239817226
get_up,1787.255859375,3.572336658398359
get_up,1798.0224609375,3.8848968465797
get_up,1808.7890625,6.200832283410808
get_up,1819.5556640625,2.7039529591537548
get_up,1830.322265625,6.954791960586798
get_up,1841.0888671875,3.647722260055314
get_up,1851.85546875,10.16139710503217
get_up,1862.6220703125,10.608870004993001
get_up,1873.388671875,7.863344509023776
get_up,1884.1552734375,4.057146798304407
get_up,1894.921875,-3.2313415690073493
get_up,1905.6884765625,3.429883513995848
get_up,1916.455078125,6.56194228317132
get_up,1927.2216796875,1.6904094577883668
get_up,1937.98828125,2.063851418214254
get_up,1948.7548828125,5.2930690476689835
get_up,1959.521484375,3.536149161352678
get_up,1970.2880859375,-5.632305542020985
get_up,1981.0546875,5.144270969281473
get_up,1991.8212890625,-4.166676267336314
get_up,2002.587890625,6.799591748135436
get_up,2013.3544921875,3.732685382263576
get_up,2024.12109375,3.7215263807302956
get_up,2034.8876953125,4.403107078443948
get_up,2045.654296875,8.23852843681285
get_up,2056.4208984375,-7.052621643656693
get_up,2067.1875,6.973663507507975
get_up,2077.9541015625,8.183657390783004
get_up,2088.720703125,11.20792487722342
get_up,2099.4873046875,2.4477751062055866
get_up,2110.25390625,-0.6828928626611739
get_up,2121.0205078125,-12.438579458486254
get_up,2131.787109375,-0.937313162173137
get_up,2142.5537109375,8.855566618343977
get_up,2153.3203125,7.171055250172557
get_up,2164.0869140625,2.3797030316492194
get_up,2174.853515625,-1.309458119687554
get_up,2185.6201171875,0.3724691581061365
get_up,2196.38671875,3.1878225764447947
get_up,2207.1533203125,6.772303779603148
get_up,2217.919921875,4.208179290872824
get_up,2228.6865234375,0.5651421464824564
get_up,2239.453125,-0.705351771956432
get_up,2250.2197265625,-1.082870784841531
get_up,2260.986328125,3.930978788266561
get_up,2271.7529296875,9.750691515212196
get_up,2282.51953125,7.325399246096347
get_up,2293.2861328125,-3.8679705732384466
get_up,2304.052734375,2.3814619162440787
get_up,2314.8193359375,2.9766664212223453
get_up,2325.5859375,-0.878535314086406
get_up,2336.3525390625,4.859006199354914
get_up,2347.119140625,3.4065439694208957
get_up,2357.8857421875,8.091492450631954
get_up,2368.65234375,-11.302240314828406
get_up,2379.4189453125,-7.759686606090118
get_up,2390.185546875,-11.156265008670648
get_up,2400.9521484375,8.00473396592399
get_up,2411.71875,-5.555099512914543
get_up,2422.4853515625,-0.2596854571814558
get_up,2433.251953125,-2.6430171464979484
get_up,2444.0185546875,5.814357042332948
get_up,2454.78515625,-2.455163125485665
get_up,2465.5517578125,-0.8688673939252969
get_up,2476.318359375,3.7915899290355353
get_up,2487.0849609375,3.5634388520729434
get_up,2497.8515625,2.9898141346361125
get_up,2508.6181640625,-5.426955134100181
get_up,2519.384765625,2.881888498838615
get_up,2530.1513671875,4.614081721305033
get_up,2540.91796875,-4.685731956592681
get_up,2551.6845703125,-0.5951362472871092
get_up,2562.451171875,0.2470125105784618
get_up,2573.2177734375,7.060023341389314
get_up,2583.984375,2.03936682954915
get_up,2594.7509765625,-7.650571108868419
get_up,2605.517578125,-3.9701376457838267
get_up,2616.2841796875,-5.492908417391446
get_up,2627.05078125,8.42243495352964
get_up,2637.8173828125,9.877666970214625
get_up,2648.583984375,9.534114212643502
get_up,2659.3505859375,10.707120172771113
get_up,2670.1171875,10.279187415575127
get_up,2680.8837890625,12.62454866754554
get_up,2691.650390625,7.395081264431889
get_up,2702.4169921875,6.29449287703547
get_up,2713.18359375,9.07736543332702
get_up,2723.9501953125,4.332314844287078
get_up,2734.716796875,2.4419329207257197
get_up,2745.4833984375,-1.1116962574116827
get_up,2756.25,2.640708549282885
get_up,2767.0166015625,-0.32886076522790797
get_up,2777.783203125,-1.108013181145929
get_up,2788.5498046875,9.092429734341268
get_up,2799.31640625,5.7478413670046695
get_up,2810.0830078125,2.919101965827947
get_up,2820.849609375,3.9502883413588457
get_up,2831.6162109375,-2.1390701241956784
get_up,2842.3828125,2.9863834650007703
get_up,2853.1494140625,5.935632356516093
get_up,2863.916015625,2.1059967387241003
get_up,2874.6826171875,6.059758992912107
get_up,2885.44921875,-4.898754503013903
get_up,2896.2158203125,7.287320716757706
get_up,2906.982421875,1.0271563665202834
get_up,2917.7490234375,5.11123686846807
get_up,2928.515625,5.941696737649017
get_up,2939.2822265625,5.971016543254503
get_up,2950.048828125,1.9022903462748664
get_up,2960.8154296875,6.803983922869002
get_up,2971.58203125,5.921920892426341
get_up,2982.3486328125,-8.501882070390275
get_up,2993.115234375,7.887756728099252
get_up,3003.8818359375,0.11673334031680874
get_up,3014.6484375,7.412069505136363
get_up,3025.4150390625,1.5411757022263903
get_up,3036.181640625,-2.6774207002877177
get_up,3046.9482421875,-0.7554093510043849
get_up,3057.71484375,4.992293235316814
get_up,3068.4814453125,-0.09457853789960217
get_up,3079.248046875,9.499581369067386
get_up,3090.0146484375,-9.723031162972811
get_up,3100.78125,3.5787671758829114
get_up,3111.5478515625,-1.5850612955969077
get_up,3122.314453125,-0.4825632785575165
get_up,3133.0810546875,3.7739912517142478
get_up,3143.84765625,9.608293475297412
get_up,3154.6142578125,-2.95650744411095
get_up,3165.380859375,-5.337469162719204
get_up,3176.1474609375,6.986818810613739
get_up,3186.9140625,7.288458096654871
get_up,3197.6806640625,-5.989997488448992
get_up,3208.447265625,-2.3978510150510246
get_up,3219.2138671875,5.071512774517309
get_up,3229.98046875,5.032691909672831
get_up,3240.7470703125,-1.5267226274273604
get_up,3251.513671875,2.7772131528924864
get_up,3262.2802734375,3.6608831656484337
get_up,3273.046875,-3.7339338318951345
get_up,3283.8134765625,-0.5794455834427465
get_up,3294.580078125,1.1142470538041105
get_up,3305.3466796875,-8.453389843114223
get_up,3316.11328125,-12.480086091137
get_up,3326.8798828125,1.0713186177271263
get_up,3337.646484375,-1.7597231758653682
get_up,3348.4130859375,2.5138604901656696
get_up,3359.1796875,-0.16620778409396272
get_up,3369.9462890625,11.590495923355748
get_up,3380.712890625,3.628437124554211
get_up,3391.4794921875,7.7266654691750585
get_up,3402.24609375,7.408322494560261
get_up,3413.0126953125,-1.0226877014889577
get_up,3423.779296875,-14.134302874674095
get_up,3434.5458984375,8.171314824752903
get_up,3445.3125,3.1040941508772635
get_up,3456.0791015625,-7.6553674789502955
get_up,3466.845703125,-1.5703605412371733
get_up,3477.6123046875,2.2321939802041166
get_up,3488.37890625,4.794434857774451
get_up,3499.1455078125,5.464622582153003
get_up,3509.912109375,8.006343869637284
get_up,3520.6787109375,6.8224685920366905
get_up,3531.4453125,0.6070582750871377
get_up,3542.2119140625,0.060349282355584705
get_up,3552.978515625,7.6889694137743145
get_up,3563.7451171875,3.535779484269449
get_up,3574.51171875,12.284584968401388
get_up,3585.2783203125,3.477488131192098
get_up,3596.044921875,5.224649094962347
get_up,3606.8115234375,10.208832633241618
get_up,3617.578125,2.8144684694183066
get_up,3628.3447265625,13.07093480316819
get_up,3639.111328125,8.464553923712785
get_up,3649.8779296875,9.079404853514285
get_up,3660.64453125,12.961559851279283
get_up,3671.4111328125,16.66417354598956
get_up,3682.177734375,13.005451121489708
get_up,3692.9443359375,11.177356319232352
get_up,3703.7109375,6.678526789887877
get_up,3714.4775390625,10.260854865048774
get_up,3725.244140625,11.161756362699897
get_up,3736.0107421875,9.304459076843267
get_up,3746.77734375,9.464797381678755
get_up,3757.5439453125,8.514851036584558
get_up,3768.310546875,9.086522633889675
get_up,3779.0771484375,6.344892537527085
get_up,3789.84375,8.823978382914209
get_up,3800.6103515625,7.117312817659816
get_up,3811.376953125,7.96093759059895
get_up,3822.1435546875,-0.7539272160497232
get_up,3832.91015625,0.009043344145948913
get_up,3843.6767578125,2.105674446624825
get_up,3854.443359375,5.486953610442466
get_up,3865.2099609375,0.02975174707919215
get_up,3875.9765625,2.8503492227600464
get_up,3886.7431640625,-0.18822701524038077
get_up,3897.509765625,-4.23834996171324
get_up,3908.2763671875,2.2311635901752394
get_up,3919.04296875,1.3302803867413715
get_up,3929.8095703125,-9.160650216975814
get_up,3940.576171875,-2.8893357629706373
get_up,3951.3427734375,8.124382816308021
get_up,3962.109375,1.5571911443621116
get_up,3972.8759765625,3.910606551673686
get_up,3983.642578125,-1.330198555342844
get_up,3994.4091796875,1.1456282811840826
get_up,4005.17578125,6.7593974646026345
get_up,4015.9423828125,8.104134136129101
get_up,4026.708984375,9.0700966317693
get_up,4037.4755859375,3.8589899947752935
get_up,4048.2421875,8.70518708651607
get_up,4059.0087890625,4.490795823825059
get_up,4069.775390625,5.97900697915529
get_up,4080.5419921875,9.534839131540707
get_up,4091.30859375,6.3322160771532685
get_up,4102.0751953125,1.9637618150732425
get_up,4112.841796875,9.220267506842873
get_up,4123.6083984375,11.121862972285804
get_up,4134.375,12.053518526020941
get_up,4145.1416015625,10.03318222182385
get_up,4155.908203125,9.219109503571998
get_up,4166.6748046875,13.29977553548953
get_up,4177.44140625,12.162262721985888
get_up,4188.2080078125,14.595663285158514
get_up,4198.974609375,-5.139568608848961
get_up,4209.7412109375,8.426286574028145
get_up,4220.5078125,11.267306466962296
get_up,4231.2744140625,9.357389950431118
get_up,4242.041015625,13.962530716758794
get_up,4252.8076171875,-2.416251592128848
get_up,4263.57421875,2.8270931371531463
get_up,4274.3408203125,2.5067701315190876
get_up,4285.107421875,4.984279158104315
get_up,4295.8740234375,-2.1986481360075514
get_up,4306.640625,-0.7333200085482054
get_up,4317.4072265625,14.5016743973134
get_up,4328.173828125,1.7378872927683762
get_up,4338.9404296875,16.510939638768818
get_up,4349.70703125,15.22490533412327
get_up,4360.4736328125,13.713082354980376
get_up,4371.240234375,9.807986634616315
get_up,4382.0068359375,13.088291955069026
get_up,4392.7734375,12.468654489664141
get_up,4403.5400390625,-2.8241821660780735
get_up,4414.306640625,9.02488034236491
get_up,4425.0732421875,17.01950826339441
get_up,4435.83984375,12.842442939470267
get_up,4446.6064453125,-5.521662873487784
get_up,4457.373046875,15.511366128452536
get_up,4468.1396484375,14.061262737898332
get_up,4478.90625,7.642134651140674
get_up,4489.6728515625,16.44479009529839
get_up,4500.439453125,14.40696929064477
get_up,4511.2060546875,16.94154683597821
get_up,4521.97265625,16.379355199131634
get_up,4532.7392578125,15.249191616066701
get_up,4543.505859375,13.92263009607876
get_up,4554.2724609375,7.564093860005855
get_up,4565.0390625,18.98104295716489
get_up,4575.8056640625,23.331395260419583
get_up,4586.572265625,13.760521891341643
get_up,4597.3388671875,15.962810636394169
get_up,4608.10546875,8.47210845774141
get_up,4618.8720703125,16.523309756564306
get_up,4629.638671875,14.83746767428534
get_up,4640.4052734375,17.545385818209574
get_up,4651.171875,-2.476350922531447
get_up,4661.9384765625,1.7339770203732838
get_up,4672.705078125,15.034380614942652
get_up,4683.4716796875,18.31056523173984
get_up,4694.23828125,17.887394598196824
get_up,4705.0048828125,19.281331802040754
get_up,4715.771484375,11.655541706034771
get_up,4726.5380859375,9.978381198667725
get_up,4737.3046875,15.940962640775862
get_up,4748.0712890625,22.60550064725756
get_up,4758.837890625,22.302852599391546
get_up,4769.6044921875,14.97268686624264
get_up,4780.37109375,20.053606253231003
get_up,4791.1376953125,12.449479467660478
get_up,4801.904296875,16.585843803030052
get_up,4812.6708984375,23.191041120675422
get_up,4823.4375,9.453773090564162
get_up,4834.2041015625,11.546039646376059
get_up,4844.970703125,13.829846970162137
get_up,4855.7373046875,10.514388448242222
get_up,4866.50390625,16.09784097223918
get_up,4877.2705078125,15.416575191957765
get_up,4888.037109375,17.836816332377982
get_up,4898.8037109375,8.187102079569478
get_up,4909.5703125,23.90180706658259
get_up,4920.3369140625,19.557765545787763
get_up,4931.103515625,7.320006578195369
get_up,4941.8701171875,17.04751371122097
get_up,4952.63671875,15.384088735176123
get_up,4963.4033203125,21.293422801910573
get_up,4974.169921875,17.9097534502069
get_up,4984.9365234375,20.785113715622035
get_up,4995.703125,26.047477717127478
get_up,5006.4697265625,18.281981091593718
get_up,5017.236328125,9.517170033923927
get_up,5028.0029296875,1.4729951058188173
get_up,5038.76953125,17.940822843122255
get_up,5049.5361328125,20.873685559540075
get_up,5060.302734375,17.641172955767765
get_up,5071.0693359375,16.509102679967818
get_up,5081.8359375,22.556294515823847
get_up,5092.6025390625,12.082524061478534
get_up,5103.369140625,19.913265761625677
get_up,5114.1357421875,9.22875018340626
get_up,5124.90234375,6.504271951103885
get_up,5135.6689453125,14.186954406957632
get_up,5146.435546875,7.237634343377283
get_up,5157.2021484375,14.94579816085894
get_up,5167.96875,18.860507922988052
get_up,5178.7353515625,19.25654094631255
get_up,5189.501953125,4.339091283390512
get_up,5200.2685546875,12.863294864022803
get_up,5211.03515625,1.820583674588572
get_up,5221.8017578125,-9.893810842055622
get_up,5232.568359375,7.58935879907921
get_up,5243.3349609375,15.08954252150762
get_up,5254.1015625,7.668967802301017
get_up,5264.8681640625,21.36179883925454
get_up,5275.634765625,14.981379709304345
get_up,5286.4013671875,11.057220648864712
get_up,5297.16796875,15.794507838280094
get_up,5307.9345703125,8.364650058682706
get_up,5318.701171875,15.639501388469037
get_up,5329.4677734375,12.655297895870488
get_up,5340.234375,19.66225268452459
get_up,5351.0009765625,19.433924806295785
get_up,5361.767578125,17.74250779293422
get_up,5372.5341796875,12.858642029932138
get_up,5383.30078125,3.460260651624462
get_up,5394.0673828125,12.8027857741659
get_up,5404.833984375,10.407644481509863
get_up,5415.6005859375,21.330294662885663
get_up,5426.3671875,2.49692387984617
get_up,5437.1337890625,14.012425532665567
get_up,5447.900390625,7.604529765046274
get_up,5458.6669921875,11.408779531834965
get_up,5469.43359375,18.591600660806552
get_up,5480.2001953125,22.530166912647083
get_up,5490.966796875,21.97811234528681
get_up,5501.7333984375,16.824378236758932
get_up,5512.5,3.8767110635713165
get_up,5523.2666015625,13.163268448661572
get_up,5534.033203125,17.80240244419924
get_up,5544.7998046875,22.903091655915663
get_up,5555.56640625,18.332721159962745
get_up,5566.3330078125,11.870891785222176
get_up,5577.099609375,18.59916100733996
get_up,5587.8662109375,14.258625766194504
get_up,5598.6328125,12.049626272660838
get_up,5609.3994140625,12.534626208989474
get_up,5620.166015625,18.689410162010244
get_up,5630.9326171875,15.680590651118226
get_up,5641.69921875,11.478763970934438
get_up,5652.4658203125,9.259213856358086
get_up,5663.232421875,-1.6347465893475401
get_up,5673.9990234375,16.92993888040942
get_up,5684.765625,5.5955836140230355
get_up,5695.5322265625,18.29538842238539
get_up,5706.298828125,13.894772410013964
get_up,5717.0654296875,17.777868873248742
get_up,5727.83203125,17.91262841108793
get_up,5738.5986328125,8.886665044335802
get_up,5749.365234375,21.993866228796183
get_up,5760.1318359375,16.151390084325882
get_up,5770.8984375,13.598305430493738
get_up,5781.6650390625,13.93520494373655
get_up,5792.431640625,20.03351836709144
get_up,5803.1982421875,14.849251856366942
get_up,5813.96484375,12.625838506266767
get_up,5824.7314453125,3.41962799866523
get_up,5835.498046875,16.669307102012112
get_up,5846.2646484375,6.436516407515414
get_up,5857.03125,10.59896025451194
get_up,5867.7978515625,8.5899516531955
get_up,5878.564453125,14.307445196423823
get_up,5889.3310546875,2.0210181064467556
get_up,5900.09765625,13.185868394376342
get_up,5910.8642578125,8.281233051569327
get_up,5921.630859375,15.928161441540304
get_up,5932.3974609375,12.97082355744244
get_up,5943.1640625,14.369948196350993
get_up,5953.9306640625,0.9786026592099759
get_up,5964.697265625,15.782920420481013
get_up,5975.4638671875,11.019473265429953
get_up,5986.23046875,15.30837495928903
get_up,5996.9970703125,5.813888474488187
get_up,6007.763671875,13.343942400275246
get_up,6018.5302734375,17.978149598208788
get_up,6029.296875,18.147682172536403
get_up,6040.0634765625,19.2319996664929
get_up,6050.830078125,20.68542733744083
get_up,6061.5966796875,12.49878340688398
get_up,6072.36328125,17.60247747234849
get_up,6083.1298828125,16.792778309013798
get_up,6093.896484375,14.68420546639168
get_up,6104.6630859375,9.527511946414345
get_up,6115.4296875,14.760767645449421
get_up,6126.1962890625,16.406139641451006
get_up,6136.962890625,18.954154260896708
get_up,6147.7294921875,18.759488183066203
get_up,6158.49609375,18.43026690478387
get_up,6169.2626953125,19.096259643598216
get_up,6180.029296875,8.32880307863476
get_up,6190.7958984375,19.49524374849275
get_up,6201.5625,19.5811180294945
get_up,6212.3291015625,19.089037672012598
get_up,6223.095703125,19.69462238318743
get_up,6233.8623046875,18.01613277615217
get_up,6244.62890625,15.403882083641387
get_up,6255.3955078125,19.393347062748376
get_up,6266.162109375,16.66519771102711
get_up,6276.9287109375,23.91752621891623
get_up,6287.6953125,18.91667382761558
get_up,6298.4619140625,9.900025651145722
get_up,6309.228515625,16.331148094005915
get_up,6319.9951171875,17.123415086627183
get_up,6330.76171875,16.36530928158481
get_up,6341.5283203125,5.993499914058587
get_up,6352.294921875,17.449247610406893
get_up,6363.0615234375,5.733063923460452
get_up,6373.828125,21.15498187502476
get_up,6384.5947265625,17.079559838752115
get_up,6395.361328125,16.828629967078182
get_up,6406.1279296875,9.76765762673903
get_up,6416.89453125,19.637678802347015
get_up,6427.6611328125,2.6061324931553442
get_up,6438.427734375,22.645272065718697
get_up,6449.1943359375,17.318652928539425
get_up,6459.9609375,21.998286340349775
get_up,6470.7275390625,20.811652614438056
get_up,6481.494140625,11.586549088793872
get_up,6492.2607421875,11.473385566841674
get_up,6503.02734375,11.765300183852718
get_up,6513.7939453125,16.517712951116025
get_up,6524.560546875,5.7569415899101894
get_up,6535.3271484375,7.138781544646898
get_up,6546.09375,10.629296749588256
get_up,6556.8603515625,10.281728280794823
get_up,6567.626953125,8.825012447648145
get_up,6578.3935546875,15.115465088499851
get_up,6589.16015625,9.657090361157946
get_up,6599.9267578125,16.28562708231964
get_up,6610.693359375,16.882488711078768
get_up,6621.4599609375,22.22274394631206
get_up,6632.2265625,2.5221331676253596
get_up,6642.9931640625,6.188905243590765
get_up,6653.759765625,8.06991134262831
get_up,6664.5263671875,13.168349370526332
get_up,6675.29296875,11.105756077616984
get_up,6686.0595703125,12.528697051361913
get_up,6696.826171875,15.671749928163056
get_up,6707.5927734375,17.44483646494384
get_up,6718.359375,18.333004612601382
get_up,6729.1259765625,19.44182739719938
get_up,6739.892578125,9.524047318172066
get_up,6750.6591796875,19.09438053331789
get_up,6761.42578125,15.757296084428125
get_up,6772.1923828125,13.810070137319052
get_up,6782.958984375,13.86002827974677
get_up,6793.7255859375,8.273982700912079
get_up,6804.4921875,14.166587081013693
get_up,6815.2587890625,16.91854148608344
get_up,6826.025390625,22.798423681947938
get_up,6836.7919921875,21.787583572684483
get_up,6847.55859375,22.358723473192477
get_up,6858.3251953125,12.108855787279762
get_up,6869.091796875,20.856368024489036
get_up,6879.8583984375,18.152106887730326
get_up,6890.625,19.646779365533785
get_up,6901.3916015625,10.305165839156395
get_up,6912.158203125,22.81504510672775
get_up,6922.9248046875,7.39742659850428
get_up,6933.69140625,15.744455765084243
get_up,6944.4580078125,17.992588647110665
get_up,6955.224609375,16.09170100699516
get_up,6965.9912109375,3.6644690299645517
get_up,6976.7578125,19.57286858742507
get_up,6987.5244140625,15.8346531854282
get_up,6998.291015625,15.886856950011218
get_up,7009.0576171875,21.75531843607239
get_up,7019.82421875,17.81693122292755
get_up,7030.5908203125,15.831937451639707
get_up,7041.357421875,14.882679678381148
get_up,7052.1240234375,17.576335792304484
get_up,7062.890625,13.98159294088561
get_up,7073.6572265625,9.895539612444216
get_up,7084.423828125,12.479203737174917
get_up,7095.1904296875,11.40630907355912
get_up,7105.95703125,10.348669023514285
get_up,7116.7236328125,17.123527558079484
get_up,7127.490234375,-3.582798303305551
get_up,7138.2568359375,17.953285926228872
get_up,7149.0234375,16.63756610274738
get_up,7159.7900390625,19.519311192788006
get_up,7170.556640625,15.224270948494258
get_up,7181.3232421875,13.725400320715798
get_up,7192.08984375,20.70109893264553
get_up,7202.8564453125,5.458589369526323
get_up,7213.623046875,23.255876602137757
get_up,7224.3896484375,25.657207951195073
get_up,7235.15625,22.06271913108614
get_up,7245.9228515625,22.83943433341384
get_up,7256.689453125,24.29715251720839
get_up,7267.4560546875,8.744387939087673
get_up,7278.22265625,18.757076644721895
get_up,7288.9892578125,17.047153492028208
get_up,7299.755859375,16.49556144222833
get_up,7310.5224609375,9.665790955798625
get_up,7321.2890625,16.171241157138457
get_up,7332.0556640625,18.22964551182658
get_up,7342.822265625,11.944849467608343
get_up,7353.5888671875,24.14176074470727
get_up,7364.35546875,17.37195272620386
get_up,7375.1220703125,18.198387003680963
get_up,7385.888671875,17.11125482125578
get_up,7396.6552734375,14.062570685906117
get_up,7407.421875,17.80765957557081
get_up,7418.1884765625,27.044279143672284
get_up,7428.955078125,13.451201389201143
get_up,7439.7216796875,18.057669834264267
get_up,7450.48828125,10.584180832124739
get_up,7461.2548828125,12.897484376280692
get_up,7472.021484375,7.475800788856413
get_up,7482.7880859375,24.29940977080598
get_up,7493.5546875,14.603179041503502
get_up,7504.3212890625,4.323408985561758
get_up,7515.087890625,14.180787259374606
get_up,7525.8544921875,23.262403878754697
get_up,7536.62109375,10.037095015103203
get_up,7547.3876953125,18.803988101305325
get_up,7558.154296875,16.58126081123503
get_up,7568.9208984375,18.389069106417864
get_up,7579.6875,18.61686705074575
get_up,7590.4541015625,7.880885318852676
get_up,7601.220703125,20.012867846254863
get_up,7611.9873046875,18.21930710626917
get_up,7622.75390625,6.246718460900116
get_up,7633.5205078125,18.091320884248276
get_up,7644.287109375,14.431233251597703
get_up,7655.0537109375,7.915165773053347
get_up,7665.8203125,13.315837984397739
get_up,7676.5869140625,21.042961651052366
get_up,7687.353515625,14.749804356331724
get_up,7698.1201171875,16.63218508873748
get_up,7708.88671875,18.684525873376547
get_up,7719.6533203125,12.269216000203516
get_up,7730.419921875,13.48300822563871
get_up,7741.1865234375,5.50743400949349
get_up,7751.953125,11.028473953021107
get_up,7762.7197265625,20.769736087802126
get_up,7773.486328125,22.274249063651673
get_up,7784.2529296875,19.08224978024436
get_up,7795.01953125,23.57904270430323
get_up,7805.7861328125,25.140882291677826
get_up,7816.552734375,17.341923528080912
get_up,7827.3193359375,24.88988859019052
get_up,7838.0859375,24.55363544161678
get_up,7848.8525390625,16.53293107679726
get_up,7859.619140625,18.669932440259092
get_up,7870.3857421875,24.854048866041268
get_up,7881.15234375,17.02692141231744
get_up,7891.9189453125,21.491585205792667
get_up,7902.685546875,1.07438484162301
get_up,7913.4521484375,13.271068754297888
get_up,7924.21875,21.48787410628252
get_up,7934.9853515625,16.222585548643945
get_up,7945.751953125,26.620050559053844
get_up,7956.5185546875,24.793119039114337
get_up,7967.28515625,20.007735158276493
get_up,7978.0517578125,25.88444524729674
get_up,7988.818359375,5.967054091625061
get_up,7999.5849609375,21.14216470075791
get_up,8010.3515625,18.642868288228726
get_up,8021.1181640625,21.012249145767846
get_up,8031.884765625,19.57430314700533
get_up,8042.6513671875,20.1358156600848
get_up,8053.41796875,21.507283812241443
get_up,8064.1845703125,22.28500692189585
get_up,8074.951171875,24.13887378385569
get_up,8085.7177734375,24.455792859543234
get_up,8096.484375,18.737288167534956
get_up,8107.2509765625,21.557290008070098
get_up,8118.017578125,14.182544641013596
get_up,8128.7841796875,13.112326860421648
get_up,8139.55078125,14.421347320758864
get_up,8150.3173828125,-3.6054020643172557
get_up,8161.083984375,15.433442806137363
get_up,8171.8505859375,17.48958486225427
get_up,8182.6171875,20.254144027276624
get_up,8193.3837890625,18.460296909756902
get_up,8204.150390625,17.527847945347354
get_up,8214.9169921875,16.910776397645147
get_up,8225.68359375,22.58525693921065
get_up,8236.4501953125,19.776901916734687
get_up,8247.216796875,16.764780374158423
get_up,8257.9833984375,15.31853439098396
get_up,8268.75,21.398349404904558
get_up,8279.5166015625,16.39051639832749
get_up,8290.283203125,21.8067895810616
get_up,8301.0498046875,9.248786454351784
get_up,8311.81640625,15.123979450951266
get_up,8322.5830078125,12.37250849469852
get_up,8333.349609375,25.043287944955267
get_up,8344.1162109375,16.554013793005474
get_up,8354.8828125,23.391271010882978
get_up,8365.6494140625,25.649393946311257
get_up,8376.416015625,27.68481677587075
get_up,8387.1826171875,18.210542332169158
get_up,8397.94921875,23.109739055363974
get_up,8408.7158203125,25.217278610085696
get_up,8419.482421875,20.09035518337236
get_up,8430.2490234375,22.43589331453713
get_up,8441.015625,23.529265169359523
get_up,8451.7822265625,24.30585387693268
get_up,8462.548828125,22.44687448764374
get_up,8473.3154296875,12.1021217406166
get_up,8484.08203125,16.367271594814678
get_up,8494.8486328125,17.87781763414054
get_up,8505.615234375,17.015167842308742
get_up,8516.3818359375,21.37903854897107
get_up,8527.1484375,7.4771153140387
get_up,8537.9150390625,17.799584306211436
get_up,8548.681640625,11.436364125507854
get_up,8559.4482421875,19.745950687317436
get_up,8570.21484375,14.93213924179509
get_up,8580.9814453125,26.754276261623147
get_up,8591.748046875,27.63502535745507
get_up,8602.5146484375,21.82674062378091
get_up,8613.28125,27.792004195788532
get_up,8624.0478515625,25.087851279083363
get_up,8634.814453125,27.212474766785085
get_up,8645.5810546875,14.661456134099852
get_up,8656.34765625,24.834205731017004
get_up,8667.1142578125,6.090224338131831
get_up,8677.880859375,20.920782939527097
get_up,8688.6474609375,25.427730285227213
get_up,8699.4140625,26.552136609092077
get_up,8710.1806640625,23.78456287032662
get_up,8720.947265625,22.281796224737462
get_up,8731.7138671875,28.76336034409551
get_up,8742.48046875,29.513100250779225
get_up,8753.2470703125,23.605625334290306
get_up,8764.013671875,14.446895491010928
get_up,8774.7802734375,23.753974853718205
get_up,8785.546875,26.780291163314722
get_up,8796.3134765625,20.487709344117842
get_up,8807.080078125,20.73546361577316
get_up,8817.8466796875,24.34197369378362
get_up,8828.61328125,23.225299383323495
get_up,8839.3798828125,25.695012678152644
get_up,8850.146484375,23.213419957627714
get_up,8860.9130859375,26.710147187572968
get_up,8871.6796875,25.83546748050154
get_up,8882.4462890625,27.041629824606087
get_up,8893.212890625,19.34675557549676
get_up,8903.9794921875,10.581228858129998
get_up,8914.74609375,24.103213561894755
get_up,8925.5126953125,24.348943454061708
get_up,8936.279296875,23.690504531685264
get_up,8947.0458984375,22.1927156909874
get_up,8957.8125,24.354254228340544
get_up,8968.5791015625,11.376656361782366
get_up,8979.345703125,9.80997066877654
get_up,8990.1123046875,25.09027749398004
get_up,9000.87890625,21.182298540897516
get_up,9011.6455078125,16.07318611251629
get_up,9022.412109375,25.95331082814323
get_up,9033.1787109375,22.437433072103975
get_up,9043.9453125,25.239723216145823
get_up,9054.7119140625,12.540863591739818
get_up,9065.478515625,26.49755206483877
get_up,9076.2451171875,19.235578460813546
get_up,9087.01171875,23.29056954342663
get_up,9097.7783203125,25.62820026857862
get_up,9108.544921875,30.49878609505853
get_up,9119.3115234375,32.657531884012435
get_up,9130.078125,23.27783177360167
get_up,9140.8447265625,24.786535985465985
get_up,9151.611328125,16.792623333723945
get_up,9162.3779296875,26.63079659223194
get_up,9173.14453125,25.274974991559354
get_up,9183.9111328125,15.018572812043702
get_up,9194.677734375,5.644179920673062
get_up,9205.4443359375,16.584328319897367
get_up,9216.2109375,24.332295301746136
get_up,9226.9775390625,11.065842083268098
get_up,9237.744140625,21.000682654650863
get_up,9248.5107421875,19.57763539364595
get_up,9259.27734375,20.875813892809134
get_up,9270.0439453125,20.22967828495101
get_up,9280.810546875,24.062517494983734
get_up,9291.5771484375,18.356023867599514
get_up,9302.34375,17.696779955625026
get_up,9313.1103515625,25.398826617815693
get_up,9323.876953125,11.347627652603007
get_up,9334.6435546875,16.304748040788535
get_up,9345.41015625,22.558886188076727
get_up,9356.1767578125,2.5899235646529912
get_up,9366.943359375,19.044708741631418
get_up,9377.7099609375,21.169790234699608
get_up,9388.4765625,22.065302688034848
get_up,9399.2431640625,13.952217788281551
get_up,9410.009765625,13.58915311516835
get_up,9420.7763671875,14.04808146012444
get_up,9431.54296875,23.585070740740615
get_up,9442.3095703125,20.43147118377499
get_up,9453.076171875,28.07113621970554
get_up,9463.8427734375,18.000691614876786
get_up,9474.609375,24.66676133639343
get_up,9485.3759765625,24.695955320628812
get_up,9496.142578125,18.346061603422495
get_up,9506.9091796875,24.931105481772313
get_up,9517.67578125,18.65189573572686
get_up,9528.4423828125,20.931075680313356
get_up,9539.208984375,16.535008592602114
get_up,9549.9755859375,11.130410993520758
get_up,9560.7421875,23.661271552295506
get_up,9571.5087890625,23.947932384127142
get_up,9582.275390625,22.78913090255475
get_up,9593.0419921875,24.55590148537385
get_up,9603.80859375,18.05000008662226
get_up,9614.5751953125,24.744771045212307
get_up,9625.341796875,24.43562022789075
get_up,9636.1083984375,16.73213666113693
get_up,9646.875,17.095072207438413
get_up,9657.6416015625,14.50789949613487
get_up,9668.408203125,13.345608586900399
get_up,9679.1748046875,21.12307505294579
get_up,9689.94140625,23.099063630941924
get_up,9700.7080078125,19.719718799001683
get_up,9711.474609375,22.40247048478768
get_up,9722.2412109375,23.53650646569725
get_up,9733.0078125,19.815070744836824
get_up,9743.7744140625,18.701814868822645
get_up,9754.541015625,18.64651783526528
get_up,9765.3076171875,26.487540635391703
get_up,9776.07421875,27.089348234348122
get_up,9786.8408203125,23.230534442819245
get_up,9797.607421875,21.809972450318984
get_up,9808.3740234375,20.791147889222906
get_up,9819.140625,19.559579086156084
get_up,9829.9072265625,6.126904993714286
get_up,9840.673828125,3.987248931351077
get_up,9851.4404296875,19.98378785198648
get_up,9862.20703125,22.446294086167864
get_up,9872.9736328125,23.19694475935753
get_up,9883.740234375,28.785381489407847
get_up,9894.5068359375,20.905823342084435
get_up,9905.2734375,26.37060711049675
get_up,9916.0400390625,20.418427873737404
get_up,9926.806640625,18.19396247776609
get_up,9937.5732421875,20.07609445334821
get_up,9948.33984375,12.633058276472195
get_up,9959.1064453125,19.532217642321065
get_up,9969.873046875,13.653134842476609
get_up,9980.6396484375,9.359972716412745
get_up,9991.40625,19.092859573333577
get_up,10002.1728515625,19.490676614323895
get_up,10012.939453125,6.342617101833179
get_up,10023.7060546875,22.37232420485945
get_up,10034.47265625,11.55927568166055
get_up,10045.2392578125,14.26015255929693
get_up,10056.005859375,12.123199709578882
get_up,10066.7724609375,21.97790324193525
get_up,10077.5390625,26.60984101048864
get_up,10088.3056640625,20.218462636612916
get_up,10099.072265625,22.84953183795333
get_up,10109.8388671875,14.990617772868884
get_up,10120.60546875,23.31810621354363
get_up,10131.3720703125,23.177621780481772
get_up,10142.138671875,22.29172312149721
get_up,10152.9052734375,25.06539305179745
get_up,10163.671875,12.706625737600433
get_up,10174.4384765625,20.939287886055272
get_up,10185.205078125,0.2819070927228892
get_up,10195.9716796875,21.05170821700198
get_up,10206.73828125,24.555015070437364
get_up,10217.5048828125,15.898730345068001
get_up,10228.271484375,26.8369724525894
get_up,10239.0380859375,22.273972274856533
get_up,10249.8046875,13.72478254378003
get_up,10260.5712890625,15.221150114480775
get_up,10271.337890625,10.173195034622761
get_up,10282.1044921875,18.95131458427855
get_up,10292.87109375,18.229845356139936
get_up,10303.6376953125,14.99085875105304
get_up,10314.404296875,14.892197374755005
get_up,10325.1708984375,22.878091841934555
get_up,10335.9375,17.00172570378892
get_up,10346.7041015625,16.804860602528105
get_up,10357.470703125,15.570180143135682
get_up,10368.2373046875,20.665689627435498
get_up,10379.00390625,28.86640623704041
get_up,10389.7705078125,10.409051302130612
get_up,10400.537109375,5.947948091555202
get_up,10411.3037109375,19.961640509421965
get_up,10422.0703125,20.282034295777784
get_up,10432.8369140625,15.540424237552477
get_up,10443.603515625,23.241056409276013
get_up,10454.3701171875,22.479267287032087
get_up,10465.13671875,18.631870306821977
get_up,10475.9033203125,21.6608165513945
get_up,10486.669921875,25.766977056133896
get_up,10497.4365234375,21.702798935365255
get_up,10508.203125,12.153839054875572
get_up,10518.9697265625,18.918977855309976
get_up,10529.736328125,13.69411500911848
get_up,10540.5029296875,15.081667404430977
get_up,10551.26953125,-1.765534931133981
get_up,10562.0361328125,16.127600018974487
get_up,10572.802734375,12.390417083155299
get_up,10583.5693359375,21.15245417387602
get_up,10594.3359375,13.861308242211486
get_up,10605.1025390625,14.675093487515316
get_up,10615.869140625,24.40957533191455
get_up,10626.6357421875,13.363877840684594
get_up,10637.40234375,18.050388843367294
get_up,10648.1689453125,6.410921163488447
get_up,10658.935546875,19.567585591273847
get_up,10669.7021484375,13.981603649680165
get_up,10680.46875,3.798281804691668
get_up,10691.2353515625,16.448739345905064
get_up,10702.001953125,19.433493869255997
get_up,10712.7685546875,22.180082966749467
get_up,10723.53515625,18.636962663098274
get_up,10734.3017578125,9.45294069363974
get_up,10745.068359375,12.506286285538014
get_up,10755.8349609375,21.835427931227542
get_up,10766.6015625,21.004788446640063
get_up,10777.3681640625,16.537675683756515
get_up,10788.134765625,4.737038495220983
get_up,10798.9013671875,16.63396405654365
get_up,10809.66796875,15.05197181231601
get_up,10820.4345703125,17.35884959895674
get_up,10831.201171875,21.329487377024122
get_up,10841.9677734375,21.24153060230659
get_up,10852.734375,16.77041646853413
get_up,10863.5009765625,11.525671603199047
get_up,10874.267578125,15.617740955004278
get_up,10885.0341796875,7.566420353215852
get_up,10895.80078125,19.645483346342424
get_up,10906.5673828125,15.133773389295621
get_up,10917.333984375,13.696352264896829
get_up,10928.1005859375,3.5341707906378366
get_up,10938.8671875,22.782972845292257
get_up,10949.6337890625,20.703002110856698
get_up,10960.400390625,19.717974334699374
get_up,10971.1669921875,24.34702972851188
get_up,10981.93359375,12.489126652379639
get_up,10992.7001953125,15.227194618569973
get_up,11003.466796875,18.612109688379583
get_up,11014.2333984375,10.756378005615678
get_up,11025,13.169062141021993
get_up,11035.7666015625,22.769681379830217
get_up,11046.533203125,20.299972533367082
get_up,11057.2998046875,-2.0707252540339955
get_up,11068.06640625,19.2009461102278
get_up,11078.8330078125,17.334810717590788
get_up,11089.599609375,20.08242606265214
get_up,11100.3662109375,22.180503359366103
get_up,11111.1328125,17.843488315490927
get_up,11121.8994140625,23.137714249465176
get_up,11132.666015625,25.32440665521583
get_up,11143.4326171875,20.71476227277862
get_up,11154.19921875,22.00200819894032
get_up,11164.9658203125,10.52623663625576
get_up,11175.732421875,17.806453664730387
get_up,11186.4990234375,12.13308238279918
get_up,11197.265625,20.618966918002457
get_up,11208.0322265625,12.958030821088009
get_up,11218.798828125,17.009472156507574
get_up,11229.5654296875,16.547393862390024
get_up,11240.33203125,17.246423287357363
get_up,11251.0986328125,19.287140180579485
get_up,11261.865234375,12.247270058201172
get_up,11272.6318359375,5.71828021491568
get_up,11283.3984375,8.274483310665662
get_up,11294.1650390625,21.446197629781004
get_up,11304.931640625,10.793589942635528
get_up,11315.6982421875,16.940504746216984
get_up,11326.46484375,17.98264403120075
get_up,11337.2314453125,23.821820475939255
get_up,11347.998046875,14.760055545170482
get_up,11358.7646484375,9.900183249883975
get_up,11369.53125,13.5829492801915
get_up,11380.2978515625,17.320972572017226
get_up,11391.064453125,18.574993071336532
get_up,11401.8310546875,17.005517307992534
get_up,11412.59765625,16.936958744332625
get_up,11423.3642578125,6.14897890262661
get_up,11434.130859375,6.441518572549137
get_up,11444.8974609375,-3.2691623710835103
get_up,11455.6640625,9.29836316487632
get_up,11466.4306640625,6.099125640537972
get_up,11477.197265625,13.428952950632109
get_up,11487.9638671875,6.545017923984796
get_up,11498.73046875,16.546732353986997
get_up,11509.4970703125,15.974269115264285
get_up,11520.263671875,13.630892468254816
get_up,11531.0302734375,17.031715483318216
get_up,11541.796875,7.5286493610816265
get_up,11552.5634765625,16.30780376090168
get_up,11563.330078125,12.442887836225417
get_up,11574.0966796875,5.543928350266921
get_up,11584.86328125,9.401345537810235
get_up,11595.6298828125,9.967522373525235
get_up,11606.396484375,11.4728683042492
get_up,11617.1630859375,15.084239982767212
get_up,11627.9296875,13.348828808768209
get_up,11638.6962890625,12.325551883174203
get_up,11649.462890625,19.691587642891818
get_up,11660.2294921875,16.82928503475741
get_up,11670.99609375,16.456657913622944
get_up,11681.7626953125,4.529924836977804
get_up,11692.529296875,16.929718907545517
get_up,11703.2958984375,16.338840920100957
get_up,11714.0625,9.72399072386927
get_up,11724.8291015625,13.857829904189206
get_up,11735.595703125,13.349000647208682
get_up,11746.3623046875,9.613737794623459
get_up,11757.12890625,15.826765157833742
get_up,11767.8955078125,5.966247243865403
get_up,11778.662109375,13.548407253449486
get_up,11789.4287109375,11.4127982884316
get_up,11800.1953125,10.551941819580808
get_up,11810.9619140625,17.66466256473196
get_up,11821.728515625,13.765367869522862
get_up,11832.4951171875,10.858229047168633
get_up,11843.26171875,15.720156836266927
get_up,11854.0283203125,-5.663371420812937
get_up,11864.794921875,12.231927474198628
get_up,11875.5615234375,11.673983665988478
get_up,11886.328125,18.04032971033283
get_up,11897.0947265625,18.77074624705134
get_up,11907.861328125,20.292941053335355
get_up,11918.6279296875,18.65046113911212
get_up,11929.39453125,7.899026800206654
get_up,11940.1611328125,-1.2227034964733312
get_up,11950.927734375,7.9267497025215405
get_up,11961.6943359375,3.4513564001892756
get_up,11972.4609375,9.587210029695065
get_up,11983.2275390625,4.534099028309237
get_up,11993.994140625,-0.3758931026005827
get_up,12004.7607421875,6.6508154167188325
get_up,12015.52734375,-12.208864464230478
get_up,12026.2939453125,-3.1393620584441635
get_up,12037.060546875,10.670563272916741
get_up,12047.8271484375,7.469344025188978
get_up,12058.59375,-2.3191672240768817
get_up,12069.3603515625,8.162801960030988
get_up,12080.126953125,10.988097549819816
get_up,12090.8935546875,10.89999013254906
get_up,12101.66015625,10.095562219862082
get_up,12112.4267578125,6.535518873703526
get_up,12123.193359375,15.157913907032963
get_up,12133.9599609375,-2.168182481294468
get_up,12144.7265625,0.11106966020351117
get_up,12155.4931640625,6.573124346166624
get_up,12166.259765625,9.534095329445766
get_up,12177.0263671875,7.599648082513204
get_up,12187.79296875,12.994752187975852
get_up,12198.5595703125,11.228695606435119
get_up,12209.326171875,11.970779605687945
get_up,12220.0927734375,11.389939334069163
get_up,12230.859375,5.050625744621314
get_up,12241.6259765625,0.8257161443302805
get_up,12252.392578125,12.479450448496305
get_up,12263.1591796875,-10.863068226814367
get_up,12273.92578125,7.504331394335541
get_up,12284.6923828125,1.3247796165838446
get_up,12295.458984375,8.0205815794473
get_up,12306.2255859375,10.11259338332368
get_up,12316.9921875,5.949470074002237
get_up,12327.7587890625,10.731777588499138
get_up,12338.525390625,-5.777403981915244
get_up,12349.2919921875,12.409012095061263
get_up,12360.05859375,-10.716890471044376
get_up,12370.8251953125,3.1257216406052253
get_up,12381.591796875,-3.4418901585412187
get_up,12392.3583984375,4.46497254323967
get_up,12403.125,4.670507619596534
get_up,12413.8916015625,2.1211503581071396
get_up,12424.658203125,6.656866266261154
get_up,12435.4248046875,5.918865407112817
get_up,12446.19140625,-4.544831040855276
get_up,12456.9580078125,9.505652972547782
get_up,12467.724609375,11.032675745011014
get_up,12478.4912109375,6.178963615297884
get_up,12489.2578125,4.459443648573082
get_up,12500.0244140625,12.24400062963599
get_up,12510.791015625,5.018621782105564
get_up,12521.5576171875,3.040280094909367
get_up,12532.32421875,6.209836568781842
get_up,12543.0908203125,-8.136497608879537
get_up,12553.857421875,-0.49419748799579716
get_up,12564.6240234375,0.7013903982489678
get_up,12575.390625,5.542926048437012
get_up,12586.1572265625,1.9085286024108368
get_up,12596.923828125,6.462409777613175
get_up,12607.6904296875,-8.511673778441136
get_up,12618.45703125,10.089251809312152
get_up,12629.2236328125,-6.326774951037074
get_up,12639.990234375,5.540773737513618
get_up,12650.7568359375,9.009179277831821
get_up,12661.5234375,-0.5786523680030887
get_up,12672.2900390625,8.299671677386423
get_up,12683.056640625,12.359731779462992
get_up,12693.8232421875,11.87260369598874
get_up,12704.58984375,14.285913097237286
get_up,12715.3564453125,14.189023484764263
get_up,12726.123046875,9.118997782351812
get_up,12736.8896484375,3.850133569772083
get_up,12747.65625,2.170280375270065
get_up,12758.4228515625,-6.863629786018376
get_up,12769.189453125,1.8505755748482777
get_up,12779.9560546875,5.229941858701954
get_up,12790.72265625,2.1487248013971354
get_up,12801.4892578125,8.642475954684443
get_up,12812.255859375,-5.1373295987866765
get_up,12823.0224609375,-2.6931224650593446
get_up,12833.7890625,-3.195482847228108
get_up,12844.5556640625,0.25587354308599286
get_up,12855.322265625,1.0342779066232224
get_up,12866.0888671875,4.147804761951542
get_up,12876.85546875,8.120590130175893
get_up,12887.6220703125,4.804950449214328
get_up,12898.388671875,-16.928622736673596
get_up,12909.1552734375,-0.6983609168366998
get_up,12919.921875,-3.220674365999961
get_up,12930.6884765625,5.570015897714857
get_up,12941.455078125,7.800233454565167
get_up,12952.2216796875,10.977170309515484
get_up,12962.98828125,12.832806348612342
get_up,12973.7548828125,8.16969877064904
get_up,12984.521484375,-0.0454072462048713
get_up,12995.2880859375,11.084954985258108
get_up,13006.0546875,3.6389753954458053
get_up,13016.8212890625,2.2429714066274444
get_up,13027.587890625,5.349671020299875
get_up,13038.3544921875,2.9562443320946983
get_up,13049.12109375,6.0973437837707545
get_up,13059.8876953125,4.918855220351224
get_up,13070.654296875,4.2023102530543515
get_up,13081.4208984375,-6.625631192669687
get_up,13092.1875,1.8715814105963913
get_up,13102.9541015625,4.219159067542684
get_up,13113.720703125,11.115557968940253
get_up,13124.4873046875,-3.437962751090229
get_up,13135.25390625,9.389653177275564
get_up,13146.0205078125,15.487540659159542
get_up,13156.787109375,8.447913346328505
get_up,13167.5537109375,4.120505209130895
get_up,13178.3203125,7.784109736125836
get_up,13189.0869140625,7.990303481749995
get_up,13199.853515625,-1.6722228811637443
get_up,13210.6201171875,4.165657360247396
get_up,13221.38671875,-7.494801401364674
get_up,13232.1533203125,3.603899695339654
get_up,13242.919921875,7.50230423119303
get_up,13253.6865234375,12.603512993161052
get_up,13264.453125,10.553534295920503
get_up,13275.2197265625,-0.7183473387483041
get_up,13285.986328125,3.755784669226267
get_up,13296.7529296875,6.401714099164053
get_up,13307.51953125,-2.7355454495493587
get_up,13318.2861328125,9.829667701477389
get_up,13329.052734375,11.142566470945294
get_up,13339.8193359375,1.9553377016953688
get_up,13350.5859375,7.796435406888252
get_up,13361.3525390625,4.725007137648415
get_up,13372.119140625,4.865555807415119
get_up,13382.8857421875,8.20081302523986
get_up,13393.65234375,5.5962158844677905
get_up,13404.4189453125,2.7584720924552157
get_up,13415.185546875,-10.765473667197195
get_up,13425.9521484375,5.14163131846362
get_up,13436.71875,2.1472483036961423
get_up,13447.4853515625,8.892748223108246
get_up,13458.251953125,7.472364453394727
get_up,13469.0185546875,-24.425835618349968
get_up,13479.78515625,5.694803500016247
get_up,13490.5517578125,8.73873557501003
get_up,13501.318359375,-2.617718007635457
get_up,13512.0849609375,-3.8667130431282426
get_up,13522.8515625,-0.20758723268069612
get_up,13533.6181640625,-7.062704922215444
get_up,13544.384765625,8.962007512429029
get_up,13555.1513671875,-4.363340621018478
get_up,13565.91796875,10.611811478318458
get_up,13576.6845703125,10.264445245772018
get_up,13587.451171875,7.163136361724587
get_up,13598.2177734375,6.44019513159342
get_up,13608.984375,3.7377426761920147
get_up,13619.7509765625,4.175249746809134
get_up,13630.517578125,10.314325207745213
get_up,13641.2841796875,1.9061965860752976
get_up,13652.05078125,8.690711812301567
get_up,13662.8173828125,-16.731171526604257
get_up,13673.583984375,7.278507236463443
get_up,13684.3505859375,9.927819138399041
get_up,13695.1171875,5.280165338999928
get_up,13705.8837890625,1.3719444427518277
get_up,13716.650390625,1.411776661574808
get_up,13727.4169921875,4.271813245371297
get_up,13738.18359375,9.816102783885517
get_up,13748.9501953125,6.00959727759922
get_up,13759.716796875,7.937157900350403
get_up,13770.4833984375,4.389135685351221
get_up,13781.25,6.300206341937046
get_up,13792.0166015625,4.133387164003551
get_up,13802.783203125,3.002748955754263
get_up,13813.5498046875,11.375104939050944
get_up,13824.31640625,4.352307638978846
get_up,13835.0830078125,8.332701264396691
get_up,13845.849609375,10.771108717785188
get_up,13856.6162109375,7.477202330950673
get_up,13867.3828125,7.835229282230653
get_up,13878.1494140625,-6.320140526574657
get_up,13888.916015625,7.701468729992058
get_up,13899.6826171875,7.840036948586424
get_up,13910.44921875,4.615994414146164
get_up,13921.2158203125,7.520472794117747
get_up,13931.982421875,-1.2285120764769626
get_up,13942.7490234375,-3.297720488853704
get_up,13953.515625,7.3299187962863135
get_up,13964.2822265625,2.5399086984110406
get_up,13975.048828125,12.685827614230277
get_up,13985.8154296875,2.5171121444477915
get_up,13996.58203125,5.5835576825129705
get_up,14007.3486328125,2.631779764505882
get_up,14018.115234375,7.865601765751549
get_up,14028.8818359375,6.942754766535446
get_up,14039.6484375,3.8705095556710956
get_up,14050.4150390625,5.425500486761882
get_up,14061.181640625,-1.6017702504986193
get_up,14071.9482421875,-15.492864083338588
get_up,14082.71484375,2.865283435408502
get_up,14093.4814453125,-1.8507495513208914
get_up,14104.248046875,-0.37848776281109353
get_up,14115.0146484375,-9.401267364508744
get_up,14125.78125,-1.6640970759144915
get_up,14136.5478515625,4.7202834063154695
get_up,14147.314453125,0.26216321629715
get_up,14158.0810546875,9.589071813581173
get_up,14168.84765625,1.0061837209197513
get_up,14179.6142578125,0.5372014339159985
get_up,14190.380859375,-6.516900120761292
get_up,14201.1474609375,3.964185301395924
get_up,14211.9140625,-0.4046989708441713
get_up,14222.6806640625,5.159372216497835
get_up,14233.447265625,-0.06773803240984322
get_up,14244.2138671875,4.760511662059873
get_up,14254.98046875,2.9353289828584943
get_up,14265.7470703125,2.87700627536533
get_up,14276.513671875,7.516037082047769
get_up,14287.2802734375,4.353203811356611
get_up,14298.046875,-20.03708819180776
get_up,14308.8134765625,-6.127519721373018
get_up,14319.580078125,-0.8232903490941202
get_up,14330.3466796875,-2.047465894909359
get_up,14341.11328125,0.4020858654710826
get_up,14351.8798828125,7.709804334732661
get_up,14362.646484375,-4.671940491734013
get_up,14373.4130859375,8.169740849460418
get_up,14384.1796875,8.578118729014209
get_up,14394.9462890625,11.700720204402531
get_up,14405.712890625,9.466442734453903
get_up,14416.4794921875,2.615898478041915
get_up,14427.24609375,-0.00233332276975753
get_up,14438.0126953125,-4.364793562476883
get_up,14448.779296875,-7.039236798139391
get_up,14459.5458984375,8.552801139582456
get_up,14470.3125,4.967598727271331
get_up,14481.0791015625,7.46680909034202
get_up,14491.845703125,12.923611403591073
get_up,14502.6123046875,9.087912435302101
get_up,14513.37890625,7.774631335048252
get_up,14524.1455078125,11.881420557073227
get_up,14534.912109375,10.159790676071854
get_up,14545.6787109375,5.845433796078391
get_up,14556.4453125,1.4290027622280466
get_up,14567.2119140625,-2.3200495659441738
get_up,14577.978515625,3.701942368841361
get_up,14588.7451171875,-6.0820802259104925
get_up,14599.51171875,4.882907311271547
get_up,14610.2783203125,4.4802669647939215
get_up,14621.044921875,2.87676665532325
get_up,14631.8115234375,-22.391185605289014
get_up,14642.578125,-1.8407499198262878
get_up,14653.3447265625,-1.2416274112352417
get_up,14664.111328125,6.582843649715277
get_up,14674.8779296875,1.3626305495985247
get_up,14685.64453125,-3.3538133287058516
get_up,14696.4111328125,2.909584488792669
get_up,14707.177734375,8.499088165452534
get_up,14717.9443359375,8.866527003226764
get_up,14728.7109375,-9.00390924247916
get_up,14739.4775390625,-0.16885361224870743
get_up,14750.244140625,8.110018659277685
get_up,14761.0107421875,-14.353512682309137
get_up,14771.77734375,7.368698126836354
get_up,14782.5439453125,2.8352371791009956
get_up,14793.310546875,-1.901964621891924
get_up,14804.0771484375,-8.44565262313673
get_up,14814.84375,1.7815153607941505
get_up,14825.6103515625,-8.046858861196572
get_up,14836.376953125,-0.9663605061309133
get_up,14847.1435546875,6.806008399959847
get_up,14857.91015625,0.5511409412649212
get_up,14868.6767578125,2.9760675232335148
get_up,14879.443359375,-2.159978826419965
get_up,14890.2099609375,7.034751027812568
get_up,14900.9765625,6.193905655870325
get_up,14911.7431640625,3.4221364339061817
get_up,14922.509765625,-7.762383127344561
get_up,14933.2763671875,3.4372842125113925
get_up,14944.04296875,6.399427358551428
get_up,14954.8095703125,-12.165712639561661
get_up,14965.576171875,7.687359331956185
get_up,14976.3427734375,6.555329162464519
get_up,14987.109375,1.9718789366317677
get_up,14997.8759765625,5.990687270022262
get_up,15008.642578125,-4.9985037329622815
get_up,15019.4091796875,5.633189755163855
get_up,15030.17578125,-0.4694484545086107
get_up,15040.9423828125,-0.1944639307057066
get_up,15051.708984375,-2.5694930485940075
get_up,15062.4755859375,-14.369499743673561
get_up,15073.2421875,6.363780552816033
get_up,15084.0087890625,2.1120757028707122
get_up,15094.775390625,6.299026426954166
get_up,15105.5419921875,2.3948614967008557
get_up,15116.30859375,0.7342194987525329
get_up,15127.0751953125,2.522827581186963
get_up,15137.841796875,-1.1247278611210436
get_up,15148.6083984375,0.6075199908934672
get_up,15159.375,-3.8127356849864085
get_up,15170.1416015625,3.2144310349469225
get_up,15180.908203125,-11.512116857471836
get_up,15191.6748046875,-6.522759296665914
get_up,15202.44140625,-13.722202116867523
get_up,15213.2080078125,7.530975277442985
get_up,15223.974609375,1.022937023883852
get_up,15234.7412109375,0.4953765502004009
get_up,15245.5078125,-8.485085118655546
get_up,15256.2744140625,3.091734945791668
get_up,15267.041015625,1.1946000636102332
get_up,15277.8076171875,4.082654101991685
get_up,15288.57421875,8.12502190884115
get_up,15299.3408203125,11.1218529269477
get_up,15310.107421875,3.740858252935765
get_up,15320.8740234375,5.540451786477202
get_up,15331.640625,4.411801084310614
get_up,15342.4072265625,1.6533863808015514
get_up,15353.173828125,4.422277056727326
get_up,15363.9404296875,0.365123965923344
get_up,15374.70703125,-3.8442425980564465
get_up,15385.4736328125,0.8344182935102785
get_up,15396.240234375,-19.84900931549808
get_up,15407.0068359375,0.18227207466551074
get_up,15417.7734375,-11.914061403248496
get_up,15428.5400390625,-4.792355933353633
get_up,15439.306640625,3.685715437942922
get_up,15450.0732421875,1.1914526854695116
get_up,15460.83984375,-2.4620655716618707
get_up,15471.6064453125,6.145898561692689
get_up,15482.373046875,-7.402973045291375
get_up,15493.1396484375,-5.766661411885056
get_up,15503.90625,-1.3364577791909613
get_up,15514.6728515625,2.266023094997998
get_up,15525.439453125,0.8804536283239319
get_up,15536.2060546875,-6.482017669981209
get_up,15546.97265625,5.92529295802088
get_up,15557.7392578125,0.4619927334843798
get_up,15568.505859375,3.825584182053356
get_up,15579.2724609375,3.7167096327656135
get_up,15590.0390625,3.9268487164339136
get_up,15600.8056640625,2.262737085153161
get_up,15611.572265625,9.140969917518413
get_up,15622.3388671875,6.15451299289465
get_up,15633.10546875,-17.67146956590992
get_up,15643.8720703125,3.4199525389525336
get_up,15654.638671875,6.793880869283923
get_up,15665.4052734375,2.1174716870874044
get_up,15676.171875,3.2762841413505015
get_up,15686.9384765625,4.474082789137467
get_up,15697.705078125,0.3124653687576676
get_up,15708.4716796875,0.8082080833090753
get_up,15719.23828125,-5.280331833837274
get_up,15730.0048828125,7.827962461725482
get_up,15740.771484375,4.429534226550222
get_up,15751.5380859375,4.255634099677911
get_up,15762.3046875,1.257658505687667
get_up,15773.0712890625,-0.5398012662409077
get_up,15783.837890625,-0.524232068680178
get_up,15794.6044921875,-2.4457222758689623
get_up,15805.37109375,-1.6677010629262992
get_up,15816.1376953125,3.9157443701245276
get_up,15826.904296875,-8.981356592194127
get_up,15837.6708984375,-1.0229188876285968
get_up,15848.4375,5.7022882897929
get_up,15859.2041015625,1.0159113856091446
get_up,15869.970703125,-5.388985708108679
get_up,15880.7373046875,-1.7017901421788113
get_up,15891.50390625,-4.908380989512525
get_up,15902.2705078125,0.5672912375207954
get_up,15913.037109375,-1.4834321191213298
get_up,15923.8037109375,3.0452059090010604
get_up,15934.5703125,-0.6479280668842763
get_up,15945.3369140625,2.6058395481218555
get_up,15956.103515625,5.635876126916298
get_up,15966.8701171875,-0.5528403652690603
get_up,15977.63671875,-0.484716499834317
get_up,15988.4033203125,-0.9457970908658381
get_up,15999.169921875,4.133208778710888
get_up,16009.9365234375,1.696033389542547
get_up,16020.703125,-4.81042404720567
get_up,16031.4697265625,1.8371478299443242
get_up,16042.236328125,-6.236580057168838
get_up,16053.0029296875,7.583716226511694
get_up,16063.76953125,-7.743527620117614
get_up,16074.5361328125,4.471225296391993
get_up,16085.302734375,1.2580929835415304
get_up,16096.0693359375,4.162005147790693
get_up,16106.8359375,4.156416819476324
get_up,16117.6025390625,-4.0726525755644865
get_up,16128.369140625,-4.623358089635223
get_up,16139.1357421875,-15.850513732536848
get_up,16149.90234375,1.4979916629074517
get_up,16160.6689453125,-7.35541372881592
get_up,16171.435546875,1.0346462339477522
get_up,16182.2021484375,0.0950875914597748
get_up,16192.96875,-0.7922510208424732
get_up,16203.7353515625,-0.7199573866072094
get_up,16214.501953125,5.665064701517295
get_up,16225.2685546875,5.448964510036037
get_up,16236.03515625,5.4578354385288534
get_up,16246.8017578125,-0.5003026831027462
get_up,16257.568359375,-4.146215312557573
get_up,16268.3349609375,1.5529732634044007
get_up,16279.1015625,-3.620846244844651
get_up,16289.8681640625,-1.3369564670964729
get_up,16300.634765625,2.1024984172608607
get_up,16311.4013671875,-4.120816270015047
get_up,16322.16796875,-1.3114660671557368
get_up,16332.9345703125,1.4358076886220137
get_up,16343.701171875,-6.753297508989618
get_up,16354.4677734375,0.004945534092859253
get_up,16365.234375,2.4858390337915557
get_up,16376.0009765625,-0.7182505048374344
get_up,16386.767578125,-2.3578588686619124
get_up,16397.5341796875,3.514611989011946
get_up,16408.30078125,-1.489003196285061
get_up,16419.0673828125,6.009754986583503
get_up,16429.833984375,-10.846668991459437
get_up,16440.6005859375,-2.386695291783732
get_up,16451.3671875,-29.444145669768467
get_up,16462.1337890625,0.6879891641579844
get_up,16472.900390625,-4.147000377413034
get_up,16483.6669921875,0.8938354974287581
get_up,16494.43359375,-15.788719092766998
get_up,16505.2001953125,-10.62426759118118
get_up,16515.966796875,-2.683034308189325
get_up,16526.7333984375,2.0915319074339753
get_up,16537.5,-6.245549306745301
get_up,16548.2666015625,3.6007001264434155
get_up,16559.033203125,-9.062746414715356
get_up,16569.7998046875,-0.04256690233000633
get_up,16580.56640625,0.7743328151946414
get_up,16591.3330078125,5.2192802293822265
get_up,16602.099609375,-9.103306364593779
get_up,16612.8662109375,2.194922901334582
get_up,16623.6328125,-1.5126261671152477
get_up,16634.3994140625,-8.3751692020432
get_up,16645.166015625,-9.53705104463149
get_up,16655.9326171875,-11.13947276411443
get_up,16666.69921875,-3.6991182238346454
get_up,16677.4658203125,-8.197113808352523
get_up,16688.232421875,-3.086141577590809
get_up,16698.9990234375,-5.914833180433984
get_up,16709.765625,3.836159594526452
get_up,16720.5322265625,0.9829607287042756
get_up,16731.298828125,2.541055757839283
get_up,16742.0654296875,-4.143991952209392
get_up,16752.83203125,-8.107195434220486
get_up,16763.5986328125,-18.76278296463602
get_up,16774.365234375,-1.2620316917526273
get_up,16785.1318359375,-0.6302669514589722
get_up,16795.8984375,-0.5742126395254161
get_up,16806.6650390625,-3.103669721188396
get_up,16817.431640625,-3.398373881537979
get_up,16828.1982421875,0.1856817294165296
get_up,16838.96484375,0.8901969545067041
get_up,16849.7314453125,-4.806467008798813
get_up,16860.498046875,-11.504201202330815
get_up,16871.2646484375,-4.036896367343717
get_up,16882.03125,-9.429233442912716
get_up,16892.7978515625,-5.432162756238136
get_up,16903.564453125,-4.701568036267034
get_up,16914.3310546875,1.2479019926373596
get_up,16925.09765625,-11.043625816804195
get_up,16935.8642578125,-5.603222770357229
get_up,16946.630859375,-2.1438415615173314
get_up,16957.3974609375,-3.395258983562636
get_up,16968.1640625,4.411239744006997
get_up,16978.9306640625,-2.73872185156557
get_up,16989.697265625,-3.9875865132227077
get_up,17000.4638671875,-15.44203814280269
get_up,17011.23046875,-6.818626787188187
get_up,17021.9970703125,-7.052659009529147
get_up,17032.763671875,-8.185681054313386
get_up,17043.5302734375,1.7499049177670298
get_up,17054.296875,-0.812938565365185
get_up,17065.0634765625,-0.7129453245756957
get_up,17075.830078125,-4.268910876024354
get_up,17086.5966796875,5.1911461503366905
get_up,17097.36328125,5.170984293191
get_up,17108.1298828125,0.5650066942055061
get_up,17118.896484375,0.5902275886911984
get_up,17129.6630859375,-9.675056367708562
get_up,17140.4296875,-1.3664051036883407
get_up,17151.1962890625,-1.0459948305867985
get_up,17161.962890625,5.295371456348068
get_up,17172.7294921875,6.014917429907473
get_up,17183.49609375,-3.8618832960271603
get_up,17194.2626953125,-3.7948774146802484
get_up,17205.029296875,-28.308240509932638
get_up,17215.7958984375,-7.417236068663502
get_up,17226.5625,-6.930324472316758
get_up,17237.3291015625,-1.2433290123629963
get_up,17248.095703125,0.8879892957638674
get_up,17258.8623046875,-7.474889518464865
get_up,17269.62890625,2.5597252703037725
get_up,17280.3955078125,-9.316244042348046
get_up,17291.162109375,-1.2207828208148666
get_up,17301.9287109375,-2.5928904535767994
get_up,17312.6953125,-6.085030171541917
get_up,17323.4619140625,-7.266434178996638
get_up,17334.228515625,-14.525852548845057
get_up,17344.9951171875,-13.061752896402691
get_up,17355.76171875,5.391022950357249
get_up,17366.5283203125,-7.603330550200402
get_up,17377.294921875,4.406178315555373
get_up,17388.0615234375,-7.917534804323221
get_up,17398.828125,5.063728772562293
get_up,17409.5947265625,-3.5726393193259334
get_up,17420.361328125,5.707107647389672
get_up,17431.1279296875,-3.7414794557773288
get_up,17441.89453125,-11.767644801349507
get_up,17452.6611328125,6.853950193997869
get_up,17463.427734375,-16.026954944586766
get_up,17474.1943359375,-6.337250340669083
get_up,17484.9609375,-0.7216991030097641
get_up,17495.7275390625,-7.940986195214455
get_up,17506.494140625,-7.355578176253727
get_up,17517.2607421875,-4.4359986973977055
get_up,17528.02734375,5.223710071052738
get_up,17538.7939453125,-1.1188210803196523
get_up,17549.560546875,-5.744456999686523
get_up,17560.3271484375,-3.8162611390640206
get_up,17571.09375,-7.268280074595342
get_up,17581.8603515625,-26.965741865874072
get_up,17592.626953125,-0.7611902076830102
get_up,17603.3935546875,5.149573463930842
get_up,17614.16015625,2.7568114109508195
get_up,17624.9267578125,2.620606780646586
get_up,17635.693359375,-1.1928019873757643
get_up,17646.4599609375,-7.817103325179127
get_up,17657.2265625,-30.341328395209505
get_up,17667.9931640625,3.9553140555833624
get_up,17678.759765625,-3.538017010112677
get_up,17689.5263671875,-4.578768567929046
get_up,17700.29296875,-2.3429419466071506
get_up,17711.0595703125,-16.834364508726182
get_up,17721.826171875,-1.7892255323615383
get_up,17732.5927734375,-0.6356190139643627
get_up,17743.359375,-12.771209787200979
get_up,17754.1259765625,-5.763235741628458
get_up,17764.892578125,-6.145845965104887
get_up,17775.6591796875,-2.7424192871945587
get_up,17786.42578125,3.495761378026805
get_up,17797.1923828125,0.1260776500079
get_up,17807.958984375,-3.588453309546125
get_up,17818.7255859375,-0.005855312415397597
get_up,17829.4921875,-0.7860394282462986
get_up,17840.2587890625,3.991755416777491
get_up,17851.025390625,-0.5275990731427809
get_up,17861.7919921875,-1.0369060114959783
get_up,17872.55859375,2.2792698956511757
get_up,17883.3251953125,3.443502652489208
get_up,17894.091796875,2.128302724020591
get_up,17904.8583984375,0.31827299205205467
get_up,17915.625,-8.730234588877545
get_up,17926.3916015625,-6.496551302699919
get_up,17937.158203125,0.31289426118081115
get_up,17947.9248046875,0.602684386595261
get_up,17958.69140625,-22.433251261220136
get_up,17969.4580078125,-22.3003111451353
get_up,17980.224609375,1.7312485110078826
get_up,17990.9912109375,-8.307137779639763
get_up,18001.7578125,1.6036373880529182
get_up,18012.5244140625,4.610802664572255
get_up,18023.291015625,5.203815599433544
get_up,18034.0576171875,4.66667120917511
get_up,18044.82421875,-6.686840772016337
get_up,18055.5908203125,-1.3817810985619765
get_up,18066.357421875,0.19126897280117963
get_up,18077.1240234375,-3.796559557388997
get_up,18087.890625,-8.992091763649215
get_up,18098.6572265625,2.1663299849845474
get_up,18109.423828125,1.0067050042098977
get_up,18120.1904296875,-8.586940462944696
get_up,18130.95703125,-7.367230065013177
get_up,18141.7236328125,-3.1435508246752963
get_up,18152.490234375,-17.884870929295694
get_up,18163.2568359375,-5.416634570217589
get_up,18174.0234375,-1.77720763629656
get_up,18184.7900390625,-1.3974258166284372
get_up,18195.556640625,-10.785967783325916
get_up,18206.3232421875,1.4477298020119844
get_up,18217.08984375,-5.323763683163325
get_up,18227.8564453125,-5.232031851904747
get_up,18238.623046875,1.465541824542938
get_up,18249.3896484375,-2.0268964144331756
get_up,18260.15625,-5.876456923504769
get_up,18270.9228515625,-8.071565182819242
get_up,18281.689453125,-0.40730582266343374
get_up,18292.4560546875,-7.165573550973989
get_up,18303.22265625,3.526741918723385
get_up,18313.9892578125,-5.0865018160172095
get_up,18324.755859375,-6.013553118903777
get_up,18335.5224609375,-3.9832440689145665
get_up,18346.2890625,-4.647670361559209
get_up,18357.0556640625,-1.1920521870745855
get_up,18367.822265625,-9.146825246009975
get_up,18378.5888671875,-15.461968887275713
get_up,18389.35546875,-2.35564908197649
get_up,18400.1220703125,-11.323937184939691
get_up,18410.888671875,-6.975285628453487
get_up,18421.6552734375,-13.880840689962746
get_up,18432.421875,-5.166025582597476
get_up,18443.1884765625,-0.2658488307946501
get_up,18453.955078125,0.9618694468802326
get_up,18464.7216796875,-22.919932152117532
get_up,18475.48828125,-7.547796791525844
get_up,18486.2548828125,-3.108739736083171
get_up,18497.021484375,-3.81525090812655
get_up,18507.7880859375,-3.5520977013001738
get_up,18518.5546875,-1.0321914464612967
get_up,18529.3212890625,-5.826591084592316
get_up,18540.087890625,-7.115761119270266
get_up,18550.8544921875,-1.1113746629499994
get_up,18561.62109375,-7.518054765050909
get_up,18572.3876953125,-12.337790150093282
get_up,18583.154296875,1.0850582431021802
get_up,18593.9208984375,-3.343316014092994
get_up,18604.6875,-1.6454628964574907
get_up,18615.4541015625,-4.230358284421396
get_up,18626.220703125,-3.0654293345468266
get_up,18636.9873046875,-20.058593603551085
get_up,18647.75390625,-5.52414485735529
get_up,18658.5205078125,-3.2226439038313797
get_up,18669.287109375,-14.597158848014375
get_up,18680.0537109375,-4.109859317093009
get_up,18690.8203125,-1.3049263681435828
get_up,18701.5869140625,-0.3556483667476177
get_up,18712.353515625,0.5159371981390405
get_up,18723.1201171875,-2.668225516652158
get_up,18733.88671875,-7.8421548253146725
get_up,18744.6533203125,2.1217795647111424
get_up,18755.419921875,-9.380737019023242
get_up,18766.1865234375,-8.23649890504478
get_up,18776.953125,-10.588153311552364
get_up,18787.7197265625,-3.311670911230669
get_up,18798.486328125,-0.0025680787748825857
get_up,18809.2529296875,-15.511762144943438
get_up,18820.01953125,-6.3596812105440765
get_up,18830.7861328125,-2.57803819802642
get_up,18841.552734375,-3.090842605912139
get_up,18852.3193359375,-6.830344494487334
get_up,18863.0859375,-12.647939876121018
get_up,18873.8525390625,-1.5898093192354124
get_up,18884.619140625,-5.806045420964163
get_up,18895.3857421875,-6.023826648518465
get_up,18906.15234375,-5.555181328540655
get_up,18916.9189453125,-8.920351153563269
get_up,18927.685546875,-25.797819870424895
get_up,18938.4521484375,-13.606340387192269
get_up,18949.21875,-1.334628264552816
get_up,18959.9853515625,-10.820030501500174
get_up,18970.751953125,-6.007069225817547
get_up,18981.5185546875,0.5439865189028523
get_up,18992.28515625,-0.5515599402653493
get_up,19003.0517578125,-4.946350637614357
get_up,19013.818359375,-3.8458418803510015
get_up,19024.5849609375,-4.366358980600839
get_up,19035.3515625,-8.295577658036901
get_up,19046.1181640625,-10.380475171895664
get_up,19056.884765625,-3.0875327053241914
get_up,19067.6513671875,-10.117969978371368
get_up,19078.41796875,-8.573143062243627
get_up,19089.1845703125,-9.900111634694998
get_up,19099.951171875,-7.073360417631744
get_up,19110.7177734375,-2.238827825668121
get_up,19121.484375,-17.58899502365488
get_up,19132.2509765625,-6.364227056869966
get_up,19143.017578125,-8.852184611502603
get_up,19153.7841796875,-13.348941476510754
get_up,19164.55078125,-1.8544500813319043
get_up,19175.3173828125,-11.79779756695439
get_up,19186.083984375,-8.355429910264787
get_up,19196.8505859375,-8.098922079732013
get_up,19207.6171875,-1.761999909255918
get_up,19218.3837890625,-9.231987993264788
get_up,19229.150390625,-2.4536824508387602
get_up,19239.9169921875,-5.363868226345629
get_up,19250.68359375,-5.743402520411172
get_up,19261.4501953125,-2.290053723535296
get_up,19272.216796875,-7.647082096839465
get_up,19282.9833984375,-5.55282768699476
get_up,19293.75,-9.170746035868834
get_up,19304.5166015625,-5.0250530137581
get_up,19315.283203125,-10.702037510634447
get_up,19326.0498046875,-23.761534413225828
get_up,19336.81640625,-16.558516038586127
get_up,19347.5830078125,-7.348753564407241
get_up,19358.349609375,-13.185901084408682
get_up,19369.1162109375,-1.9382782732924557
get_up,19379.8828125,-1.2600733019310482
get_up,19390.6494140625,-14.321345373387185
get_up,19401.416015625,-7.807254258516133
get_up,19412.1826171875,-11.303684741228642
get_up,19422.94921875,1.3881508185047857
get_up,19433.7158203125,-3.3949453650335917
get_up,19444.482421875,-7.862699941934555
get_up,19455.2490234375,-9.85795432668895
get_up,19466.015625,-3.6923044802011615
get_up,19476.7822265625,-5.803822979838311
get_up,19487.548828125,-5.126664653564939
get_up,19498.3154296875,-16.06230790245608
get_up,19509.08203125,-1.1176195204762092
get_up,19519.8486328125,-4.014850291000923
get_up,19530.615234375,0.22220954551873817
get_up,19541.3818359375,-6.626118246975491
get_up,19552.1484375,-8.765311848094537
get_up,19562.9150390625,-5.329670779219143
get_up,19573.681640625,-8.825305810749875
get_up,19584.4482421875,-7.660763463297355
get_up,19595.21484375,-14.066620625310641
get_up,19605.9814453125,-14.476141321746388
get_up,19616.748046875,-1.3988870302285796
get_up,19627.5146484375,-2.1063491973836808
get_up,19638.28125,-16.78983065324539
get_up,19649.0478515625,-17.07827784201309
get_up,19659.814453125,-7.988254982795223
get_up,19670.5810546875,-4.847840216858997
get_up,19681.34765625,-9.071732702436563
get_up,19692.1142578125,-11.69658525608899
get_up,19702.880859375,-15.352194561492912
get_up,19713.6474609375,-9.855256174237221
get_up,19724.4140625,-23.798593341352365
get_up,19735.1806640625,-12.522881066926178
get_up,19745.947265625,-0.981067701841545
get_up,19756.7138671875,-12.303914981431454
get_up,19767.48046875,-2.7468753062400673
get_up,19778.2470703125,-10.93565810537431
get_up,19789.013671875,-9.586476091807718
get_up,19799.7802734375,-1.5124848537780489
get_up,19810.546875,-14.632061586777027
get_up,19821.3134765625,-1.334885454488914
get_up,19832.080078125,-9.520608852327559
get_up,19842.8466796875,-3.0829285290202324
get_up,19853.61328125,-1.53983743205138
get_up,19864.3798828125,1.9259628783788596
get_up,19875.146484375,-9.715435099008591
get_up,19885.9130859375,-6.1770773015587634
get_up,19896.6796875,-17.145951035265476
get_up,19907.4462890625,-3.7993079087875046
get_up,19918.212890625,-16.693199883788502
get_up,19928.9794921875,-4.5362245355367286
get_up,19939.74609375,-14.848834040220675
get_up,19950.5126953125,-11.431523649992798
get_up,19961.279296875,-7.163538302689472
get_up,19972.0458984375,-6.608411611137118
get_up,19982.8125,-2.0774428012373116
get_up,19993.5791015625,-4.706125403639708
get_up,20004.345703125,-13.775260720514325
get_up,20015.1123046875,-11.165895343521724
get_up,20025.87890625,-6.987087645863755
get_up,20036.6455078125,-14.057044741096455
get_up,20047.412109375,-17.916726077952575
get_up,20058.1787109375,-11.399662725534496
get_up,20068.9453125,-8.306562123992169
get_up,20079.7119140625,-1.8346674499246964
get_up,20090.478515625,-13.061195563082173
get_up,20101.2451171875,-2.7041428174450743
get_up,20112.01171875,-4.962834538122926
get_up,20122.7783203125,-2.4415635959568345
get_up,20133.544921875,-4.610950065752056
get_up,20144.3115234375,-9.600172033224007
get_up,20155.078125,-5.593414728517323
get_up,20165.8447265625,-23.766902666734882
get_up,20176.611328125,-5.969251577464099
get_up,20187.3779296875,-4.881162136787836
get_up,20198.14453125,-12.385959788559472
get_up,20208.9111328125,-10.844487023316372
get_up,20219.677734375,-11.413900093594032
get_up,20230.4443359375,-10.999604918517864
get_up,20241.2109375,-14.496378565684607
get_up,20251.9775390625,-8.119028901175847
get_up,20262.744140625,-10.10847574804714
get_up,20273.5107421875,-8.935660134973984
get_up,20284.27734375,-19.694408505674588
get_up,20295.0439453125,-9.325116462976386
get_up,20305.810546875,-8.064823122901972
get_up,20316.5771484375,-4.25574009880499
get_up,20327.34375,-10.690493923021853
get_up,20338.1103515625,-5.677842493599777
get_up,20348.876953125,-0.5234642602932893
get_up,20359.6435546875,-10.358886293681785
get_up,20370.41015625,-10.91329844166934
get_up,20381.1767578125,-9.962003856493924
get_up,20391.943359375,-8.434074553436878
get_up,20402.7099609375,-10.959115953956255
get_up,20413.4765625,-3.914815120747704
get_up,20424.2431640625,-12.41577237807752
get_up,20435.009765625,-4.4802365981822225
get_up,20445.7763671875,-10.806484573110414
get_up,20456.54296875,-17.095811715386773
get_up,20467.3095703125,-6.4192175458778244
get_up,20478.076171875,-3.51357283915835
get_up,20488.8427734375,-10.307809383656448
get_up,20499.609375,-8.743549630849543
get_up,20510.3759765625,-8.694592968787678
get_up,20521.142578125,-6.300390334209029
get_up,20531.9091796875,-4.857844834847086
get_up,20542.67578125,-4.543228691244507
get_up,20553.4423828125,-2.8706302137160513
get_up,20564.208984375,-9.274976175335754
get_up,20574.9755859375,-10.521102619205497
get_up,20585.7421875,-15.441842945883671
get_up,20596.5087890625,-6.214210368762255
get_up,20607.275390625,-4.070848786091155
get_up,20618.0419921875,-6.389826358645061
get_up,20628.80859375,-17.64323276363084
get_up,20639.5751953125,-8.482299627804286
get_up,20650.341796875,-7.554320561139284
get_up,20661.1083984375,-23.271302402196365
get_up,20671.875,-15.442639388435357
get_up,20682.6416015625,-21.961198216722103
get_up,20693.408203125,-5.580111779228259
get_up,20704.1748046875,-11.415641875592177
get_up,20714.94140625,-6.703389472451797
get_up,20725.7080078125,-8.752035697565821
get_up,20736.474609375,-5.771539634358787
get_up,20747.2412109375,-1.9191227908704769
get_up,20758.0078125,-10.10624755734118
get_up,20768.7744140625,-6.607104872947511
get_up,20779.541015625,-7.2400160175017785
get_up,20790.3076171875,-9.4259251930108
get_up,20801.07421875,-9.124051478939366
get_up,20811.8408203125,-1.0906773801667482
get_up,20822.607421875,-2.7497408050894814
get_up,20833.3740234375,-16.5810638983628
get_up,20844.140625,-0.042619420255822105
get_up,20854.9072265625,-7.646932141278848
get_up,20865.673828125,-6.180340342379753
get_up,20876.4404296875,-10.148597716391588
get_up,20887.20703125,-8.737851042012052
get_up,20897.9736328125,-6.9569984798675595
get_up,20908.740234375,-13.932138136742722
get_up,20919.5068359375,-3.318253759669659
get_up,20930.2734375,-3.1941623374287085
get_up,20941.0400390625,-12.987238246102288
get_up,20951.806640625,-5.122725405150705
get_up,20962.5732421875,-6.701988415396089
get_up,20973.33984375,-5.668405604973499
get_up,20984.1064453125,-2.4280953296511814
get_up,20994.873046875,1.1004919066245742
get_up,21005.6396484375,-9.858133604410812
get_up,21016.40625,-4.244663043933557
get_up,21027.1728515625,-9.347193052783828
get_up,21037.939453125,-5.019868366848781
get_up,21048.7060546875,-6.786367938360518
get_up,21059.47265625,-3.48260936465612
get_up,21070.2392578125,-6.75869758292508
get_up,21081.005859375,-9.535687405645884
get_up,21091.7724609375,-16.146430762491597
get_up,21102.5390625,-3.1301433110258445
get_up,21113.3056640625,-6.873948778123056
get_up,21124.072265625,-15.772087884047018
get_up,21134.8388671875,-5.975361726874389
get_up,21145.60546875,-4.457830305177222
get_up,21156.3720703125,-13.174999605795332
get_up,21167.138671875,-7.948229763046479
get_up,21177.9052734375,-10.165277147156473
get_up,21188.671875,-19.494522152047587
get_up,21199.4384765625,-8.170678501668888
get_up,21210.205078125,-11.102557241928793
get_up,21220.9716796875,-20.262868513103065
get_up,21231.73828125,-9.472048269935375
get_up,21242.5048828125,-8.542924010864628
get_up,21253.271484375,-4.708891706972789
get_up,21264.0380859375,-3.3606362561561127
get_up,21274.8046875,-2.7084042018405263
get_up,21285.5712890625,-12.098976839634792
get_up,21296.337890625,-12.665443617903975
get_up,21307.1044921875,-7.487991691945651
get_up,21317.87109375,-4.276362058954985
get_up,21328.6376953125,-6.722151035067508
get_up,21339.404296875,-4.796974413115458
get_up,21350.1708984375,-20.38666484154009
get_up,21360.9375,-6.224809375767349
get_up,21371.7041015625,-0.49261466328089953
get_up,21382.470703125,-0.9922459231906321
get_up,21393.2373046875,1.712740613330102
get_up,21404.00390625,-21.750789776051597
get_up,21414.7705078125,-6.580887292507864
get_up,21425.537109375,-5.729050664190609
get_up,21436.3037109375,-4.834350953851474
get_up,21447.0703125,-15.99196169417041
get_up,21457.8369140625,-1.348130797480901
get_up,21468.603515625,-4.622989012516463
get_up,21479.3701171875,-6.145189501863097
get_up,21490.13671875,-5.422776396819387
get_up,21500.9033203125,-3.680650026591751
get_up,21511.669921875,-2.0180266087929493
get_up,21522.4365234375,-7.412149907781695
get_up,21533.203125,-9.971126676286342
get_up,21543.9697265625,-5.5735882942007775
get_up,21554.736328125,-12.362415276981316
get_up,21565.5029296875,-7.482511236577714
get_up,21576.26953125,-3.238110553932291
get_up,21587.0361328125,1.0987696527048603
get_up,21597.802734375,-6.302272911439135
get_up,21608.5693359375,-18.40368732303619
get_up,21619.3359375,-4.669067645545299
get_up,21630.1025390625,-0.4092386130988088
get_up,21640.869140625,2.2915222823952877
get_up,21651.6357421875,1.4345202861349762
get_up,21662.40234375,-6.869218612438898
get_up,21673.1689453125,-2.5035182914562166
get_up,21683.935546875,-2.0605097706657296
get_up,21694.7021484375,-1.7381906919488217
get_up,21705.46875,0.0637758532662013
get_up,21716.2353515625,-2.0966481716364416
get_up,21727.001953125,-1.258501397975142
get_up,21737.7685546875,-6.993385237847067
get_up,21748.53515625,-1.7052920045407292
get_up,21759.3017578125,-2.5457786497702886
get_up,21770.068359375,-6.309978637041988
get_up,21780.8349609375,-1.3325168045293676
get_up,21791.6015625,-0.8229876885783188
get_up,21802.3681640625,0.656775371777166
get_up,21813.134765625,1.93642010206664
get_up,21823.9013671875,-2.457639910451976
get_up,21834.66796875,-5.090896013249322
get_up,21845.4345703125,-6.453578723285506
get_up,21856.201171875,1.4551155420216446
get_up,21866.9677734375,-1.6071516162406447
get_up,21877.734375,-5.3302368690348345
get_up,21888.5009765625,-7.261870208326825
get_up,21899.267578125,-4.294169092164699
get_up,21910.0341796875,-6.6535926050259455
get_up,21920.80078125,-6.390923132433045
get_up,21931.5673828125,-22.70781218096962
get_up,21942.333984375,-5.902502805144751
get_up,21953.1005859375,-2.078624074971196
get_up,21963.8671875,-2.2439386383173434
get_up,21974.6337890625,0.7003901411540686
get_up,21985.400390625,-1.2902078020512733
get_up,21996.1669921875,-7.042214071168872
get_up,22006.93359375,-0.5323144238034803
get_up,22017.7001953125,-7.793837254857175
get_up,22028.466796875,-7.47725257916234
get_up,22039.2333984375,-3.2887208925365083
get_up,22050,2.6837053098429777
mirror,0,1.4338909385523537
mirror,5.38330078125,10.991766109104944
mirror,10.7666015625,12.9611943678408
mirror,16.14990234375,3.837533747397531
mirror,21.533203125,19.55143074285781
mirror,26.91650390625,20.00885258029946
mirror,32.2998046875,21.815817652084768
mirror,37.68310546875,20.109380377535366
mirror,43.06640625,20.772627019208198
mirror,48.44970703125,12.226985501894514
mirror,53.8330078125,21.38084120140816
mirror,59.21630859375,17.744645709951183
mirror,64.599609375,23.49277553311458
mirror,69.98291015625,23.91355652083979
mirror,75.3662109375,21.690270898994832
mirror,80.74951171875,18.660000098330375
mirror,86.1328125,20.967656594960317
mirror,91.51611328125,19.901427373387005
mirror,96.8994140625,14.297592383353745
mirror,102.28271484375,21.38174146499907
mirror,107.666015625,5.218719965110312
mirror,113.04931640625,19.728983881979254
mirror,118.4326171875,18.992554149662762
mirror,123.81591796875,21.840436167330846
mirror,129.19921875,7.795984244011599
mirror,134.58251953125,16.547526250543818
mirror,139.9658203125,17.25039905160495
mirror,145.34912109375,16.459235739958068
mirror,150.732421875,19.595894721822763
mirror,156.11572265625,18.639142693339675
mirror,161.4990234375,18.48767059801718
mirror,166.88232421875,17.15818153141241
mirror,172.265625,14.542691809717965
mirror,177.64892578125,17.98522677167358
mirror,183.0322265625,20.70019970226185
mirror,188.41552734375,17.821177731462782
mirror,193.798828125,5.3193005996204645
mirror,199.18212890625,20.17158243184802
mirror,204.5654296875,20.087172359527866
mirror,209.94873046875,20.73533373675971
mirror,215.33203125,18.064389282399244
mirror,220.71533203125,8.365712598027674
mirror,226.0986328125,19.470468492681835
mirror,231.48193359375,15.482816911657235
mirror,236.865234375,19.934388345279007
mirror,242.24853515625,17.648089386515572
mirror,247.6318359375,10.500924396019787
mirror,253.01513671875,12.956706245928448
mirror,258.3984375,1.3764985455879066
mirror,263.78173828125,14.676376190788895
mirror,269.1650390625,9.63156716903839
mirror,274.54833984375,17.98276147650397
mirror,279.931640625,15.045111640392753
mirror,285.31494140625,19.054501986273834
mirror,290.6982421875,21.37938577344549
mirror,296.08154296875,17.68827097936238
mirror,301.46484375,20.95269922597849
mirror,306.84814453125,-2.2372382106046778
mirror,312.2314453125,22.95248847390138
mirror,317.61474609375,20.177887608519107
mirror,322.998046875,21.97683649359622
mirror,328.38134765625,21.327667806223754
mirror,333.7646484375,2.5758976930504973
mirror,339.14794921875,16.852671305175015
mirror,344.53125,18.002431678323635
mirror,349.91455078125,15.30820683528707
mirror,355.2978515625,24.63672381572122
mirror,360.68115234375,26.353960028465462
mirror,366.064453125,26.461638870299677
mirror,371.44775390625,19.08611402930545
mirror,376.8310546875,27.164496868603088
mirror,382.21435546875,25.665342369488776
mirror,387.59765625,18.992180673540375
mirror,392.98095703125,21.635951974888002
mirror,398.3642578125,27.16177364424281
mirror,403.74755859375,22.552300350916347
mirror,409.130859375,17.475507045988437
mirror,414.51416015625,20.446922325479964
mirror,419.8974609375,4.015367920449643
mirror,425.28076171875,24.047462323359806
mirror,430.6640625,21.482328424373684
mirror,436.04736328125,21.40377886288546
mirror,441.4306640625,23.90379499529034
mirror,446.81396484375,17.236384524117504
mirror,452.197265625,22.30574474525598
mirror,457.58056640625,18.590822045982733
mirror,462.9638671875,11.826017599682908
mirror,468.34716796875,9.966075750751424
mirror,473.73046875,21.687840189542186
mirror,479.11376953125,7.917622874098741
mirror,484.4970703125,20.225728396336507
mirror,489.88037109375,16.241041026027936
mirror,495.263671875,27.731267357813927
mirror,500.64697265625,23.161345352974266
mirror,506.0302734375,22.623372309294318
mirror,511.41357421875,20.8118242054425
mirror,516.796875,9.659587416734466
mirror,522.18017578125,8.015939054007232
mirror,527.5634765625,15.058610487076656
mirror,532.94677734375,7.438273024291391
mirror,538.330078125,19.40237315966688
mirror,543.71337890625,18.55226550057977
mirror,549.0966796875,17.188976449433408
mirror,554.47998046875,15.128425060428869
mirror,559.86328125,19.513856412433327
mirror,565.24658203125,13.906313338335046
mirror,570.6298828125,19.789949582528134
mirror,576.01318359375,18.749656940481977
mirror,581.396484375,18.833902066745853
mirror,586.77978515625,19.733257652168973
mirror,592.1630859375,19.40378336213342
mirror,597.54638671875,22.050791009482957
mirror,602.9296875,21.12352744278975
mirror,608.31298828125,22.7728531461372
mirror,613.6962890625,22.179695854189717
mirror,619.07958984375,22.229438673270362
mirror,624.462890625,18.005532276088612
mirror,629.84619140625,18.187434948389583
mirror,635.2294921875,5.755508990352905
mirror,640.61279296875,9.424315218009452
mirror,645.99609375,10.082687065852305
mirror,651.37939453125,14.702789674234214
mirror,656.7626953125,14.232538644997181
mirror,662.14599609375,17.202775935595803
mirror,667.529296875,21.303362695727838
mirror,672.91259765625,14.753507019143422
mirror,678.2958984375,18.259472152540376
mirror,683.67919921875,18.415598399254602
mirror,689.0625,22.535794853186943
mirror,694.44580078125,18.706722595035664
mirror,699.8291015625,22.61589308162789
mirror,705.21240234375,21.664282567663363
mirror,710.595703125,5.110340226054153
mirror,715.97900390625,8.820756047292402
mirror,721.3623046875,12.464211058559115
mirror,726.74560546875,17.732614557859133
mirror,732.12890625,13.512198747281756
mirror,737.51220703125,13.73883577846039
mirror,742.8955078125,14.332192336094078
mirror,748.27880859375,19.600056851306995
mirror,753.662109375,14.81411884818035
mirror,759.04541015625,11.081482966269798
mirror,764.4287109375,15.381168950104264
mirror,769.81201171875,11.903212888840866
mirror,775.1953125,16.097843607279284
mirror,780.57861328125,18.204420444763024
mirror,785.9619140625,16.238027339401548
mirror,791.34521484375,20.43033866942811
mirror,796.728515625,13.814444232749633
mirror,802.11181640625,17.291064148963283
mirror,807.4951171875,17.445363351132293
mirror,812.87841796875,11.699691917062914
mirror,818.26171875,19.201947068881317
mirror,823.64501953125,18.47828305820372
mirror,829.0283203125,16.788576282578465
mirror,834.41162109375,17.837112163572073
mirror,839.794921875,12.511335687154986
mirror,845.17822265625,-3.586818052919325
mirror,850.5615234375,16.700456546161337
mirror,855.94482421875,18.217793374262754
mirror,861.328125,11.163335477928648
mirror,866.71142578125,17.314471151239704
mirror,872.0947265625,22.625699372283442
mirror,877.47802734375,10.394314105202277
mirror,882.861328125,20.78062958731618
mirror,888.24462890625,13.495317824548117
mirror,893.6279296875,18.986848604699517
mirror,899.01123046875,19.211411576877385
mirror,904.39453125,17.650513406640577
mirror,909.77783203125,9.40954747879751
mirror,915.1611328125,15.931861611278162
mirror,920.54443359375,17.934490446191425
mirror,925.927734375,14.128007073408428
mirror,931.31103515625,-4.797372096191027
mirror,936.6943359375,4.494898780480151
mirror,942.07763671875,14.576091871208428
mirror,947.4609375,17.642115510996405
mirror,952.84423828125,13.912645395613406
mirror,958.2275390625,13.970910201763262
mirror,963.61083984375,9.34600562696844
mirror,968.994140625,14.630684563161351
mirror,974.37744140625,16.65390456914625
mirror,979.7607421875,14.74083909398085
mirror,985.14404296875,17.130458784221997
mirror,990.52734375,17.981412113030895
mirror,995.91064453125,12.011569630957297
mirror,1001.2939453125,17.260310185966972
mirror,1006.67724609375,19.831737053565952
mirror,1012.060546875,19.872042757359104
mirror,1017.44384765625,15.788927557838058
mirror,1022.8271484375,19.467771381380746
mirror,1028.21044921875,16.280546974887056
mirror,1033.59375,21.23136545400364
mirror,1038.97705078125,-2.6409089253664035
mirror,1044.3603515625,13.500950063389062
mirror,1049.74365234375,2.585694292850713
mirror,1055.126953125,2.438399185147852
mirror,1060.51025390625,14.168865609803253
mirror,1065.8935546875,13.273540978977824
mirror,1071.27685546875,8.591319258154378
mirror,1076.66015625,12.489802069641618
mirror,1082.04345703125,10.369259635924454
mirror,1087.4267578125,12.506312385015425
mirror,1092.81005859375,15.05747679798125
mirror,1098.193359375,11.219238132622385
mirror,1103.57666015625,17.009592497617728
mirror,1108.9599609375,15.675286968137012
mirror,1114.34326171875,7.080139231019514
mirror,1119.7265625,-0.8979884117991882
mirror,1125.10986328125,7.094370917072389
mirror,1130.4931640625,14.28810846429368
mirror,1135.87646484375,12.74058529113592
mirror,1141.259765625,5.6578882746569406
mirror,1146.64306640625,14.572085332273419
mirror,1152.0263671875,11.784886529971645
mirror,1157.40966796875,8.018467384670286
mirror,1162.79296875,16.955492294073792
mirror,1168.17626953125,19.30889733058182
mirror,1173.5595703125,17.693220683336467
mirror,1178.94287109375,7.20056117438377
mirror,1184.326171875,15.134243157548685
mirror,1189.70947265625,5.563300503965603
mirror,1195.0927734375,18.578928371503075
mirror,1200.47607421875,17.52371380635944
mirror,1205.859375,15.270455376798944
mirror,1211.24267578125,10.897680320458418
mirror,1216.6259765625,10.080385194820632
mirror,1222.00927734375,13.708170829208825
mirror,1227.392578125,5.9559702560273475
mirror,1232.77587890625,13.500060504788022
mirror,1238.1591796875,16.462451436290962
mirror,1243.54248046875,18.875698266066443
mirror,1248.92578125,17.61424690268327
mirror,1254.30908203125,17.358532392822774
mirror,1259.6923828125,15.093332914925202
mirror,1265.07568359375,15.239884721185309
mirror,1270.458984375,14.16664412270552
mirror,1275.84228515625,9.423354939247314
mirror,1281.2255859375,17.77270110752369
mirror,1286.60888671875,14.353715569899295
mirror,1291.9921875,12.66759740160735
mirror,1297.37548828125,12.441547332071561
mirror,1302.7587890625,3.1445580362937693
mirror,1308.14208984375,4.373436216446505
mirror,1313.525390625,-2.520976915940434
mirror,1318.90869140625,13.181106566529943
mirror,1324.2919921875,14.880221051146767
mirror,1329.67529296875,12.010716029306387
mirror,1335.05859375,15.7816412633875
mirror,1340.44189453125,12.732801858572646
mirror,1345.8251953125,13.12111690033128
mirror,1351.20849609375,13.883261282519936
mirror,1356.591796875,16.0628378354572
mirror,1361.97509765625,16.768998257501757
mirror,1367.3583984375,14.417026398566081
mirror,1372.74169921875,10.873975312240109
mirror,1378.125,9.41532372839722
mirror,1383.50830078125,8.866479901172092
mirror,1388.8916015625,10.373640639845778
mirror,1394.27490234375,11.309738879659704
mirror,1399.658203125,9.936492366291226
mirror,1405.04150390625,3.2946578257728394
mirror,1410.4248046875,11.998214322827206
mirror,1415.80810546875,10.121127362038036
mirror,1421.19140625,7.818558651892079
mirror,1426.57470703125,10.159584155194018
mirror,1431.9580078125,14.83216633669951
mirror,1437.34130859375,7.82522210002845
mirror,1442.724609375,15.544405067949427
mirror,1448.10791015625,12.782435217910981
mirror,1453.4912109375,10.544371061628947
mirror,1458.87451171875,4.400373809370736
mirror,1464.2578125,19.588100600657018
mirror,1469.64111328125,21.128680339408795
mirror,1475.0244140625,20.605800204600982
mirror,1480.40771484375,15.977932091309995
mirror,1485.791015625,16.662027840283663
mirror,1491.17431640625,16.769818838365488
mirror,1496.5576171875,8.292896863253482
mirror,1501.94091796875,17.13955898593104
mirror,1507.32421875,14.497699884200392
mirror,1512.70751953125,16.800001110816716
mirror,1518.0908203125,18.938585556242348
mirror,1523.47412109375,10.713354773107662
mirror,1528.857421875,21.52670517255345
mirror,1534.24072265625,20.1159601711336
mirror,1539.6240234375,17.013477096049687
mirror,1545.00732421875,9.891238847103558
mirror,1550.390625,7.3227532068632994
mirror,1555.77392578125,0.9168531069805851
mirror,1561.1572265625,18.89261421301382
mirror,1566.54052734375,21.863220159869584
mirror,1571.923828125,15.565726477873262
mirror,1577.30712890625,6.488357314934632
mirror,1582.6904296875,11.458017867530923
mirror,1588.07373046875,1.6576089679079415
mirror,1593.45703125,15.261938608005705
mirror,1598.84033203125,6.750242651246437
mirror,1604.2236328125,19.687416111407035
mirror,1609.60693359375,21.79831439938698
mirror,1614.990234375,7.6889197307558
mirror,1620.37353515625,13.143250886892503
mirror,1625.7568359375,16.42797319635144
mirror,1631.14013671875,16.733836478505854
mirror,1636.5234375,9.45658228684117
mirror,1641.90673828125,4.830048706697717
mirror,1647.2900390625,13.272428067338415
mirror,1652.67333984375,14.489822845517057
mirror,1658.056640625,1.8544049813485477
mirror,1663.43994140625,11.316630572999175
mirror,1668.8232421875,12.246705036797936
mirror,1674.20654296875,2.436999462194533
mirror,1679.58984375,6.8169161145609305
mirror,1684.97314453125,5.6779050427990505
mirror,1690.3564453125,16.1650698006296
mirror,1695.73974609375,16.529901943624136
mirror,1701.123046875,23.265439490565015
mirror,1706.50634765625,24.803220853711395
mirror,1711.8896484375,18.81120459856428
mirror,1717.27294921875,20.85888262582642
mirror,1722.65625,12.580828458378061
mirror,1728.03955078125,20.593584373705415
mirror,1733.4228515625,23.794816601700393
mirror,1738.80615234375,20.68917338818769
mirror,1744.189453125,17.964103578741963
mirror,1749.57275390625,9.79070164822512
mirror,1754.9560546875,17.281262091080382
mirror,1760.33935546875,15.232093894042675
mirror,1765.72265625,16.364556715748083
mirror,1771.10595703125,19.316958113901457
mirror,1776.4892578125,20.55908753710211
mirror,1781.87255859375,22.079918472834642
mirror,1787.255859375,11.93365820902881
mirror,1792.63916015625,17.319939838456445
mirror,1798.0224609375,16.848626884361764
mirror,1803.40576171875,22.05199041076039
mirror,1808.7890625,21.080996184151118
mirror,1814.17236328125,18.469328343803866
mirror,1819.5556640625,25.9361885438585
mirror,1824.93896484375,19.531027538013067
mirror,1830.322265625,18.903683556801262
mirror,1835.70556640625,2.420477850396029
mirror,1841.0888671875,21.24308178433396
mirror,1846.47216796875,20.08368378635504
mirror,1851.85546875,7.085158438429695
mirror,1857.23876953125,11.586420837384537
mirror,1862.6220703125,9.77499001613001
mirror,1868.00537109375,10.322967963117051
mirror,1873.388671875,16.520742414072444
mirror,1878.77197265625,15.851565595835162
mirror,1884.1552734375,14.774067901165935
mirror,1889.53857421875,13.820703677358093
mirror,1894.921875,9.493880682034506
mirror,1900.30517578125,15.127554356408135
mirror,1905.6884765625,15.569373795458608
mirror,1911.07177734375,11.485131313686686
mirror,1916.455078125,17.5224718000159
mirror,1921.83837890625,15.299345755576878
mirror,1927.2216796875,15.13239595954175
mirror,1932.60498046875,9.13070632288658
mirror,1937.98828125,12.93192759324042
mirror,1943.37158203125,8.470233577550006
mirror,1948.7548828125,11.694788900549039
mirror,1954.13818359375,15.454523061288745
mirror,1959.521484375,5.117023778750509
mirror,1964.90478515625,17.013286293811316
mirror,1970.2880859375,21.564346037184453
mirror,1975.67138671875,20.203192692499535
mirror,1981.0546875,-2.0703439317254806
mirror,1986.43798828125,17.629369877912573
mirror,1991.8212890625,10.120099973694503
mirror,1997.20458984375,8.24898349773246
mirror,2002.587890625,10.23005548544016
mirror,2007.97119140625,19.40841625470923
mirror,2013.3544921875,21.898991975283728
mirror,2018.73779296875,14.52751284180194
mirror,2024.12109375,19.86033928902572
mirror,2029.50439453125,24.500104870312377
mirror,2034.8876953125,23.941579455884366
mirror,2040.27099609375,16.540502733870476
mirror,2045.654296875,15.893940823218992
mirror,2051.03759765625,18.038596561753153
mirror,2056.4208984375,14.325385206063048
mirror,2061.80419921875,13.927689686254972
mirror,2067.1875,20.301200187826144
mirror,2072.57080078125,14.199784206858787
mirror,2077.9541015625,10.577378203126635
mirror,2083.33740234375,17.41992985180184
mirror,2088.720703125,25.04024938241223
mirror,2094.10400390625,25.861840131730812
mirror,2099.4873046875,26.288617347246095
mirror,2104.87060546875,23.1708177039122
mirror,2110.25390625,23.174836042738942
mirror,2115.63720703125,26.17176106119542
mirror,2121.0205078125,19.040776269828633
mirror,2126.40380859375,12.062178668148478
mirror,2131.787109375,19.80200931836661
mirror,2137.17041015625,26.146248564248875
mirror,2142.5537109375,28.353585418353255
mirror,2147.93701171875,27.54755490549634
mirror,2153.3203125,22.084247496881794
mirror,2158.70361328125,18.710975887064038
mirror,2164.0869140625,21.21756790593203
mirror,2169.47021484375,6.500937285077407
mirror,2174.853515625,21.17843761263336
mirror,2180.23681640625,26.52379410541965
mirror,2185.6201171875,29.595815855829084
mirror,2191.00341796875,30.215022781578007
mirror,2196.38671875,28.594865728862167
mirror,2201.77001953125,28.248720067552078
mirror,2207.1533203125,28.87574710708657
mirror,2212.53662109375,27.716923178889772
mirror,2217.919921875,23.34401159524957
mirror,2223.30322265625,26.823786086598655
mirror,2228.6865234375,27.580861192548195
mirror,2234.06982421875,22.076638802269343
mirror,2239.453125,23.065596432530107
mirror,2244.83642578125,25.358380274295655
mirror,2250.2197265625,26.24472134665034
mirror,2255.60302734375,23.938605856404674
mirror,2260.986328125,22.523586059956322
mirror,2266.36962890625,24.815023087577444
mirror,2271.7529296875,25.62715537503437
mirror,2277.13623046875,19.833833635348153
mirror,2282.51953125,15.982339565090777
mirror,2287.90283203125,24.619230098420356
mirror,2293.2861328125,20.79559225341434
mirror,2298.66943359375,26.550760896825096
mirror,2304.052734375,34.55776406532028
mirror,2309.43603515625,33.6800296222546
mirror,2314.8193359375,34.10375929798175
mirror,2320.20263671875,39.12551870469667
mirror,2325.5859375,36.953450130015355
mirror,2330.96923828125,24.751891312136358
mirror,2336.3525390625,25.333228613515505
mirror,2341.73583984375,24.762641737928913
mirror,2347.119140625,28.80011073255975
mirror,2352.50244140625,23.103433434596713
mirror,2357.8857421875,12.93110128600696
mirror,2363.26904296875,27.433708879208968
mirror,2368.65234375,33.70012810651082
mirror,2374.03564453125,34.272430657556185
mirror,2379.4189453125,33.51430567966061
mirror,2384.80224609375,30.028076525957875
mirror,2390.185546875,32.41360984189428
mirror,2395.56884765625,32.183341930770396
mirror,2400.9521484375,26.415854970096248
mirror,2406.33544921875,28.49054705019099
mirror,2411.71875,31.781045563208018
mirror,2417.10205078125,32.75018793616815
mirror,2422.4853515625,33.00783611388123
mirror,2427.86865234375,33.94076976772776
mirror,2433.251953125,20.20776750106027
mirror,2438.63525390625,37.06664292160189
mirror,2444.0185546875,34.781679263467844
mirror,2449.40185546875,31.57098922048233
mirror,2454.78515625,36.81477830268152
mirror,2460.16845703125,33.280352287418125
mirror,2465.5517578125,26.15585319671531
mirror,2470.93505859375,31.230207179185378
mirror,2476.318359375,29.84638926003263
mirror,2481.70166015625,31.142745910069145
mirror,2487.0849609375,26.68541786628332
mirror,2492.46826171875,27.795184899033544
mirror,2497.8515625,28.331073183125657
mirror,2503.23486328125,21.844725037619494
mirror,2508.6181640625,26.009203402902546
mirror,2514.00146484375,32.919672088864786
mirror,2519.384765625,32.989001571595836
mirror,2524.76806640625,23.732300890404716
mirror,2530.1513671875,14.52122461841933
mirror,2535.53466796875,31.45735480127214
mirror,2540.91796875,36.94842427939221
mirror,2546.30126953125,34.882634890397846
mirror,2551.6845703125,23.035782460298904
mirror,2557.06787109375,27.93045341050348
mirror,2562.451171875,32.35832888989528
mirror,2567.83447265625,32.17060160865639
mirror,2573.2177734375,28.527576719905625
mirror,2578.60107421875,24.04728193452594
mirror,2583.984375,17.379883868492385
mirror,2589.36767578125,20.8544295195739
mirror,2594.7509765625,22.74383389683085
mirror,2600.13427734375,28.363513826700558
mirror,2605.517578125,32.85135776892956
mirror,2610.90087890625,23.389027226994813
mirror,2616.2841796875,27.74585619138564
mirror,2621.66748046875,28.25384460224853
mirror,2627.05078125,28.184957452469632
mirror,2632.43408203125,28.780176433578582
mirror,2637.8173828125,25.9713421917186
mirror,2643.20068359375,29.341142081571228
mirror,2648.583984375,27.281617854636757
mirror,2653.96728515625,31.195410955950493
mirror,2659.3505859375,32.9385626022633
mirror,2664.73388671875,27.765279567568193
mirror,2670.1171875,22.525602766818466
mirror,2675.50048828125,18.315585294354616
mirror,2680.8837890625,19.860535633998943
mirror,2686.26708984375,24.75029877577558
mirror,2691.650390625,24.504644606711878
mirror,2697.03369140625,24.82196428660565
mirror,2702.4169921875,28.308238336941038
mirror,2707.80029296875,28.02021717991014
mirror,2713.18359375,23.623341499893176
mirror,2718.56689453125,20.42368372098394
mirror,2723.9501953125,20.892932427402357
mirror,2729.33349609375,25.995425921764117
mirror,2734.716796875,29.08059546753129
mirror,2740.10009765625,24.28167915505815
mirror,2745.4833984375,20.466961154508525
mirror,2750.86669921875,21.84631200501167
mirror,2756.25,20.593858486439828
mirror,2761.63330078125,25.09593144204814
mirror,2767.0166015625,25.850976426846913
mirror,2772.39990234375,22.273014062815527
mirror,2777.783203125,20.475082570473205
mirror,2783.16650390625,15.666156196653043
mirror,2788.5498046875,24.93929546912481
mirror,2793.93310546875,25.58599231075903
mirror,2799.31640625,28.631247877812
mirror,2804.69970703125,28.005389428284072
mirror,2810.0830078125,25.153079444760174
mirror,2815.46630859375,18.03769971628878
mirror,2820.849609375,15.380376052426099
mirror,2826.23291015625,15.143398657362034
mirror,2831.6162109375,20.760551092560974
mirror,2836.99951171875,24.476920120094448
mirror,2842.3828125,23.515009387372313
mirror,2847.76611328125,23.015383314494503
mirror,2853.1494140625,23.10453426616864
mirror,2858.53271484375,19.987523456399636
mirror,2863.916015625,12.84769598595304
mirror,2869.29931640625,2.423285559599109
mirror,2874.6826171875,14.825813138688144
mirror,2880.06591796875,20.44578749828425
mirror,2885.44921875,16.326587091092485
mirror,2890.83251953125,15.637340873209373
mirror,2896.2158203125,17.212892534855676
mirror,2901.59912109375,17.953014080903408
mirror,2906.982421875,17.8689196223523
mirror,2912.36572265625,22.51454406690998
mirror,2917.7490234375,21.66344589473441
mirror,2923.13232421875,8.157647220104336
mirror,2928.515625,24.8789538720385
mirror,2933.89892578125,26.532374461210924
mirror,2939.2822265625,22.942343941793013
mirror,2944.66552734375,23.43469506434304
mirror,2950.048828125,20.4266332169124
mirror,2955.43212890625,7.475944134761317
mirror,2960.8154296875,6.117680539074671
mirror,2966.19873046875,20.70977927916617
mirror,2971.58203125,21.967924651523845
mirror,2976.96533203125,24.31324623149542
mirror,2982.3486328125,27.45511020768567
mirror,2987.73193359375,28.259861934053184
mirror,2993.115234375,24.319853888544515
mirror,2998.49853515625,21.811548863678325
mirror,3003.8818359375,27.648273303031075
mirror,3009.26513671875,28.906789111330504
mirror,3014.6484375,21.375476877369778
mirror,3020.03173828125,23.009933485217484
mirror,3025.4150390625,23.118051165184998
mirror,3030.79833984375,8.945599701433963
mirror,3036.181640625,24.119063195096572
mirror,3041.56494140625,24.953736828173238
mirror,3046.9482421875,23.992727476337873
mirror,3052.33154296875,21.20115290309332
mirror,3057.71484375,16.537382354438655
mirror,3063.09814453125,18.80101865478752
mirror,3068.4814453125,22.65230202977714
mirror,3073.86474609375,25.851830969082556
mirror,3079.248046875,26.509416328889344
mirror,3084.63134765625,20.896903784519296
mirror,3090.0146484375,19.573833521001465
mirror,3095.39794921875,26.471820506905065
mirror,3100.78125,29.126809471833962
mirror,3106.16455078125,28.455130705620846
mirror,3111.5478515625,29.432479129903534
mirror,3116.93115234375,27.546381136425097
mirror,3122.314453125,21.084895814564607
mirror,3127.69775390625,23.165858006372936
mirror,3133.0810546875,10.330330299768276
mirror,3138.46435546875,20.272625319659447
mirror,3143.84765625,22.059234414035554
mirror,3149.23095703125,15.05794716855821
mirror,3154.6142578125,8.954504890236342
mirror,3159.99755859375,11.451478009435856
mirror,3165.380859375,15.287968149445883
mirror,3170.76416015625,-2.2810385787258833
mirror,3176.1474609375,24.347595125345517
mirror,3181.53076171875,26.974518905689358
mirror,3186.9140625,15.992456176774626
mirror,3192.29736328125,20.019359282116685
mirror,3197.6806640625,22.23883497144908
mirror,3203.06396484375,26.182989487086736
mirror,3208.447265625,23.02547579483037
mirror,3213.83056640625,19.242794426972615
mirror,3219.2138671875,20.373887960598584
mirror,3224.59716796875,21.618264511043428
mirror,3229.98046875,21.885727383994823
mirror,3235.36376953125,5.8704074182893295
mirror,3240.7470703125,14.373706338980321
mirror,3246.13037109375,10.148593005821521
mirror,3251.513671875,11.794598578267447
mirror,3256.89697265625,11.884645911012349
mirror,3262.2802734375,-0.8580954810608493
mirror,3267.66357421875,10.645449335898935
mirror,3273.046875,21.815721361397607
mirror,3278.43017578125,24.368900673825934
mirror,3283.8134765625,19.85461051588694
mirror,3289.19677734375,18.88833085170017
mirror,3294.580078125,19.191134257909823
mirror,3299.96337890625,17.455140330922646
mirror,3305.3466796875,18.671706135157176
mirror,3310.72998046875,16.321140718087
mirror,3316.11328125,23.581293584426813
mirror,3321.49658203125,14.913652123869332
mirror,3326.8798828125,23.24292166745645
mirror,3332.26318359375,23.51797650373169
mirror,3337.646484375,17.692244003929492
mirror,3343.02978515625,17.523021193808383
mirror,3348.4130859375,21.974036613521804
mirror,3353.79638671875,22.799649756420656
mirror,3359.1796875,17.419005588268174
mirror,3364.56298828125,10.372077140215918
mirror,3369.9462890625,4.429422909973836
mirror,3375.32958984375,16.359447527293668
mirror,3380.712890625,22.97667634091453
mirror,3386.09619140625,25.22698731980598
mirror,3391.4794921875,20.745516522998013
mirror,3396.86279296875,7.209576344795222
mirror,3402.24609375,22.886865158679136
mirror,3407.62939453125,25.369011241899393
mirror,3413.0126953125,21.292926693174042
mirror,3418.39599609375,19.97432631655579
mirror,3423.779296875,24.08586844892163
mirror,3429.16259765625,22.54134167334987
mirror,3434.5458984375,21.98947863164339
mirror,3439.92919921875,24.3219845032949
mirror,3445.3125,18.96363660421532
mirror,3450.69580078125,12.498533763538347
mirror,3456.0791015625,19.972650867593043
mirror,3461.46240234375,20.052582273923043
mirror,3466.845703125,13.129730205809233
mirror,3472.22900390625,0.8215882500939197
mirror,3477.6123046875,3.352253267996063
mirror,3482.99560546875,11.352990939219644
mirror,3488.37890625,20.67705695596063
mirror,3493.76220703125,21.23517503416556
mirror,3499.1455078125,13.572832129357176
mirror,3504.52880859375,19.146647677730936
mirror,3509.912109375,19.865199528059275
mirror,3515.29541015625,18.022334477083835
mirror,3520.6787109375,18.337945490830574
mirror,3526.06201171875,12.446726014379028
mirror,3531.4453125,19.00881660689475
mirror,3536.82861328125,13.957328516689628
mirror,3542.2119140625,11.49682348074711
mirror,3547.59521484375,13.910495895120121
mirror,3552.978515625,10.466252899633758
mirror,3558.36181640625,14.080725028093504
mirror,3563.7451171875,16.13773070942804
mirror,3569.12841796875,10.870694229347386
mirror,3574.51171875,11.294302528086098
mirror,3579.89501953125,16.042288152096184
mirror,3585.2783203125,13.803478814055998
mirror,3590.66162109375,16.911098989065295
mirror,3596.044921875,11.52067572378349
mirror,3601.42822265625,11.329870055959434
mirror,3606.8115234375,12.797200332058944
mirror,3612.19482421875,-4.2823574995746805
mirror,3617.578125,15.827644710815834
mirror,3622.96142578125,16.827590770490506
mirror,3628.3447265625,8.964108160924205
mirror,3633.72802734375,8.945196920366264
mirror,3639.111328125,12.153489920720054
mirror,3644.49462890625,14.14324008672212
mirror,3649.8779296875,14.209781931495675
mirror,3655.26123046875,20.810410354132436
mirror,3660.64453125,21.966841436776605
mirror,3666.02783203125,19.789727063438498
mirror,3671.4111328125,17.493648861239162
mirror,3676.79443359375,10.858203790909684
mirror,3682.177734375,9.73875610281436
mirror,3687.56103515625,19.813703561683994
mirror,3692.9443359375,21.217380690230883
mirror,3698.32763671875,18.243328661177312
mirror,3703.7109375,13.558134101320828
mirror,3709.09423828125,14.655651699871298
mirror,3714.4775390625,17.449036551619123
mirror,3719.86083984375,12.828403755010537
mirror,3725.244140625,14.287364532224363
mirror,3730.62744140625,12.589168492672451
mirror,3736.0107421875,13.709558005880208
mirror,3741.39404296875,16.248280787384807
mirror,3746.77734375,16.292349266467486
mirror,3752.16064453125,18.566428226247325
mirror,3757.5439453125,18.97475169463241
mirror,3762.92724609375,18.193604943419352
mirror,3768.310546875,16.95880677819471
mirror,3773.69384765625,14.813877524663702
mirror,3779.0771484375,16.017735534636486
mirror,3784.46044921875,14.848045405191368
mirror,3789.84375,10.051580462071726
mirror,3795.22705078125,11.324625133177602
mirror,3800.6103515625,12.51259072429846
mirror,3805.99365234375,15.82996404962035
mirror,3811.376953125,15.230442600733431
mirror,3816.76025390625,1.2731239031634913
mirror,3822.1435546875,10.37694527434068
mirror,3827.52685546875,6.609426451235361
mirror,3832.91015625,18.270103246914246
mirror,3838.29345703125,19.178553092330024
mirror,3843.6767578125,19.097931087742403
mirror,3849.06005859375,19.624386613267614
mirror,3854.443359375,17.184068087536247
mirror,3859.82666015625,10.740567430296045
mirror,3865.2099609375,11.819079137732324
mirror,3870.59326171875,7.8619663892144365
mirror,3875.9765625,-4.1058850533932185
mirror,3881.35986328125,9.549378233367278
mirror,3886.7431640625,16.74290295661675
mirror,3892.12646484375,17.623615113088764
mirror,3897.509765625,18.11985256480385
mirror,3902.89306640625,14.57024483284856
mirror,3908.2763671875,7.009201022880143
mirror,3913.65966796875,16.065803760401096
mirror,3919.04296875,13.623288015759305
mirror,3924.42626953125,3.449127959313791
mirror,3929.8095703125,5.355854638263871
mirror,3935.19287109375,9.855283259100398
mirror,3940.576171875,12.192719067818231
mirror,3945.95947265625,11.255136278413346
mirror,3951.3427734375,9.762154637223073
mirror,3956.72607421875,13.065524334987908
mirror,3962.109375,16.38369660228662
mirror,3967.49267578125,13.69874538456891
mirror,3972.8759765625,-2.1885604404522794
mirror,3978.25927734375,-5.949437869315074
mirror,3983.642578125,12.863671872880818
mirror,3989.02587890625,17.707226188022382
mirror,3994.4091796875,15.609072077909632
mirror,3999.79248046875,14.932245908152025
mirror,4005.17578125,18.579447998797246
mirror,4010.55908203125,19.649196362616898
mirror,4015.9423828125,20.026470814189498
mirror,4021.32568359375,19.83831538151318
mirror,4026.708984375,17.180157599129767
mirror,4032.09228515625,9.348415907039259
mirror,4037.4755859375,-4.964610972141975
mirror,4042.85888671875,-3.7980922002011037
mirror,4048.2421875,0.8411483480682227
mirror,4053.62548828125,4.896616737681941
mirror,4059.0087890625,-6.613408995331046
mirror,4064.39208984375,8.24426560255785
mirror,4069.775390625,1.215771880216839
mirror,4075.15869140625,6.330346613831047
mirror,4080.5419921875,0.13882958059873213
mirror,4085.92529296875,13.043009733789079
mirror,4091.30859375,15.595122454926875
mirror,4096.69189453125,13.136730935089203
mirror,4102.0751953125,2.118921825340805
mirror,4107.45849609375,5.031865114050889
mirror,4112.841796875,6.301644836996495
mirror,4118.22509765625,10.45814043251626
mirror,4123.6083984375,12.691074513332675
mirror,4128.99169921875,13.596411160923108
mirror,4134.375,11.704551910565774
mirror,4139.75830078125,5.956242063805899
mirror,4145.1416015625,-0.08289476977218262
mirror,4150.52490234375,3.3523111706117845
mirror,4155.908203125,7.87050070927939
mirror,4161.29150390625,8.678706929000871
mirror,4166.6748046875,11.37777643832358
mirror,4172.05810546875,13.06470795678559
mirror,4177.44140625,13.190825885810897
mirror,4182.82470703125,11.68911206747487
mirror,4188.2080078125,8.574229365819306
mirror,4193.59130859375,6.6964124715629065
mirror,4198.974609375,3.5048536921709053
mirror,4204.35791015625,10.548469656034293
mirror,4209.7412109375,7.810150435791509
mirror,4215.12451171875,10.715745927063923
mirror,4220.5078125,2.185300664657766
mirror,4225.89111328125,8.667897977035317
mirror,4231.2744140625,10.007506458177684
mirror,4236.65771484375,3.260052190001765
mirror,4242.041015625,9.25260255678957
mirror,4247.42431640625,9.816654418218944
mirror,4252.8076171875,-0.9809993608926113
mirror,4258.19091796875,-1.255696020397552
mirror,4263.57421875,5.859965637954444
mirror,4268.95751953125,6.039935962712591
mirror,4274.3408203125,5.194047979548126
mirror,4279.72412109375,13.098372937862415
mirror,4285.107421875,8.292413842700093
mirror,4290.49072265625,14.943216511203829
mirror,4295.8740234375,15.711646606505884
mirror,4301.25732421875,6.290951418062484
mirror,4306.640625,7.2272985135141266
mirror,4312.02392578125,13.042271622030325
mirror,4317.4072265625,9.956992967115937
mirror,4322.79052734375,8.371761351242583
mirror,4328.173828125,9.591312804643911
mirror,4333.55712890625,1.2246774164294971
mirror,4338.9404296875,8.03784167111001
mirror,4344.32373046875,10.475132411965546
mirror,4349.70703125,11.619462887679045
mirror,4355.09033203125,14.82569808347641
mirror,4360.4736328125,14.982244414802263
mirror,4365.85693359375,11.68558753537033
mirror,4371.240234375,5.45637876696083
mirror,4376.62353515625,12.956299739733087
mirror,4382.0068359375,15.487628007866592
mirror,4387.39013671875,10.907791986243339
mirror,4392.7734375,19.05224336812206
mirror,4398.15673828125,14.184536676889678
mirror,4403.5400390625,7.31014589640052
mirror,4408.92333984375,10.706065586653104
mirror,4414.306640625,9.741541340093265
mirror,4419.68994140625,-4.107692375827154
mirror,4425.0732421875,8.014159148182422
mirror,4430.45654296875,4.682244524671483
mirror,4435.83984375,9.000162661065254
mirror,4441.22314453125,11.924585803969777
mirror,4446.6064453125,14.68051145337058
mirror,4451.98974609375,13.014678013082184
mirror,4457.373046875,15.649699910937844
mirror,4462.75634765625,15.531124975916464
mirror,4468.1396484375,4.9955787780297225
mirror,4473.52294921875,5.939405298547332
mirror,4478.90625,6.428206652121479
mirror,4484.28955078125,-1.6367289520315147
mirror,4489.6728515625,-0.7898746730761648
mirror,4495.05615234375,1.8049526592601275
mirror,4500.439453125,8.869309018219756
mirror,4505.82275390625,8.230678039932211
mirror,4511.2060546875,-3.9093552488490424
mirror,4516.58935546875,7.464198813526563
mirror,4521.97265625,5.838732576563413
mirror,4527.35595703125,4.434003750417848
mirror,4532.7392578125,2.538993782896646
mirror,4538.12255859375,-2.375074315202209
mirror,4543.505859375,10.232550795812061
mirror,4548.88916015625,9.936420835253879
mirror,4554.2724609375,8.832967767286245
mirror,4559.65576171875,9.949142352910405
mirror,4565.0390625,7.876217479658124
mirror,4570.42236328125,3.135781137433158
mirror,4575.8056640625,4.663345803375964
mirror,4581.18896484375,8.521245755319882
mirror,4586.572265625,7.742376054824609
mirror,4591.95556640625,12.192470766268421
mirror,4597.3388671875,15.710607751424543
mirror,4602.72216796875,10.629425605501705
mirror,4608.10546875,3.013889750105333
mirror,4613.48876953125,7.400278092870273
mirror,4618.8720703125,8.092812655841978
mirror,4624.25537109375,8.674794996574738
mirror,4629.638671875,3.3615213578377947
mirror,4635.02197265625,-0.5575087993714392
mirror,4640.4052734375,10.237591179746238
mirror,4645.78857421875,11.492600200240059
mirror,4651.171875,8.131742651075434
mirror,4656.55517578125,8.447779146716409
mirror,4661.9384765625,9.58312237124964
mirror,4667.32177734375,12.093570709193788
mirror,4672.705078125,15.095284546236144
mirror,4678.08837890625,14.53507307137982
mirror,4683.4716796875,10.766733246715802
mirror,4688.85498046875,13.44872729982199
mirror,4694.23828125,15.574356846663434
mirror,4699.62158203125,14.027443374769842
mirror,4705.0048828125,-1.6393776750200577
mirror,4710.38818359375,8.546616512628267
mirror,4715.771484375,4.682539264395855
mirror,4721.15478515625,7.040335193291459
mirror,4726.5380859375,12.405943812280647
mirror,4731.92138671875,12.354417733863645
mirror,4737.3046875,8.840065195326119
mirror,4742.68798828125,2.5285714766322616
mirror,4748.0712890625,11.850589928495738
mirror,4753.45458984375,12.157816624630701
mirror,4758.837890625,7.386564062733902
mirror,4764.22119140625,13.339719260224642
mirror,4769.6044921875,12.265094962434976
mirror,4774.98779296875,1.39809186337862
mirror,4780.37109375,7.607180124117235
mirror,4785.75439453125,7.219178556663389
mirror,4791.1376953125,3.306885962667485
mirror,4796.52099609375,-1.6339141977550393
mirror,4801.904296875,-5.450602557671024
mirror,4807.28759765625,-19.268018696278645
mirror,4812.6708984375,0.5879494153334335
mirror,4818.05419921875,-5.326771338079031
mirror,4823.4375,-3.8262243334492068
mirror,4828.82080078125,5.002194210293959
mirror,4834.2041015625,7.316805315931624
mirror,4839.58740234375,3.9003452804918908
mirror,4844.970703125,-2.9849767135229626
mirror,4850.35400390625,2.6923391056879926
mirror,4855.7373046875,8.52093076613191
mirror,4861.12060546875,1.1139344806279348
mirror,4866.50390625,9.820430143445936
mirror,4871.88720703125,14.537193435728375
mirror,4877.2705078125,12.457426242161432
mirror,4882.65380859375,8.425006018576617
mirror,4888.037109375,4.037962210368899
mirror,4893.42041015625,-2.6846195803444917
mirror,4898.8037109375,-3.906138540732918
mirror,4904.18701171875,1.6084408443544347
mirror,4909.5703125,6.556287218241165
mirror,4914.95361328125,12.756536857332259
mirror,4920.3369140625,15.16221237252137
mirror,4925.72021484375,9.294107187074903
mirror,4931.103515625,7.78379106792948
mirror,4936.48681640625,11.367152549009944
mirror,4941.8701171875,-2.819582003609091
mirror,4947.25341796875,11.898737403423443
mirror,4952.63671875,10.035142557849657
mirror,4958.02001953125,10.848655553231888
mirror,4963.4033203125,11.728042701935724
mirror,4968.78662109375,10.219404044418749
mirror,4974.169921875,6.944050703477355
mirror,4979.55322265625,0.03991090109438289
mirror,4984.9365234375,5.756521772136378
mirror,4990.31982421875,8.9991011056252
mirror,4995.703125,10.290950767705658
mirror,5001.08642578125,13.628401242479388
mirror,5006.4697265625,13.265831378302542
mirror,5011.85302734375,5.348475990888916
mirror,5017.236328125,0.5497679606795398
mirror,5022.61962890625,3.918076050633019
mirror,5028.0029296875,6.93253504531686
mirror,5033.38623046875,4.401741285309383
mirror,5038.76953125,7.927958255930974
mirror,5044.15283203125,6.90759243531014
mirror,5049.5361328125,-4.562546889545906
mirror,5054.91943359375,5.274373788176179
mirror,5060.302734375,3.063199970760354
mirror,5065.68603515625,2.712141529102915
mirror,5071.0693359375,11.58304519928475
mirror,5076.45263671875,11.312596789650076
mirror,5081.8359375,-0.2341163742662012
mirror,5087.21923828125,4.86112162441875
mirror,5092.6025390625,6.036107103828991
mirror,5097.98583984375,-1.3347479913919282
mirror,5103.369140625,3.3897239787861597
mirror,5108.75244140625,7.61147401139228
mirror,5114.1357421875,7.006748798881701
mirror,5119.51904296875,1.4997601273841812
mirror,5124.90234375,-0.8516654235252529
mirror,5130.28564453125,5.087765962801702
mirror,5135.6689453125,6.401628451603173
mirror,5141.05224609375,2.538162628244761
mirror,5146.435546875,11.939826514915406
mirror,5151.81884765625,12.296528181198296
mirror,5157.2021484375,4.808059095649806
mirror,5162.58544921875,2.6118981786755895
mirror,5167.96875,2.2875441512799624
mirror,5173.35205078125,1.5550005628042471
mirror,5178.7353515625,6.167990295294707
mirror,5184.11865234375,10.182461240475075
mirror,5189.501953125,10.603786963417665
mirror,5194.88525390625,6.04347736497587
mirror,5200.2685546875,8.135093241207112
mirror,5205.65185546875,9.839583706114839
mirror,5211.03515625,10.324399608522317
mirror,5216.41845703125,6.0250849348399935
mirror,5221.8017578125,-17.046532572437364
mirror,5227.18505859375,3.032192285357447
mirror,5232.568359375,6.371596508508976
mirror,5237.95166015625,6.814100474193428
mirror,5243.3349609375,4.723846823805774
mirror,5248.71826171875,6.094753808263071
mirror,5254.1015625,9.111918567436991
mirror,5259.48486328125,6.204178901020002
mirror,5264.8681640625,4.684273364070648
mirror,5270.25146484375,1.0828676717061942
mirror,5275.634765625,-16.861744952103695
mirror,5281.01806640625,1.214105141361269
mirror,5286.4013671875,5.785189012120327
mirror,5291.78466796875,-1.3346196913848207
mirror,5297.16796875,-4.360029392026102
mirror,5302.55126953125,-0.23138187224235637
mirror,5307.9345703125,6.2756433515069
mirror,5313.31787109375,6.075643971567395
mirror,5318.701171875,5.410178103916149
mirror,5324.08447265625,7.473609096528535
mirror,5329.4677734375,7.868362279373331
mirror,5334.85107421875,-0.49782431273435424
mirror,5340.234375,4.061959773058482
mirror,5345.61767578125,9.52214487772162
mirror,5351.0009765625,10.498409155791437
mirror,5356.38427734375,7.982072181260844
mirror,5361.767578125,1.9027877730344553
mirror,5367.15087890625,-6.606431652857601
mirror,5372.5341796875,-5.680277332042857
mirror,5377.91748046875,-5.24912101777248
mirror,5383.30078125,1.350494730617263
mirror,5388.68408203125,3.540790793070952
mirror,5394.0673828125,3.907796356738918
mirror,5399.45068359375,4.205162281572573
mirror,5404.833984375,-3.9960979771052147
mirror,5410.21728515625,1.3766122734560855
mirror,5415.6005859375,6.8778430630988865
mirror,5420.98388671875,5.919883765471635
mirror,5426.3671875,-3.273466307843859
mirror,5431.75048828125,0.7675510329038483
mirror,5437.1337890625,5.324011445272979
mirror,5442.51708984375,7.9604438327929214
mirror,5447.900390625,8.566960978471919
mirror,5453.28369140625,3.2578411818836237
mirror,5458.6669921875,-3.6817278644635456
mirror,5464.05029296875,8.233024757701068
mirror,5469.43359375,10.330316304858325
mirror,5474.81689453125,3.7496498676584507
mirror,5480.2001953125,4.924418319436532
mirror,5485.58349609375,11.365459099080566
mirror,5490.966796875,10.540845069697685
mirror,5496.35009765625,7.001482716861135
mirror,5501.7333984375,3.780786240766572
mirror,5507.11669921875,-3.1390969123464463
mirror,5512.5,5.462642004289425
mirror,5517.88330078125,9.676967784842413
mirror,5523.2666015625,2.903153462213819
mirror,5528.64990234375,-2.0844634368204615
mirror,5534.033203125,-2.7472655997821844
mirror,5539.41650390625,-12.057670093017466
mirror,5544.7998046875,-2.3661000093810487
mirror,5550.18310546875,2.420523497876502
mirror,5555.56640625,7.19277067304565
mirror,5560.94970703125,2.783382650187241
mirror,5566.3330078125,9.160203005333646
mirror,5571.71630859375,12.780690352860017
mirror,5577.099609375,9.49866235762853
mirror,5582.48291015625,5.484209360143458
mirror,5587.8662109375,7.315537943172659
mirror,5593.24951171875,7.195529910314048
mirror,5598.6328125,3.1141345231784134
mirror,5604.01611328125,2.3062952937711896
mirror,5609.3994140625,3.6163598903062413
mirror,5614.78271484375,5.204137403055441
mirror,5620.166015625,7.841364230874934
mirror,5625.54931640625,5.244484892294365
mirror,5630.9326171875,-8.810459605318329
mirror,5636.31591796875,6.997968518045708
mirror,5641.69921875,7.473310041150346
mirror,5647.08251953125,0.29319583272685645
mirror,5652.4658203125,-2.931484219212011
mirror,5657.84912109375,-6.596504528770417
mirror,5663.232421875,-0.6231739751707145
mirror,5668.61572265625,-15.980708918925872
mirror,5673.9990234375,0.42154405752430735
mirror,5679.38232421875,4.5118263394078575
mirror,5684.765625,4.639708339073485
mirror,5690.14892578125,3.0442691696050077
mirror,5695.5322265625,-2.3579523404044247
mirror,5700.91552734375,5.398609884262321
mirror,5706.298828125,9.736469861644718
mirror,5711.68212890625,6.505689557028864
mirror,5717.0654296875,9.962210979316337
mirror,5722.44873046875,11.79218326608773
mirror,5727.83203125,6.427915948042854
mirror,5733.21533203125,-0.8530212753442862
mirror,5738.5986328125,3.7009249500603976
mirror,5743.98193359375,-13.262274111890111
mirror,5749.365234375,6.51041307844835
mirror,5754.74853515625,4.089196593539015
mirror,5760.1318359375,5.007401527525378
mirror,5765.51513671875,8.728415056009872
mirror,5770.8984375,4.875733423272013
mirror,5776.28173828125,-1.2438996778328417
mirror,5781.6650390625,-0.4835151593374084
mirror,5787.04833984375,-5.247102505659711
mirror,5792.431640625,-4.34577398784376
mirror,5797.81494140625,-1.261930525924973
mirror,5803.1982421875,4.466320218721453
mirror,5808.58154296875,5.935706634527799
mirror,5813.96484375,-4.818953075019208
mirror,5819.34814453125,-1.3019396298632708
mirror,5824.7314453125,0.09825229487162615
mirror,5830.11474609375,1.8221103620159687
mirror,5835.498046875,7.814483077377529
mirror,5840.88134765625,9.278779701189237
mirror,5846.2646484375,6.260624876484597
mirror,5851.64794921875,1.1109413650311821
mirror,5857.03125,1.6995700314236122
mirror,5862.41455078125,4.172506766976371
mirror,5867.7978515625,3.674931667251996
mirror,5873.18115234375,0.43165835928728535
mirror,5878.564453125,3.294386094906609
mirror,5883.94775390625,5.704399560025678
mirror,5889.3310546875,1.1642882762333533
mirror,5894.71435546875,2.4342878008218065
mirror,5900.09765625,6.074575948718587
mirror,5905.48095703125,2.0214988393775863
mirror,5910.8642578125,-2.5806284496414063
mirror,5916.24755859375,2.3808641268229684
mirror,5921.630859375,5.304912294799093
mirror,5927.01416015625,6.177378376449636
mirror,5932.3974609375,4.692434557822935
mirror,5937.78076171875,0.9200984342701185
mirror,5943.1640625,1.191454529951847
mirror,5948.54736328125,7.74077184410018
mirror,5953.9306640625,1.2875490934927172
mirror,5959.31396484375,0.8004644165840593
mirror,5964.697265625,2.208001361949858
mirror,5970.08056640625,-1.2158787870347132
mirror,5975.4638671875,3.956072993681679
mirror,5980.84716796875,5.429255068887402
mirror,5986.23046875,5.026006744288401
mirror,5991.61376953125,2.779415448700822
mirror,5996.9970703125,-4.048193761032113
mirror,6002.38037109375,-4.270826036439259
mirror,6007.763671875,2.691491674528689
mirror,6013.14697265625,3.5500648268425445
mirror,6018.5302734375,5.379547452091272
mirror,6023.91357421875,4.993993728126674
mirror,6029.296875,-0.044904621430218665
mirror,6034.68017578125,10.318643729432184
mirror,6040.0634765625,7.7624500292712515
mirror,6045.44677734375,-4.014825888527261
mirror,6050.830078125,-0.32094360435776065
mirror,6056.21337890625,6.586275770541421
mirror,6061.5966796875,8.077903550042167
mirror,6066.97998046875,7.660537575432256
mirror,6072.36328125,5.083949256174153
mirror,6077.74658203125,1.3534837566990623
mirror,6083.1298828125,1.479780248687638
mirror,6088.51318359375,-3.235958166436702
mirror,6093.896484375,3.4848616008753903
mirror,6099.27978515625,-4.362096429368388
mirror,6104.6630859375,6.308050224190378
mirror,6110.04638671875,6.740885940353726
mirror,6115.4296875,3.65623399921373
mirror,6120.81298828125,3.5443666816833037
mirror,6126.1962890625,4.686097901016145
mirror,6131.57958984375,3.864911117756902
mirror,6136.962890625,4.645384735533279
mirror,6142.34619140625,3.134565250322776
mirror,6147.7294921875,-8.183972476481463
mirror,6153.11279296875,1.909477276300171
mirror,6158.49609375,1.7320269369676677
mirror,6163.87939453125,7.382709558393493
mirror,6169.2626953125,8.781825577296106
mirror,6174.64599609375,8.778470830249388
mirror,6180.029296875,7.4135409299390265
mirror,6185.41259765625,-7.174781408853166
mirror,6190.7958984375,-4.481096462655183
mirror,6196.17919921875,0.5306272705444952
mirror,6201.5625,2.1052551236576575
mirror,6206.94580078125,-3.026227626485496
mirror,6212.3291015625,3.9070507998337263
mirror,6217.71240234375,4.3224228194024565
mirror,6223.095703125,1.2764462241021084
mirror,6228.47900390625,5.611143220110177
mirror,6233.8623046875,10.001217385273062
mirror,6239.24560546875,8.220730605883723
mirror,6244.62890625,-2.285529520246116
mirror,6250.01220703125,2.2709510176973553
mirror,6255.3955078125,4.088950376498616
mirror,6260.77880859375,5.911479547427014
mirror,6266.162109375,6.076957464765556
mirror,6271.54541015625,3.4659669836837628
mirror,6276.9287109375,-1.4125504015537307
mirror,6282.31201171875,-4.925713450590838
mirror,6287.6953125,-5.535057468513491
mirror,6293.07861328125,6.952275605877716
mirror,6298.4619140625,8.350387861465425
mirror,6303.84521484375,0.7610209025353296
mirror,6309.228515625,-7.551452890426537
mirror,6314.61181640625,-1.0450170946781774
mirror,6319.9951171875,3.3850404781332677
mirror,6325.37841796875,7.852487558874511
mirror,6330.76171875,8.472529190135393
mirror,6336.14501953125,-4.08382044732437
mirror,6341.5283203125,2.9531276161914795
mirror,6346.91162109375,3.5787389043571425
mirror,6352.294921875,2.043777273509049
mirror,6357.67822265625,4.447030426077597
mirror,6363.0615234375,4.290605621812876
mirror,6368.44482421875,1.0687765277785661
mirror,6373.828125,0.4689827863380544
mirror,6379.21142578125,2.1746918515651497
mirror,6384.5947265625,0.7335274495534938
mirror,6389.97802734375,-6.689471543698157
mirror,6395.361328125,0.20498483010945417
mirror,6400.74462890625,3.872283955085287
mirror,6406.1279296875,4.470656769961316
mirror,6411.51123046875,-1.2948848029673008
mirror,6416.89453125,-2.770351690596109
mirror,6422.27783203125,4.367306257973011
mirror,6427.6611328125,1.7632827379592197
mirror,6433.04443359375,-0.16457746903613474
mirror,6438.427734375,4.7292792904644605
mirror,6443.81103515625,8.778114872568878
mirror,6449.1943359375,8.046643468811315
mirror,6454.57763671875,-1.6251465902968683
mirror,6459.9609375,-1.2813040530033324
mirror,6465.34423828125,0.46900789810974575
mirror,6470.7275390625,1.9517691658278093
mirror,6476.11083984375,0.32342430612470835
mirror,6481.494140625,6.135876612482017
mirror,6486.87744140625,7.773268250841713
mirror,6492.2607421875,4.1571564034866855
mirror,6497.64404296875,-3.2895872881963157
mirror,6503.02734375,-6.958362474641394
mirror,6508.41064453125,-8.246220229203203
mirror,6513.7939453125,6.6007320409700165
mirror,6519.17724609375,10.123648890055254
mirror,6524.560546875,5.7786796644382745
mirror,6529.94384765625,1.7511301453693904
mirror,6535.3271484375,8.887662800699593
mirror,6540.71044921875,9.843553959833827
mirror,6546.09375,6.836839238203238
mirror,6551.47705078125,4.719411748243511
mirror,6556.8603515625,-7.782606604354465
mirror,6562.24365234375,6.070883018763041
mirror,6567.626953125,8.314650657420557
mirror,6573.01025390625,7.597778833455995
mirror,6578.3935546875,6.319757086278701
mirror,6583.77685546875,-9.508947092792233
mirror,6589.16015625,0.045342786355394814
mirror,6594.54345703125,1.5816605827773087
mirror,6599.9267578125,8.419308367848528
mirror,6605.31005859375,6.420265345861274
mirror,6610.693359375,-2.8302141703843247
mirror,6616.07666015625,2.4855447501595807
mirror,6621.4599609375,5.651170354472916
mirror,6626.84326171875,6.478161930351559
mirror,6632.2265625,10.234362884756463
mirror,6637.60986328125,8.6335185286154
mirror,6642.9931640625,4.220762259949255
mirror,6648.37646484375,4.044451359397173
mirror,6653.759765625,5.08486607067431
mirror,6659.14306640625,5.989673551929284
mirror,6664.5263671875,-2.456955613161998
mirror,6669.90966796875,5.279957974675215
mirror,6675.29296875,0.2422723786613036
mirror,6680.67626953125,6.5156166044982005
mirror,6686.0595703125,8.58736830627035
mirror,6691.44287109375,-1.9897064635717976
mirror,6696.826171875,6.184903690878371
mirror,6702.20947265625,3.8422651602876834
mirror,6707.5927734375,-15.91048929608338
mirror,6712.97607421875,4.2988254249644235
mirror,6718.359375,6.476463327978554
mirror,6723.74267578125,-5.5777971267256
mirror,6729.1259765625,8.430865536100242
mirror,6734.50927734375,8.214740503797174
mirror,6739.892578125,-4.937803089243466
mirror,6745.27587890625,-1.7940124774632746
mirror,6750.6591796875,-1.958510196504705
mirror,6756.04248046875,4.219616235386864
mirror,6761.42578125,6.237433258456627
mirror,6766.80908203125,4.6109329308633145
mirror,6772.1923828125,4.912183020568152
mirror,6777.57568359375,1.3497990756673954
mirror,6782.958984375,5.267893348264884
mirror,6788.34228515625,5.310008360719268
mirror,6793.7255859375,-1.265325983857626
mirror,6799.10888671875,-8.138103028804247
mirror,6804.4921875,5.196734451022768
mirror,6809.87548828125,4.070829635981028
mirror,6815.2587890625,-0.37554437520010486
mirror,6820.64208984375,4.649239367853063
mirror,6826.025390625,2.6568132687513577
mirror,6831.40869140625,4.183623742087747
mirror,6836.7919921875,9.438403956592298
mirror,6842.17529296875,8.82587447001167
mirror,6847.55859375,4.908831824111938
mirror,6852.94189453125,3.3018887845692295
mirror,6858.3251953125,3.815638080502128
mirror,6863.70849609375,1.9879010254380625
mirror,6869.091796875,-0.4866652656678738
mirror,6874.47509765625,-6.3985524391541215
mirror,6879.8583984375,-4.186895070432207
mirror,6885.24169921875,3.365359816573104
mirror,6890.625,1.4044595134592779
mirror,6896.00830078125,-4.436441928767271
mirror,6901.3916015625,3.3313942301376125
mirror,6906.77490234375,3.6999268688476987
mirror,6912.158203125,5.006204592031543
mirror,6917.54150390625,6.7909544265751975
mirror,6922.9248046875,3.724165558085434
mirror,6928.30810546875,-1.545913953715408
mirror,6933.69140625,4.500008096708944
mirror,6939.07470703125,6.85082522567984
mirror,6944.4580078125,7.457567096982524
mirror,6949.84130859375,3.6799775760344438
mirror,6955.224609375,-5.580695891962541
mirror,6960.60791015625,-0.013145177170652257
mirror,6965.9912109375,0.723789398559809
mirror,6971.37451171875,-15.097518595185868
mirror,6976.7578125,2.4743117205930494
mirror,6982.14111328125,7.086678183409544
mirror,6987.5244140625,5.428169114389567
mirror,6992.90771484375,-0.7974020646788049
mirror,6998.291015625,-5.481167870518525
mirror,7003.67431640625,-11.1096871699821
mirror,7009.0576171875,-3.6078828869890387
mirror,7014.44091796875,-6.181231549974631
mirror,7019.82421875,3.9135666436779566
mirror,7025.20751953125,8.466587375308247
mirror,7030.5908203125,8.536900680354346
mirror,7035.97412109375,6.334300514436157
mirror,7041.357421875,6.344470076513616
mirror,7046.74072265625,6.121244108966781
mirror,7052.1240234375,1.30304913504904
mirror,7057.50732421875,4.171324077865496
mirror,7062.890625,5.653868152343998
mirror,7068.27392578125,2.8239381953742155
mirror,7073.6572265625,-3.068658872518322
mirror,7079.04052734375,-6.634367751627489
mirror,7084.423828125,-0.8964527309318893
mirror,7089.80712890625,0.8369468634125916
mirror,7095.1904296875,3.100502731599251
mirror,7100.57373046875,2.189540676739908
mirror,7105.95703125,1.2356507851926761
mirror,7111.34033203125,6.243758438160249
mirror,7116.7236328125,4.193321155222445
mirror,7122.10693359375,-3.2247767792360778
mirror,7127.490234375,4.481666586326608
mirror,7132.87353515625,4.473481783919711
mirror,7138.2568359375,5.5602005028910595
mirror,7143.64013671875,9.492264439749393
mirror,7149.0234375,9.801933431310108
mirror,7154.40673828125,8.44741423762965
mirror,7159.7900390625,7.781238836379343
mirror,7165.17333984375,5.99366206248906
mirror,7170.556640625,-0.27581393061779946
mirror,7175.93994140625,-2.833344891025838
mirror,7181.3232421875,6.612925223827596
mirror,7186.70654296875,10.586828932963957
mirror,7192.08984375,7.959673054973614
mirror,7197.47314453125,1.503889888662082
mirror,7202.8564453125,1.1918064651809344
mirror,7208.23974609375,6.094264147662809
mirror,7213.623046875,1.8564980185280633
mirror,7219.00634765625,-5.821819545951681
mirror,7224.3896484375,2.190424240695057
mirror,7229.77294921875,4.669606985808648
mirror,7235.15625,5.742895453258682
mirror,7240.53955078125,3.6439306909369384
mirror,7245.9228515625,-2.6963836302909256
mirror,7251.30615234375,-9.601834415419425
mirror,7256.689453125,-8.228061814841464
mirror,7262.07275390625,1.2662312251869094
mirror,7267.4560546875,-4.891513471846476
mirror,7272.83935546875,-1.497812486745373
mirror,7278.22265625,-3.360808241755611
mirror,7283.60595703125,2.8211232719275756
mirror,7288.9892578125,2.011809117181897
mirror,7294.37255859375,3.659730225075985
mirror,7299.755859375,1.8601774306959362
mirror,7305.13916015625,1.3951726799591013
mirror,7310.5224609375,7.6329529005005705
mirror,7315.90576171875,7.184601964590106
mirror,7321.2890625,-1.0022502362431966
mirror,7326.67236328125,-3.6831608074027935
mirror,7332.0556640625,-0.29619332491809236
mirror,7337.43896484375,-3.532414700412028
mirror,7342.822265625,-2.9633684266139007
mirror,7348.20556640625,4.890620740735297
mirror,7353.5888671875,11.10005721474629
mirror,7358.97216796875,13.05344881639889
mirror,7364.35546875,10.432885915044048
mirror,7369.73876953125,8.969876256711961
mirror,7375.1220703125,11.764298604066907
mirror,7380.50537109375,11.57069928476586
mirror,7385.888671875,3.1091292950699714
mirror,7391.27197265625,0.832001611164151
mirror,7396.6552734375,-5.96920309530892
mirror,7402.03857421875,-7.726741868842639
mirror,7407.421875,-2.8894110557088433
mirror,7412.80517578125,-4.273175381609776
mirror,7418.1884765625,-2.020289729218981
mirror,7423.57177734375,-4.873149454967293
mirror,7428.955078125,-1.2467958410448716
mirror,7434.33837890625,-4.438915572549475
mirror,7439.7216796875,2.815723847772299
mirror,7445.10498046875,-4.698270985112825
mirror,7450.48828125,2.5634005156380573
mirror,7455.87158203125,6.256839714092606
mirror,7461.2548828125,1.3256180228445902
mirror,7466.63818359375,-0.3434694147817253
mirror,7472.021484375,5.079668621301873
mirror,7477.40478515625,-0.35440615146575694
mirror,7482.7880859375,-10.392325424213167
mirror,7488.17138671875,3.7787808086359718
mirror,7493.5546875,5.493205385460379
mirror,7498.93798828125,-8.821497953089153
mirror,7504.3212890625,-0.517238690049542
mirror,7509.70458984375,-6.431125986325275
mirror,7515.087890625,3.2925084049404987
mirror,7520.47119140625,1.1459036495027335
mirror,7525.8544921875,0.8220531160557492
mirror,7531.23779296875,-0.1846017519340296
mirror,7536.62109375,-0.9525042237136095
mirror,7542.00439453125,4.149110748114181
mirror,7547.3876953125,-0.9806703579419879
mirror,7552.77099609375,-0.0832597153224125
mirror,7558.154296875,5.124375621981226
mirror,7563.53759765625,3.4185274318298218
mirror,7568.9208984375,5.34170963949718
mirror,7574.30419921875,-2.2866240229069508
mirror,7579.6875,2.269620073686565
mirror,7585.07080078125,5.153456205060439
mirror,7590.4541015625,5.228261489426823
mirror,7595.83740234375,3.9838410800068798
mirror,7601.220703125,0.7815182334377707
mirror,7606.60400390625,2.3067911075637317
mirror,7611.9873046875,-1.0304443101957177
mirror,7617.37060546875,-3.856180306487209
mirror,7622.75390625,-15.753128005489428
mirror,7628.13720703125,2.300153318556605
mirror,7633.5205078125,1.9322497454246592
mirror,7638.90380859375,3.8101364553776023
mirror,7644.287109375,-0.6365849623522213
mirror,7649.67041015625,1.253694841079144
mirror,7655.0537109375,4.906857679803512
mirror,7660.43701171875,1.0597696701514963
mirror,7665.8203125,-2.4867505556924394
mirror,7671.20361328125,-5.1513059474696465
mirror,7676.5869140625,-1.2702788161835725
mirror,7681.97021484375,-8.190223429635568
mirror,7687.353515625,-6.142998844097126
mirror,7692.73681640625,-3.5500710729364116
mirror,7698.1201171875,-3.630428017519046
mirror,7703.50341796875,-6.677544960198006
mirror,7708.88671875,6.327776701143027
mirror,7714.27001953125,8.886309305169732
mirror,7719.6533203125,7.564627461847023
mirror,7725.03662109375,6.1857665754864435
mirror,7730.419921875,4.12814943968687
mirror,7735.80322265625,0.46409865222246205
mirror,7741.1865234375,-9.471251573049756
mirror,7746.56982421875,-6.628260245302949
mirror,7751.953125,1.7958221409909303
mirror,7757.33642578125,6.26317400631503
mirror,7762.7197265625,3.205478788078542
mirror,7768.10302734375,-0.3798488862597088
mirror,7773.486328125,-2.659119440824396
mirror,7778.86962890625,2.494787052809726
mirror,7784.2529296875,5.717097172622938
mirror,7789.63623046875,3.7715280642524744
mirror,7795.01953125,-4.4087501246734995
mirror,7800.40283203125,3.402000669318893
mirror,7805.7861328125,10.903017413763207
mirror,7811.16943359375,8.208321462392652
mirror,7816.552734375,0.516674059716206
mirror,7821.93603515625,5.387193080612509
mirror,7827.3193359375,-2.7662211104943273
mirror,7832.70263671875,-4.9822802205689065
mirror,7838.0859375,2.8303585969605347
mirror,7843.46923828125,5.590136623652474
mirror,7848.8525390625,-7.926403019241539
mirror,7854.23583984375,4.274937848490524
mirror,7859.619140625,3.9713913893872426
mirror,7865.00244140625,-7.726538510896871
mirror,7870.3857421875,4.089076442876609
mirror,7875.76904296875,8.025923889724053
mirror,7881.15234375,9.91029300695811
mirror,7886.53564453125,8.898751843330494
mirror,7891.9189453125,2.9966305449186796
mirror,7897.30224609375,4.349216059113934
mirror,7902.685546875,11.203370844304725
mirror,7908.06884765625,7.341444648139665
mirror,7913.4521484375,7.286399254742893
mirror,7918.83544921875,4.148318950338924
mirror,7924.21875,7.082192687596284
mirror,7929.60205078125,8.21386752817358
mirror,7934.9853515625,4.545628295892762
mirror,7940.36865234375,8.288520026393964
mirror,7945.751953125,-4.4702813635589065
mirror,7951.13525390625,4.724316199149529
mirror,7956.5185546875,-10.033317931977873
mirror,7961.90185546875,3.165260350334442
mirror,7967.28515625,-7.027706426491633
mirror,7972.66845703125,5.355659607506276
mirror,7978.0517578125,-0.8686746829699611
mirror,7983.43505859375,4.966998580090424
mirror,7988.818359375,11.266136803945022
mirror,7994.20166015625,11.459890607690514
mirror,7999.5849609375,-2.000424147646544
mirror,8004.96826171875,7.805316829647758
mirror,8010.3515625,9.872241078391204
mirror,8015.73486328125,-3.0762372892400744
mirror,8021.1181640625,4.185749219474228
mirror,8026.50146484375,1.3280817103426754
mirror,8031.884765625,9.288612075011043
mirror,8037.26806640625,-1.6188006228492475
mirror,8042.6513671875,2.1320171546595263
mirror,8048.03466796875,7.370305767658792
mirror,8053.41796875,12.672682080568192
mirror,8058.80126953125,4.902333192367777
mirror,8064.1845703125,0.9354493985952163
mirror,8069.56787109375,-4.336812516136933
mirror,8074.951171875,7.957392634768858
mirror,8080.33447265625,7.589429093192381
mirror,8085.7177734375,8.77020043372415
mirror,8091.10107421875,8.26743633241123
mirror,8096.484375,7.573862489686678
mirror,8101.86767578125,14.619451088342174
mirror,8107.2509765625,11.653363883853627
mirror,8112.63427734375,-2.4364826012911935
mirror,8118.017578125,7.253911864579189
mirror,8123.40087890625,6.044383060963043
mirror,8128.7841796875,-3.498948818355146
mirror,8134.16748046875,0.09630935283551251
mirror,8139.55078125,0.7549349618887109
mirror,8144.93408203125,4.3549211795186356
mirror,8150.3173828125,9.18626251091737
mirror,8155.70068359375,6.615468310702268
mirror,8161.083984375,1.6800207376522378
mirror,8166.46728515625,1.4024701683691196
mirror,8171.8505859375,5.48437216144586
mirror,8177.23388671875,8.223142795855729
mirror,8182.6171875,-0.6236495487819079
mirror,8188.00048828125,9.616504314226802
mirror,8193.3837890625,2.491982262075879
mirror,8198.76708984375,12.22286536568747
mirror,8204.150390625,12.525251283936655
mirror,8209.53369140625,6.135234866819966
mirror,8214.9169921875,2.4180291205471423
mirror,8220.30029296875,8.156441682605152
mirror,8225.68359375,7.606354197025875
mirror,8231.06689453125,9.010747056592555
mirror,8236.4501953125,10.397625086921442
mirror,8241.83349609375,9.960429529880404
mirror,8247.216796875,8.392800721753076
mirror,8252.60009765625,0.20106145287453192
mirror,8257.9833984375,1.1584131358556236
mirror,8263.36669921875,6.954068844739903
mirror,8268.75,8.135246781381868
mirror,8274.13330078125,4.420949835290841
mirror,8279.5166015625,2.719524321576658
mirror,8284.89990234375,8.660798772176918
mirror,8290.283203125,8.659329237381796
mirror,8295.66650390625,9.352479331084186
mirror,8301.0498046875,9.658331947311362
mirror,8306.43310546875,7.773708873025504
mirror,8311.81640625,-6.035191026791516
mirror,8317.19970703125,8.096930514518238
mirror,8322.5830078125,11.97437997672558
mirror,8327.96630859375,8.30221667935331
mirror,8333.349609375,3.2237496922129334
mirror,8338.73291015625,4.078197223467083
mirror,8344.1162109375,-5.782675417403027
mirror,8349.49951171875,-1.6250843516568945
mirror,8354.8828125,7.388818496539708
mirror,8360.26611328125,10.749998558473921
mirror,8365.6494140625,6.374784894492082
mirror,8371.03271484375,2.5404418938998417
mirror,8376.416015625,7.151580191708751
mirror,8381.79931640625,7.554186831741019
mirror,8387.1826171875,11.485482249937373
mirror,8392.56591796875,9.428343762878692
mirror,8397.94921875,4.767655250668071
mirror,8403.33251953125,1.7420828238732216
mirror,8408.7158203125,-5.276881609569165
mirror,8414.09912109375,0.23956505282602242
mirror,8419.482421875,3.4857511376490335
mirror,8424.86572265625,7.033226184538277
mirror,8430.2490234375,7.221342088389035
mirror,8435.63232421875,1.7542345609632708
mirror,8441.015625,-3.979073799274269
mirror,8446.39892578125,-1.8527159038238252
mirror,8451.7822265625,-3.5031453737063245
mirror,8457.16552734375,2.365752218085287
mirror,8462.548828125,3.953389285922306
mirror,8467.93212890625,-1.2098738959360804
mirror,8473.3154296875,9.307053353843639
mirror,8478.69873046875,4.8784482140828285
mirror,8484.08203125,0.717385315585417
mirror,8489.46533203125,4.037460780508811
mirror,8494.8486328125,-7.634193059714912
mirror,8500.23193359375,-5.299227953461426
mirror,8505.615234375,-2.1044321092109723
mirror,8510.99853515625,8.624392450028022
mirror,8516.3818359375,9.13112506420415
mirror,8521.76513671875,2.936803273052993
mirror,8527.1484375,1.9493737871033234
mirror,8532.53173828125,-15.384659408642602
mirror,8537.9150390625,-1.6345021303676575
mirror,8543.29833984375,-17.17741600897057
mirror,8548.681640625,3.5932216693514016
mirror,8554.06494140625,7.78591019198544
mirror,8559.4482421875,11.369045953654824
mirror,8564.83154296875,12.304503319969324
mirror,8570.21484375,4.925732705715727
mirror,8575.59814453125,5.211159390892885
mirror,8580.9814453125,7.16024524102588
mirror,8586.36474609375,3.691715594058313
mirror,8591.748046875,6.554565207661053
mirror,8597.13134765625,11.836183053250407
mirror,8602.5146484375,13.354668674546893
mirror,8607.89794921875,11.620319604768412
mirror,8613.28125,6.714156757707208
mirror,8618.66455078125,-2.5677820522323094
mirror,8624.0478515625,-3.5407548318269826
mirror,8629.43115234375,-1.7385902752031621
mirror,8634.814453125,-6.3328943802949755
mirror,8640.19775390625,2.376400962296134
mirror,8645.5810546875,1.5587612561568962
mirror,8650.96435546875,-9.927899124913942
mirror,8656.34765625,0.738957144358098
mirror,8661.73095703125,-11.474187080302453
mirror,8667.1142578125,6.637997859113634
mirror,8672.49755859375,7.123166051572667
mirror,8677.880859375,4.312384260338516
mirror,8683.26416015625,5.272235926629297
mirror,8688.6474609375,3.76408770491137
mirror,8694.03076171875,0.010656825793941359
mirror,8699.4140625,-12.200228790637082
mirror,8704.79736328125,-7.112498972196018
mirror,8710.1806640625,-12.238498588724307
mirror,8715.56396484375,3.467928283615316
mirror,8720.947265625,7.911615561746487
mirror,8726.33056640625,3.6194083264259773
mirror,8731.7138671875,-3.1367098046099606
mirror,8737.09716796875,2.90235026441764
mirror,8742.48046875,1.4848000754755093
mirror,8747.86376953125,-1.3718523802254965
mirror,8753.2470703125,-11.920972764934618
mirror,8758.63037109375,-0.9301919761939909
mirror,8764.013671875,3.3712141742769175
mirror,8769.39697265625,-4.866190898856695
mirror,8774.7802734375,-10.488625805418232
mirror,8780.16357421875,-18.964103935459786
mirror,8785.546875,-6.45442601559854
mirror,8790.93017578125,-8.751454132613402
mirror,8796.3134765625,-5.395251623285375
mirror,8801.69677734375,-16.73095843688587
mirror,8807.080078125,1.3083639026531722
mirror,8812.46337890625,4.834461263005604
mirror,8817.8466796875,5.1924996478133965
mirror,8823.22998046875,7.432969814169104
mirror,8828.61328125,5.766177539448511
mirror,8833.99658203125,-1.6127515122979852
mirror,8839.3798828125,-6.2325225266594995
mirror,8844.76318359375,-0.8152490347104736
mirror,8850.146484375,-11.19188556053288
mirror,8855.52978515625,-1.64331646413988
mirror,8860.9130859375,0.3853634484687112
mirror,8866.29638671875,-10.710307063936098
mirror,8871.6796875,-5.249592428880147
mirror,8877.06298828125,-2.2276224309318184
mirror,8882.4462890625,-0.7005616301723492
mirror,8887.82958984375,-1.1395154259223186
mirror,8893.212890625,4.439879206851219
mirror,8898.59619140625,5.4376390461902515
mirror,8903.9794921875,-5.33046211648839
mirror,8909.36279296875,1.2939894972040902
mirror,8914.74609375,5.26741375085332
mirror,8920.12939453125,3.183432132869571
mirror,8925.5126953125,-9.446255295239684
mirror,8930.89599609375,-0.27009887796073284
mirror,8936.279296875,-0.810840982829006
mirror,8941.66259765625,-2.2723611099707823
mirror,8947.0458984375,-10.634774906828993
mirror,8952.42919921875,1.9202616578463894
mirror,8957.8125,2.097275794103281
mirror,8963.19580078125,6.50618658561263
mirror,8968.5791015625,6.844091316427185
mirror,8973.96240234375,-0.8516954038230745
mirror,8979.345703125,-2.8866601948319195
mirror,8984.72900390625,-1.6527984620411624
mirror,8990.1123046875,0.33934800938549203
mirror,8995.49560546875,3.249130886479079
mirror,9000.87890625,1.805112990657317
mirror,9006.26220703125,2.134615822498286
mirror,9011.6455078125,2.7694825843323816
mirror,9017.02880859375,-0.1688514056245194
mirror,9022.412109375,-1.4266542973217242
mirror,9027.79541015625,-0.5959195669187766
mirror,9033.1787109375,-0.285612981499238
mirror,9038.56201171875,-3.189118354572353
mirror,9043.9453125,-16.43363948540083
mirror,9049.32861328125,-3.3489478763578506
mirror,9054.7119140625,2.7385138738261623
mirror,9060.09521484375,3.6302916942290677
mirror,9065.478515625,0.5695765487650258
mirror,9070.86181640625,-3.7828192179537052
mirror,9076.2451171875,7.624756062565527
mirror,9081.62841796875,7.379922145201768
mirror,9087.01171875,2.4743103892231346
mirror,9092.39501953125,4.250923973357064
mirror,9097.7783203125,1.4002693894399725
mirror,9103.16162109375,-5.7361529162421
mirror,9108.544921875,3.9032491711903305
mirror,9113.92822265625,4.871723695446353
mirror,9119.3115234375,2.2518735579606886
mirror,9124.69482421875,-14.481777974265013
mirror,9130.078125,0.6452704717189504
mirror,9135.46142578125,0.3292934972523228
mirror,9140.8447265625,-12.07976810153111
mirror,9146.22802734375,-2.424921180253144
mirror,9151.611328125,-0.3006468996022227
mirror,9156.99462890625,2.008683958186427
mirror,9162.3779296875,1.515272141077075
mirror,9167.76123046875,-3.4960249571962447
mirror,9173.14453125,-0.40057056454495255
mirror,9178.52783203125,0.15353187558611137
mirror,9183.9111328125,0.049241503105222864
mirror,9189.29443359375,0.8127867573529256
mirror,9194.677734375,-0.8692188464900085
mirror,9200.06103515625,-3.8873604651478395
mirror,9205.4443359375,-6.964501550925566
mirror,9210.82763671875,0.34227450724229813
mirror,9216.2109375,4.481493245133623
mirror,9221.59423828125,5.235464269734171
mirror,9226.9775390625,0.8959674137351853
mirror,9232.36083984375,-9.811838502533764
mirror,9237.744140625,-6.351345287059362
mirror,9243.12744140625,2.1611738575525625
mirror,9248.5107421875,-1.7896445410529227
mirror,9253.89404296875,-9.61894715568199
mirror,9259.27734375,-6.965453643832753
mirror,9264.66064453125,0.23890669905298545
mirror,9270.0439453125,-4.226880599083561
mirror,9275.42724609375,0.23575217990318167
mirror,9280.810546875,4.319018358224396
mirror,9286.19384765625,4.851072295466908
mirror,9291.5771484375,-0.12924195582829057
mirror,9296.96044921875,-3.643249996383256
mirror,9302.34375,2.6887994585558808
mirror,9307.72705078125,0.5100127268584458
mirror,9313.1103515625,-2.281380008070691
mirror,9318.49365234375,-4.790534351277591
mirror,9323.876953125,-3.0251836234556517
mirror,9329.26025390625,-2.245172761235822
mirror,9334.6435546875,-2.9298744504707956
mirror,9340.02685546875,-2.2652219347282916
mirror,9345.41015625,-0.5954919753850372
mirror,9350.79345703125,7.103003148986614
mirror,9356.1767578125,4.185779402556578
mirror,9361.56005859375,-4.1687783433645045
mirror,9366.943359375,-2.2472910164424853
mirror,9372.32666015625,-2.2030242688995765
mirror,9377.7099609375,0.6036223046759646
mirror,9383.09326171875,0.7990885527888107
mirror,9388.4765625,-0.40605937185354485
mirror,9393.85986328125,2.520874781340929
mirror,9399.2431640625,4.277974267747011
mirror,9404.62646484375,-1.3285246495286986
mirror,9410.009765625,2.491915577499119
mirror,9415.39306640625,9.650292895086839
mirror,9420.7763671875,7.185168521162542
mirror,9426.15966796875,-7.120663306288191
mirror,9431.54296875,6.5939225815036036
mirror,9436.92626953125,5.464770992053502
mirror,9442.3095703125,-0.5467661539474143
mirror,9447.69287109375,5.808298989199842
mirror,9453.076171875,5.804491493066846
mirror,9458.45947265625,-0.821915294287609
mirror,9463.8427734375,-8.649247242897694
mirror,9469.22607421875,1.6661258814824231
mirror,9474.609375,7.845874375034878
mirror,9479.99267578125,9.298204700847133
mirror,9485.3759765625,6.477585749436329
mirror,9490.75927734375,-0.17113427689258914
mirror,9496.142578125,-0.27701549573331236
mirror,9501.52587890625,1.9415656066051534
mirror,9506.9091796875,-2.9780032662672467
mirror,9512.29248046875,-2.8524322146736614
mirror,9517.67578125,0.15367023760645337
mirror,9523.05908203125,4.03480403479417
mirror,9528.4423828125,5.577442640357159
mirror,9533.82568359375,3.02624881751672
mirror,9539.208984375,-2.342239866430214
mirror,9544.59228515625,-3.8165348446607714
mirror,9549.9755859375,0.4817033705247077
mirror,9555.35888671875,2.2356968419025476
mirror,9560.7421875,-6.3947681804025835
mirror,9566.12548828125,-4.9702931179753165
mirror,9571.5087890625,-4.310412679399029
mirror,9576.89208984375,-2.313578756133851
mirror,9582.275390625,-2.7781174163495734
mirror,9587.65869140625,-7.099539618363981
mirror,9593.0419921875,-9.279955903068702
mirror,9598.42529296875,-7.602526662041289
mirror,9603.80859375,-5.875246344263495
mirror,9609.19189453125,3.3738358388752854
mirror,9614.5751953125,1.50216923338391
mirror,9619.95849609375,0.5352050719023318
mirror,9625.341796875,-0.4425941768717858
mirror,9630.72509765625,2.712970077115489
mirror,9636.1083984375,3.048654365126623
mirror,9641.49169921875,7.038521318388089
mirror,9646.875,4.7996283196947465
mirror,9652.25830078125,4.073360457906915
mirror,9657.6416015625,2.785880264055476
mirror,9663.02490234375,-9.686060090019659
mirror,9668.408203125,3.3529330218869924
mirror,9673.79150390625,5.058632701203086
mirror,9679.1748046875,2.65557987930361
mirror,9684.55810546875,1.8693712359164685
mirror,9689.94140625,1.8592807943860958
mirror,9695.32470703125,-1.3098287406020213
mirror,9700.7080078125,7.29173244619456
mirror,9706.09130859375,7.466809210931075
mirror,9711.474609375,-7.6116137924247855
mirror,9716.85791015625,2.039634048807459
mirror,9722.2412109375,0.9047342748622833
mirror,9727.62451171875,-2.6338455090697686
mirror,9733.0078125,-6.157498076778927
mirror,9738.39111328125,-13.537921158932534
mirror,9743.7744140625,-8.76960013908048
mirror,9749.15771484375,-7.179923127170154
mirror,9754.541015625,3.6161851242604426
mirror,9759.92431640625,7.1477207511633924
mirror,9765.3076171875,4.039774087129917
mirror,9770.69091796875,-3.990571601371142
mirror,9776.07421875,4.660390702910281
mirror,9781.45751953125,1.6386367736210605
mirror,9786.8408203125,-3.5093196996757525
mirror,9792.22412109375,-1.7977696208669145
mirror,9797.607421875,-22.09334392493789
mirror,9802.99072265625,-2.245467934033534
mirror,9808.3740234375,-0.931284543267443
mirror,9813.75732421875,0.42502090359876443
mirror,9819.140625,2.1616834138137433
mirror,9824.52392578125,0.10657201042998006
mirror,9829.9072265625,0.7829108953660098
mirror,9835.29052734375,2.572199979329239
mirror,9840.673828125,-4.244556706887413
mirror,9846.05712890625,2.5045403063850435
mirror,9851.4404296875,2.420180307495815
mirror,9856.82373046875,-3.532523734697584
mirror,9862.20703125,-11.14896958340043
mirror,9867.59033203125,-5.568750057136497
mirror,9872.9736328125,3.2379721392226135
mirror,9878.35693359375,2.9507941993345783
mirror,9883.740234375,-13.338801874641486
mirror,9889.12353515625,-2.3109897379924003
mirror,9894.5068359375,-8.153133137929828
mirror,9899.89013671875,0.8416234818504352
mirror,9905.2734375,0.19503432798463474
mirror,9910.65673828125,0.7126183262067308
mirror,9916.0400390625,-3.0071399715003393
mirror,9921.42333984375,-8.467929852520928
mirror,9926.806640625,-10.286711086664322
mirror,9932.18994140625,2.5073676429944367
mirror,9937.5732421875,6.9504316264850505
mirror,9942.95654296875,4.342871145560333
mirror,9948.33984375,-9.319934159305147
mirror,9953.72314453125,1.4341846987927567
mirror,9959.1064453125,2.7286274968400086
mirror,9964.48974609375,-0.9028938694539301
mirror,9969.873046875,0.2447356039307102
mirror,9975.25634765625,2.9875113209394106
mirror,9980.6396484375,-0.37289330539634125
mirror,9986.02294921875,-12.478465713504622
mirror,9991.40625,-0.1053211991285107
mirror,9996.78955078125,3.47129456555212
mirror,10002.1728515625,-0.43763399391361335
mirror,10007.55615234375,-21.159567720437266
mirror,10012.939453125,-10.970765837142512
mirror,10018.32275390625,-4.265018652693836
mirror,10023.7060546875,-4.098703659244979
mirror,10029.08935546875,-14.347309574751609
mirror,10034.47265625,-0.3441508815220617
mirror,10039.85595703125,-1.6367355735417997
mirror,10045.2392578125,-10.649373286938985
mirror,10050.62255859375,0.07023572681309714
mirror,10056.005859375,-2.7128384254268956
mirror,10061.38916015625,-0.10807612933277248
mirror,10066.7724609375,3.0436537996416693
mirror,10072.15576171875,1.5624867755346616
mirror,10077.5390625,0.8005646724906413
mirror,10082.92236328125,-1.0158229461492123
mirror,10088.3056640625,-1.3717314827926617
mirror,10093.68896484375,0.6606732157168677
mirror,10099.072265625,-3.8958648825906383
mirror,10104.45556640625,-19.582005421067837
mirror,10109.8388671875,-8.702798061352109
mirror,10115.22216796875,0.03623167410391555
mirror,10120.60546875,1.914757833251265
mirror,10125.98876953125,0.5984107290574108
mirror,10131.3720703125,-6.187409176009048
mirror,10136.75537109375,-23.90261483286985
mirror,10142.138671875,-12.016528061074927
mirror,10147.52197265625,-7.435497519577488
mirror,10152.9052734375,-9.488986311158142
mirror,10158.28857421875,-0.5851295369940145
mirror,10163.671875,3.0620686616426513
mirror,10169.05517578125,-0.23285032299390065
mirror,10174.4384765625,-7.486804442640869
mirror,10179.82177734375,-1.5727085599092285
mirror,10185.205078125,1.7535555551059487
mirror,10190.58837890625,-1.533794986864352
mirror,10195.9716796875,0.7256392448028368
mirror,10201.35498046875,0.4610437286924407
mirror,10206.73828125,5.069780616215148
mirror,10212.12158203125,4.225664227617186
mirror,10217.5048828125,0.9450993301464645
mirror,10222.88818359375,-1.3435838329748355
mirror,10228.271484375,3.0432319919321262
mirror,10233.65478515625,2.7696862528140747
mirror,10239.0380859375,-0.9351470407212834
mirror,10244.42138671875,0.3496020073984447
mirror,10249.8046875,3.731181943687602
mirror,10255.18798828125,1.0940734881646017
mirror,10260.5712890625,-12.087682390281332
mirror,10265.95458984375,-16.137796253942106
mirror,10271.337890625,-5.05998346245951
mirror,10276.72119140625,-4.083644048257847
mirror,10282.1044921875,-5.151620948135082
mirror,10287.48779296875,-6.336965265696852
mirror,10292.87109375,-10.581282730795888
mirror,10298.25439453125,-19.128545464758922
mirror,10303.6376953125,-1.7889418215804884
mirror,10309.02099609375,2.149381991511483
mirror,10314.404296875,-2.143504264981143
mirror,10319.78759765625,-22.229924789003746
mirror,10325.1708984375,-7.242130336905898
mirror,10330.55419921875,0.6182109933343488
mirror,10335.9375,0.9685540254870693
mirror,10341.32080078125,0.9583353050511616
mirror,10346.7041015625,-0.13158041809806087
mirror,10352.08740234375,0.3119840495654346
mirror,10357.470703125,-4.21099768138589
mirror,10362.85400390625,-6.276556519220825
mirror,10368.2373046875,-2.5988353166150295
mirror,10373.62060546875,-1.3345765258384907
mirror,10379.00390625,-3.5756260197374568
mirror,10384.38720703125,-4.997468592686818
mirror,10389.7705078125,-10.91679041880775
mirror,10395.15380859375,-6.646891804473343
mirror,10400.537109375,3.4810734621729056
mirror,10405.92041015625,6.129816272730108
mirror,10411.3037109375,3.45445676867486
mirror,10416.68701171875,-4.515471380264744
mirror,10422.0703125,1.9443416380390501
mirror,10427.45361328125,3.8817526765102772
mirror,10432.8369140625,0.48834653841938247
mirror,10438.22021484375,-2.3230204166315302
mirror,10443.603515625,-10.363027037652905
mirror,10448.98681640625,-6.503092640814069
mirror,10454.3701171875,-8.048866732502407
mirror,10459.75341796875,-11.684586590083368
mirror,10465.13671875,-4.751630882709074
mirror,10470.52001953125,-1.2996231413346904
mirror,10475.9033203125,-2.811823334955153
mirror,10481.28662109375,-5.561651504512078
mirror,10486.669921875,-0.9436248434062456
mirror,10492.05322265625,1.2753179841432494
mirror,10497.4365234375,-1.011065565546204
mirror,10502.81982421875,-6.886249048833683
mirror,10508.203125,-4.777906791122449
mirror,10513.58642578125,-16.48387262264424
mirror,10518.9697265625,-3.2934483018484135
mirror,10524.35302734375,-0.5068888074349053
mirror,10529.736328125,-4.2411631587938405
mirror,10535.11962890625,-1.4532999948837007
mirror,10540.5029296875,0.6055811034837904
mirror,10545.88623046875,-0.07266525207850111
mirror,10551.26953125,-15.133755551749621
mirror,10556.65283203125,-0.13408654748869162
mirror,10562.0361328125,2.3032578380246553
mirror,10567.41943359375,-1.8821466853922955
mirror,10572.802734375,-8.138072166087376
mirror,10578.18603515625,-5.9802443010179465
mirror,10583.5693359375,-4.645145478773809
mirror,10588.95263671875,-8.571845094604791
mirror,10594.3359375,-12.693075913344174
mirror,10599.71923828125,-5.077353936865635
mirror,10605.1025390625,-11.908660513840028
mirror,10610.48583984375,-14.61984077602051
mirror,10615.869140625,-2.881092340019616
mirror,10621.25244140625,-0.3166745726668284
mirror,10626.6357421875,-9.019977557939198
mirror,10632.01904296875,-6.770590041802322
mirror,10637.40234375,-6.632348860475315
mirror,10642.78564453125,-7.486823533276199
mirror,10648.1689453125,-2.399136858228357
mirror,10653.55224609375,-0.8725168398760472
mirror,10658.935546875,-2.0216171951693918
mirror,10664.31884765625,-7.983171167752429
mirror,10669.7021484375,-9.59878460628348
mirror,10675.08544921875,-0.32134365752767846
mirror,10680.46875,1.5369577794077396
mirror,10685.85205078125,-2.415929193660557
mirror,10691.2353515625,-1.995125662882766
mirror,10696.61865234375,-2.650280867509445
mirror,10702.001953125,-6.119353297778407
mirror,10707.38525390625,-1.9696709106174748
mirror,10712.7685546875,-18.835021024171258
mirror,10718.15185546875,-3.323132142071614
mirror,10723.53515625,-6.862304414218691
mirror,10728.91845703125,-10.095565441282341
mirror,10734.3017578125,-1.8809894421089581
mirror,10739.68505859375,0.5219220945314359
mirror,10745.068359375,-5.581339232092946
mirror,10750.45166015625,-2.382168825802884
mirror,10755.8349609375,-0.09248624219106949
mirror,10761.21826171875,-4.294961712659609
mirror,10766.6015625,-6.970821607444409
mirror,10771.98486328125,-0.29647707568280435
mirror,10777.3681640625,0.9354710937396405
mirror,10782.75146484375,4.589030849819659
mirror,10788.134765625,1.8797024088297667
mirror,10793.51806640625,-6.05967416449813
mirror,10798.9013671875,-3.5079448471085195
mirror,10804.28466796875,-6.722415532195109
mirror,10809.66796875,-3.2405682358939996
mirror,10815.05126953125,-17.460984083831544
mirror,10820.4345703125,-4.2878362327028565
mirror,10825.81787109375,-1.0222319737680923
mirror,10831.201171875,-5.378801258083406
mirror,10836.58447265625,-17.531806562886903
mirror,10841.9677734375,-12.121273723914662
mirror,10847.35107421875,-11.533951149222766
mirror,10852.734375,-10.222884084095043
mirror,10858.11767578125,-6.264644005423437
mirror,10863.5009765625,-1.530326808401129
mirror,10868.88427734375,0.45815695778765975
mirror,10874.267578125,-4.338430691522561
mirror,10879.65087890625,-0.6867447210630713
mirror,10885.0341796875,-0.26769424441212714
mirror,10890.41748046875,-5.032491560297853
mirror,10895.80078125,-3.6454115570521033
mirror,10901.18408203125,0.028020484169960953
mirror,10906.5673828125,0.9804633068874093
mirror,10911.95068359375,1.3548640177735871
mirror,10917.333984375,-3.872925229797432
mirror,10922.71728515625,-15.390500066324176
mirror,10928.1005859375,-3.897683670340839
mirror,10933.48388671875,-3.11812609492935
mirror,10938.8671875,-8.099797494482878
mirror,10944.25048828125,0.5607078181043947
mirror,10949.6337890625,-1.8228776850211958
mirror,10955.01708984375,-9.61767120496491
mirror,10960.400390625,-1.0583248537064625
mirror,10965.78369140625,-13.153215737272973
mirror,10971.1669921875,0.0780684436098732
mirror,10976.55029296875,2.263362927425915
mirror,10981.93359375,-1.6241936574910887
mirror,10987.31689453125,-1.603012898772449
mirror,10992.7001953125,-3.6612927841902825
mirror,10998.08349609375,-5.356209745218791
mirror,11003.466796875,-1.4349559581539935
mirror,11008.85009765625,-4.167797928319655
mirror,11014.2333984375,-9.921138437493225
mirror,11019.61669921875,-34.08651417598576
mirror,11025,-17.14778907669245
mirror,11030.38330078125,-12.750446035174129
mirror,11035.7666015625,-4.216970378172285
mirror,11041.14990234375,-5.3038527604444425
mirror,11046.533203125,-1.0283613847004318
mirror,11051.91650390625,0.13535638425559954
mirror,11057.2998046875,-2.835582798858333
mirror,11062.68310546875,-2.8101111579771043
mirror,11068.06640625,-0.691815432990231
mirror,11073.44970703125,0.32397099562544635
mirror,11078.8330078125,1.068154067546189
mirror,11084.21630859375,-0.3331242344796005
mirror,11089.599609375,-8.178922898044334
mirror,11094.98291015625,-12.325493681342373
mirror,11100.3662109375,-10.555684026124556
mirror,11105.74951171875,-3.4566317198792467
mirror,11111.1328125,-2.6136414509685792
mirror,11116.51611328125,-0.7389387404891408
mirror,11121.8994140625,-2.0530440564376677
mirror,11127.28271484375,-16.611447510511056
mirror,11132.666015625,-2.2550075882566425
mirror,11138.04931640625,0.19107889001544948
mirror,11143.4326171875,-2.4580568111295102
mirror,11148.81591796875,-1.7885422818140975
mirror,11154.19921875,0.8230193716831186
mirror,11159.58251953125,-4.080942877005239
mirror,11164.9658203125,-4.162212986774515
mirror,11170.34912109375,-4.081179290771853
mirror,11175.732421875,-14.899373465603245
mirror,11181.11572265625,-13.775043821639795
mirror,11186.4990234375,-14.13867860392385
mirror,11191.88232421875,-7.191126847742284
mirror,11197.265625,-9.379381792160569
mirror,11202.64892578125,-20.833233039899056
mirror,11208.0322265625,-11.066404612243266
mirror,11213.41552734375,-1.727465739165637
mirror,11218.798828125,-4.282784323821965
mirror,11224.18212890625,-11.20898634559429
mirror,11229.5654296875,-5.067216899701612
mirror,11234.94873046875,-3.8212140243724804
mirror,11240.33203125,-4.479621677352322
mirror,11245.71533203125,-18.320644887550404
mirror,11251.0986328125,-3.674162944536143
mirror,11256.48193359375,2.4723310280140494
mirror,11261.865234375,3.7688111943361537
mirror,11267.24853515625,3.3786327812471537
mirror,11272.6318359375,0.6967745712748546
mirror,11278.01513671875,-1.7776145281616982
mirror,11283.3984375,2.765562039178087
mirror,11288.78173828125,-3.3416063438118253
mirror,11294.1650390625,-5.936648454744068
mirror,11299.54833984375,-6.762535668666965
mirror,11304.931640625,-7.7366691133678875
mirror,11310.31494140625,-9.132368388434852
mirror,11315.6982421875,-4.960815492056013
mirror,11321.08154296875,-10.611654685861815
mirror,11326.46484375,-13.656407211853033
mirror,11331.84814453125,-7.255811994294778
mirror,11337.2314453125,-9.454866575065557
mirror,11342.61474609375,-4.48781113026997
mirror,11347.998046875,-3.926264908861443
mirror,11353.38134765625,-11.236325861205783
mirror,11358.7646484375,-2.786503488810434
mirror,11364.14794921875,0.5122660178009115
mirror,11369.53125,-1.3770295620578197
mirror,11374.91455078125,-4.224191391943349
mirror,11380.2978515625,-4.3107944186733285
mirror,11385.68115234375,-4.691810008003003
mirror,11391.064453125,-6.329141490956658
mirror,11396.44775390625,-6.281313201543667
mirror,11401.8310546875,-3.8227448169097453
mirror,11407.21435546875,-4.865630481220491
mirror,11412.59765625,-12.947451164616169
mirror,11417.98095703125,-6.797443009589955
mirror,11423.3642578125,-2.896767766843702
mirror,11428.74755859375,-1.0069159184766292
mirror,11434.130859375,-4.496732599734868
mirror,11439.51416015625,-17.017962975220577
mirror,11444.8974609375,-7.678877279846525
mirror,11450.28076171875,-2.8567553627556457
mirror,11455.6640625,-4.748045409455999
mirror,11461.04736328125,-1.2635973223630546
mirror,11466.4306640625,-0.07547619295602176
mirror,11471.81396484375,-5.771245098643813
mirror,11477.197265625,-11.085991491974607
mirror,11482.58056640625,-7.732544412410612
mirror,11487.9638671875,-0.8998579588140408
mirror,11493.34716796875,3.591363594827255
mirror,11498.73046875,0.8600651080937778
mirror,11504.11376953125,-11.098317387688528
mirror,11509.4970703125,-3.669084680078694
mirror,11514.88037109375,-5.370617232399675
mirror,11520.263671875,-5.181263927291042
mirror,11525.64697265625,-3.2586540158027084
mirror,11531.0302734375,-9.017223672637952
mirror,11536.41357421875,-14.524332880708508
mirror,11541.796875,-5.782737880531216
mirror,11547.18017578125,-6.692868654719413
mirror,11552.5634765625,-5.95088783285973
mirror,11557.94677734375,0.3958057308970898
mirror,11563.330078125,-4.126014071309089
mirror,11568.71337890625,-11.432793232686603
mirror,11574.0966796875,-6.4283664261857565
mirror,11579.47998046875,-10.750067998758917
mirror,11584.86328125,-6.41204662372354
mirror,11590.24658203125,-8.104622508281375
mirror,11595.6298828125,-9.799771996296965
mirror,11601.01318359375,-9.650285205770198
mirror,11606.396484375,-7.317218951523749
mirror,11611.77978515625,-3.593889498653539
mirror,11617.1630859375,-13.83582152609964
mirror,11622.54638671875,-3.2801907164198267
mirror,11627.9296875,-6.0036206108257755
mirror,11633.31298828125,-3.4621442133824516
mirror,11638.6962890625,0.4258956535089969
mirror,11644.07958984375,-1.69172757185742
mirror,11649.462890625,-0.9652338204317396
mirror,11654.84619140625,-1.8548323213020912
mirror,11660.2294921875,-8.65234839767803
mirror,11665.61279296875,-10.512221526821971
mirror,11670.99609375,-13.01986719447729
mirror,11676.37939453125,-5.967056339875621
mirror,11681.7626953125,-5.2860402245624405
mirror,11687.14599609375,-4.133511279460348
mirror,11692.529296875,-7.231895677649406
mirror,11697.91259765625,-6.392338327315951
mirror,11703.2958984375,-4.589679388867483
mirror,11708.67919921875,-8.313412198680696
mirror,11714.0625,-9.801600732745065
mirror,11719.44580078125,-1.907392454133542
mirror,11724.8291015625,-6.540313054157164
mirror,11730.21240234375,-5.980936287229007
mirror,11735.595703125,-2.971995634342539
mirror,11740.97900390625,-8.7429118633924
mirror,11746.3623046875,-13.969739893228857
mirror,11751.74560546875,-16.179522349794414
mirror,11757.12890625,-6.333623605846983
mirror,11762.51220703125,0.7156616729800219
mirror,11767.8955078125,-4.033237052670431
mirror,11773.27880859375,-5.27158433915884
mirror,11778.662109375,-1.0228459308258513
mirror,11784.04541015625,-17.824275455354144
mirror,11789.4287109375,-3.349845755136722
mirror,11794.81201171875,-1.5674654482890107
mirror,11800.1953125,-3.4841634677113924
mirror,11805.57861328125,-1.3585697978199671
mirror,11810.9619140625,-0.2707879652370749
mirror,11816.34521484375,-5.321744192589816
mirror,11821.728515625,-9.293376746027192
mirror,11827.11181640625,-2.8362986908402776
mirror,11832.4951171875,-7.423334298155292
mirror,11837.87841796875,-9.986781527711328
mirror,11843.26171875,-0.5080964841772853
mirror,11848.64501953125,0.766111644092255
mirror,11854.0283203125,-4.456419980813199
mirror,11859.41162109375,-5.288446393382848
mirror,11864.794921875,-20.825616216682793
mirror,11870.17822265625,-15.347359440742025
mirror,11875.5615234375,-3.2286818726014217
mirror,11880.94482421875,-5.258331130380025
mirror,11886.328125,-5.22087195128503
mirror,11891.71142578125,-4.701388859667276
mirror,11897.0947265625,-7.699559754381289
mirror,11902.47802734375,-3.1690739447664003
mirror,11907.861328125,-0.5127897031668479
mirror,11913.24462890625,-4.069533968875987
mirror,11918.6279296875,-5.092731613119348
mirror,11924.01123046875,-0.18828680596584624
mirror,11929.39453125,-0.8163646181575156
mirror,11934.77783203125,-5.482066465136144
mirror,11940.1611328125,3.3803384888247816
mirror,11945.54443359375,1.6565895916851154
mirror,11950.927734375,-4.947870165879886
mirror,11956.31103515625,-2.036727136280673
mirror,11961.6943359375,-2.4733384186763363
mirror,11967.07763671875,-4.503271218098622
mirror,11972.4609375,-4.805988069496523
mirror,11977.84423828125,0.6682040753941664
mirror,11983.2275390625,4.007258084939863
mirror,11988.61083984375,2.108407231187788
mirror,11993.994140625,-10.8372421332725
mirror,11999.37744140625,-8.496755451024049
mirror,12004.7607421875,-10.36645581163475
mirror,12010.14404296875,-3.1414305519255925
mirror,12015.52734375,-9.049061239071234
mirror,12020.91064453125,-1.868397324753864
mirror,12026.2939453125,-8.95434301332216
mirror,12031.67724609375,-0.3410791789353193
mirror,12037.060546875,-6.1848826555789005
mirror,12042.44384765625,-8.104372503202745
mirror,12047.8271484375,-1.335603818705387
mirror,12053.21044921875,-7.4710799915908375
mirror,12058.59375,-9.877347968817467
mirror,12063.97705078125,-11.393738659890165
mirror,12069.3603515625,2.522455252239567
mirror,12074.74365234375,1.4532244467128452
mirror,12080.126953125,-13.637389247657104
mirror,12085.51025390625,-5.011146921565897
mirror,12090.8935546875,-5.9838982573526875
mirror,12096.27685546875,-3.5779226742444115
mirror,12101.66015625,-5.876040269337341
mirror,12107.04345703125,-8.857307816450994
mirror,12112.4267578125,-13.019486314675957
mirror,12117.81005859375,-5.9239214050080164
mirror,12123.193359375,-3.908611566481366
mirror,12128.57666015625,-10.059836159785341
mirror,12133.9599609375,-6.123636963742616
mirror,12139.34326171875,-8.531931851922549
mirror,12144.7265625,-16.697022797688415
mirror,12150.10986328125,-8.873871300392072
mirror,12155.4931640625,-6.050883128152043
mirror,12160.87646484375,-14.132065983759137
mirror,12166.259765625,-9.829477367435173
mirror,12171.64306640625,-3.987209523998603
mirror,12177.0263671875,-4.9440730727245175
mirror,12182.40966796875,-14.364122431942954
mirror,12187.79296875,-15.173641392753511
mirror,12193.17626953125,-1.6527246335672783
mirror,12198.5595703125,1.4153828405960491
mirror,12203.94287109375,-8.581880767382073
mirror,12209.326171875,1.025704784090136
mirror,12214.70947265625,2.395751851240025
mirror,12220.0927734375,-4.506187542824377
mirror,12225.47607421875,-0.07406335736371783
mirror,12230.859375,3.42872945413712
mirror,12236.24267578125,2.50389397130553
mirror,12241.6259765625,-13.67914179548036
mirror,12247.00927734375,0.9263831006653244
mirror,12252.392578125,0.7579876748299528
mirror,12257.77587890625,0.3649557456443634
mirror,12263.1591796875,0.7770409522016444
mirror,12268.54248046875,3.0370985177300196
mirror,12273.92578125,2.3269658744047437
mirror,12279.30908203125,-9.365219928151017
mirror,12284.6923828125,3.8079894988640435
mirror,12290.07568359375,0.828930107777257
mirror,12295.458984375,0.6538249107169607
mirror,12300.84228515625,2.541049116402867
mirror,12306.2255859375,-7.060975208931691
mirror,12311.60888671875,-0.05731353543788766
mirror,12316.9921875,-1.5035505628712864
mirror,12322.37548828125,-9.56512720615129
mirror,12327.7587890625,-1.6511296363802597
mirror,12333.14208984375,-3.265423186352831
mirror,12338.525390625,-10.153168262171233
mirror,12343.90869140625,1.3171678979350452
mirror,12349.2919921875,4.061320956943836
mirror,12354.67529296875,0.971634936119659
mirror,12360.05859375,-8.208449891472856
mirror,12365.44189453125,-8.558203211672728
mirror,12370.8251953125,-2.6426155898856045
mirror,12376.20849609375,-1.456691284737896
mirror,12381.591796875,-5.64595381596019
mirror,12386.97509765625,-3.6020681177334697
mirror,12392.3583984375,4.473404960130825
mirror,12397.74169921875,0.8800730062555153
mirror,12403.125,-7.4365277787266715
mirror,12408.50830078125,1.0544853316708789
mirror,12413.8916015625,0.32798327672779265
mirror,12419.27490234375,3.4269648253700447
mirror,12424.658203125,4.6049913434092
mirror,12430.04150390625,1.8258652103561335
mirror,12435.4248046875,-3.509142006659765
mirror,12440.80810546875,-9.582462020387336
mirror,12446.19140625,3.057933405295952
mirror,12451.57470703125,3.79651027094901
mirror,12456.9580078125,0.6682008227153189
mirror,12462.34130859375,1.9047084982835727
mirror,12467.724609375,-2.81012981392895
mirror,12473.10791015625,0.23417957955639254
mirror,12478.4912109375,1.4885107897416243
mirror,12483.87451171875,-0.7779526401929181
mirror,12489.2578125,-3.1415773983923128
mirror,12494.64111328125,-4.842769720992322
mirror,12500.0244140625,-1.1635926283596574
mirror,12505.40771484375,3.8064673780499776
mirror,12510.791015625,4.864732054041162
mirror,12516.17431640625,-2.4508701425214916
mirror,12521.5576171875,-2.020995117196231
mirror,12526.94091796875,2.6660052745533322
mirror,12532.32421875,3.3254226801011972
mirror,12537.70751953125,1.2154199888504902
mirror,12543.0908203125,-3.945192798956332
mirror,12548.47412109375,7.687651044285857
mirror,12553.857421875,9.240650153933622
mirror,12559.24072265625,6.525337674010359
mirror,12564.6240234375,1.2441736293262031
mirror,12570.00732421875,-0.1269747287476161
mirror,12575.390625,2.1508149832746466
mirror,12580.77392578125,4.637883773525288
mirror,12586.1572265625,-1.2969010116130486
mirror,12591.54052734375,-6.727451283152201
mirror,12596.923828125,-0.2738106302066846
mirror,12602.30712890625,0.4488777897355376
mirror,12607.6904296875,-0.5566324216012394
mirror,12613.07373046875,-8.87510984481432
mirror,12618.45703125,2.738021555311266
mirror,12623.84033203125,5.794633627461786
mirror,12629.2236328125,2.335276149891084
mirror,12634.60693359375,-0.5875839249959446
mirror,12639.990234375,0.48600253379626257
mirror,12645.37353515625,-2.64472993521618
mirror,12650.7568359375,-9.028398847941041
mirror,12656.14013671875,-7.869946121559258
mirror,12661.5234375,-0.6284403623307661
mirror,12666.90673828125,0.4450934378315479
mirror,12672.2900390625,-2.422099336725328
mirror,12677.67333984375,-7.898466250141367
mirror,12683.056640625,-6.05195899729622
mirror,12688.43994140625,-3.180950789727163
mirror,12693.8232421875,2.574774819179906
mirror,12699.20654296875,5.954212553443785
mirror,12704.58984375,4.378282114879726
mirror,12709.97314453125,-2.863798375049419
mirror,12715.3564453125,-5.1919861052310115
mirror,12720.73974609375,-3.230245864276584
mirror,12726.123046875,-2.67653138409997
mirror,12731.50634765625,-7.375860266104869
mirror,12736.8896484375,-10.066772945329083
mirror,12742.27294921875,-4.801359100426187
mirror,12747.65625,-14.347225026210948
mirror,12753.03955078125,-18.109144610513038
mirror,12758.4228515625,-0.6013743687374511
mirror,12763.80615234375,4.818378547835213
mirror,12769.189453125,3.3505062562026455
mirror,12774.57275390625,-0.4836599370449943
mirror,12779.9560546875,1.4673207781851392
mirror,12785.33935546875,5.272910008077192
mirror,12790.72265625,5.1127202755004255
mirror,12796.10595703125,-2.495767661203525
mirror,12801.4892578125,2.72433474156058
mirror,12806.87255859375,2.418083958406302
mirror,12812.255859375,-7.378396545729418
mirror,12817.63916015625,-6.786293406325871
mirror,12823.0224609375,-12.207084600535815
mirror,12828.40576171875,-5.625967450185377
mirror,12833.7890625,-1.1725605985101863
mirror,12839.17236328125,-4.463394638338186
mirror,12844.5556640625,-10.878483761523325
mirror,12849.93896484375,-5.82883374521953
mirror,12855.322265625,-1.7581413403369646
mirror,12860.70556640625,-6.100282687983323
mirror,12866.0888671875,-0.44735555258827386
mirror,12871.47216796875,0.9287305961101033
mirror,12876.85546875,-0.3472572131175495
mirror,12882.23876953125,-11.123296841260652
mirror,12887.6220703125,-5.180891655595504
mirror,12893.00537109375,0.4550023782845134
mirror,12898.388671875,-1.2361330603968206
mirror,12903.77197265625,-6.712821921314766
mirror,12909.1552734375,-0.7735685665889424
mirror,12914.53857421875,-1.4281956321999087
mirror,12919.921875,-3.3046542730737056
mirror,12925.30517578125,-4.366399076799892
mirror,12930.6884765625,-10.746371385357882
mirror,12936.07177734375,-10.084782329914265
mirror,12941.455078125,-14.713166575486197
mirror,12946.83837890625,-7.806888232478885
mirror,12952.2216796875,-5.041531865592218
mirror,12957.60498046875,-15.2404451793538
mirror,12962.98828125,-13.524196682177838
mirror,12968.37158203125,-2.9302179687909153
mirror,12973.7548828125,-0.9825256240081246
mirror,12979.13818359375,-8.128619864443696
mirror,12984.521484375,-13.47617677308601
mirror,12989.90478515625,-6.479643029174312
mirror,12995.2880859375,-2.715587367251177
mirror,13000.67138671875,-5.518791622984694
mirror,13006.0546875,-12.726184180697416
mirror,13011.43798828125,-11.114923703756256
mirror,13016.8212890625,-8.775241097115247
mirror,13022.20458984375,-11.744121580449118
mirror,13027.587890625,-6.117705963253465
mirror,13032.97119140625,-0.9744116321121444
mirror,13038.3544921875,1.437722539077939
mirror,13043.73779296875,0.9273617629450064
mirror,13049.12109375,-0.248904645648033
mirror,13054.50439453125,-8.207112312526716
mirror,13059.8876953125,-9.949343682903798
mirror,13065.27099609375,-11.775821640808982
mirror,13070.654296875,-28.55624042208198
mirror,13076.03759765625,-4.696851789530286
mirror,13081.4208984375,-4.329538168045447
mirror,13086.80419921875,-2.639984337789187
mirror,13092.1875,-0.41564462416553094
mirror,13097.57080078125,-0.267563604515921
mirror,13102.9541015625,1.7113067413689598
mirror,13108.33740234375,0.876383169878185
mirror,13113.720703125,-9.387294099554152
mirror,13119.10400390625,-8.143794094202956
mirror,13124.4873046875,-5.207968322255569
mirror,13129.87060546875,-7.267802677090907
mirror,13135.25390625,-8.491334831195088
mirror,13140.63720703125,-9.034777696084134
mirror,13146.0205078125,-0.9426843402186025
mirror,13151.40380859375,-7.642268830918849
mirror,13156.787109375,-9.356853607652393
mirror,13162.17041015625,-11.924591365332333
mirror,13167.5537109375,-14.941976005768494
mirror,13172.93701171875,-15.5105776124393
mirror,13178.3203125,-18.795553443469824
mirror,13183.70361328125,-7.765352042408603
mirror,13189.0869140625,-1.7575526130788932
mirror,13194.47021484375,-2.218896883886768
mirror,13199.853515625,-2.653034967477386
mirror,13205.23681640625,-0.41300174685884683
mirror,13210.6201171875,-12.054721074502844
mirror,13216.00341796875,-7.126855510720233
mirror,13221.38671875,-11.17315270946843
mirror,13226.77001953125,-2.8271686227443182
mirror,13232.1533203125,-2.8914929464506374
mirror,13237.53662109375,-4.972102710166844
mirror,13242.919921875,-3.038882174202835
mirror,13248.30322265625,-1.4804831210249634
mirror,13253.6865234375,-2.357336946100677
mirror,13259.06982421875,-7.052540495031278
mirror,13264.453125,-10.420944271035165
mirror,13269.83642578125,-11.075504373818282
mirror,13275.2197265625,-23.114839020061083
mirror,13280.60302734375,-7.927725474251915
mirror,13285.986328125,-2.8406034276821175
mirror,13291.36962890625,-0.9529750346359687
mirror,13296.7529296875,-1.0827220916003808
mirror,13302.13623046875,-7.990800192575302
mirror,13307.51953125,-9.317917017263344
mirror,13312.90283203125,-5.645457855805192
mirror,13318.2861328125,-7.553912140091754
mirror,13323.66943359375,-9.46722620439054
mirror,13329.052734375,-23.266680003942906
mirror,13334.43603515625,-19.11992863066043
mirror,13339.8193359375,-2.2077197445704795
mirror,13345.20263671875,1.070156268528698
mirror,13350.5859375,-2.0963244171270663
mirror,13355.96923828125,-4.172814337148757
mirror,13361.3525390625,-9.269297651721065
mirror,13366.73583984375,-13.408225865998048
mirror,13372.119140625,-9.154862600644572
mirror,13377.50244140625,-22.881357925665338
mirror,13382.8857421875,-4.004347065460514
mirror,13388.26904296875,-5.654610452648675
mirror,13393.65234375,-12.834675216388424
mirror,13399.03564453125,-6.843322881519379
mirror,13404.4189453125,-19.498841208997952
mirror,13409.80224609375,-26.580892376767494
mirror,13415.185546875,-7.436171611334208
mirror,13420.56884765625,-2.3378193306695705
mirror,13425.9521484375,-0.30388819326588223
mirror,13431.33544921875,-2.339106126886809
mirror,13436.71875,-11.530279895817914
mirror,13442.10205078125,-11.55477540119408
mirror,13447.4853515625,-5.760183020173335
mirror,13452.86865234375,-5.91896323363099
mirror,13458.251953125,-9.454322299541536
mirror,13463.63525390625,-6.238036236254992
mirror,13469.0185546875,-6.25447621419856
mirror,13474.40185546875,-17.82112266396057
mirror,13479.78515625,-7.29295075879059
mirror,13485.16845703125,-8.87346656586498
mirror,13490.5517578125,-6.784692814309597
mirror,13495.93505859375,-2.435812993608651
mirror,13501.318359375,-6.947906952789937
mirror,13506.70166015625,-8.822655048190086
mirror,13512.0849609375,-6.315899460265512
mirror,13517.46826171875,-14.020108495408664
mirror,13522.8515625,-11.994647553545208
mirror,13528.23486328125,-11.589831374135311
mirror,13533.6181640625,-14.47482033671638
mirror,13539.00146484375,-7.381425674624858
mirror,13544.384765625,-6.382095447970482
mirror,13549.76806640625,-21.111011992288816
mirror,13555.1513671875,-10.236454647630174
mirror,13560.53466796875,-4.620648621622564
mirror,13565.91796875,-4.758873924830134
mirror,13571.30126953125,-13.900652009299101
mirror,13576.6845703125,-13.067105737605072
mirror,13582.06787109375,-6.98486389498946
mirror,13587.451171875,-18.750240801789456
mirror,13592.83447265625,-2.4338829142754514
mirror,13598.2177734375,-2.09948592316799
mirror,13603.60107421875,-2.7370446229097753
mirror,13608.984375,-3.1517375700166923
mirror,13614.36767578125,-7.190038147886395
mirror,13619.7509765625,-7.415250600104345
mirror,13625.13427734375,-6.031826649388946
mirror,13630.517578125,-8.558972255824028
mirror,13635.90087890625,-10.914848628633166
mirror,13641.2841796875,-7.6642415560825805
mirror,13646.66748046875,-6.351088334368349
mirror,13652.05078125,-7.46734286295602
mirror,13657.43408203125,-10.484523722614876
mirror,13662.8173828125,-6.316089230956505
mirror,13668.20068359375,-3.376973152397753
mirror,13673.583984375,-6.503627835313974
mirror,13678.96728515625,-10.54589117608067
mirror,13684.3505859375,-8.723779671651537
mirror,13689.73388671875,-8.083331709038406
mirror,13695.1171875,-10.487706888855111
mirror,13700.50048828125,-18.464775796661122
mirror,13705.8837890625,-5.46072332410726
mirror,13711.26708984375,-8.044557471554517
mirror,13716.650390625,-12.13460424468947
mirror,13722.03369140625,-5.256232242018289
mirror,13727.4169921875,-2.3294438587863135
mirror,13732.80029296875,-1.8123954569030407
mirror,13738.18359375,-3.829117630477792
mirror,13743.56689453125,-7.13187282625994
mirror,13748.9501953125,-7.794036500978837
mirror,13754.33349609375,-7.340618985180324
mirror,13759.716796875,-8.316068620396328
mirror,13765.10009765625,-5.2059363961132155
mirror,13770.4833984375,-3.2337782070842076
mirror,13775.86669921875,-11.610168120230448
mirror,13781.25,-11.836927376696005
mirror,13786.63330078125,-9.570446057301167
mirror,13792.0166015625,-5.128749716893564
mirror,13797.39990234375,-10.829818194409944
mirror,13802.783203125,-13.910612855274035
mirror,13808.16650390625,-7.342571694253913
mirror,13813.5498046875,-7.243909142806466
mirror,13818.93310546875,-11.328048558467403
mirror,13824.31640625,-8.20521413763194
mirror,13829.69970703125,-8.291653719942808
mirror,13835.0830078125,-5.5450349876130485
mirror,13840.46630859375,-4.501703506266089
mirror,13845.849609375,-6.954489967300191
mirror,13851.23291015625,-6.5750885566032204
mirror,13856.6162109375,-2.86143790630715
mirror,13861.99951171875,-3.299442668484244
mirror,13867.3828125,-9.507916725229574
mirror,13872.76611328125,-12.679649444174936
mirror,13878.1494140625,-7.118070530019799
mirror,13883.53271484375,-8.5446299166758
mirror,13888.916015625,-14.312606318083251
mirror,13894.29931640625,-4.338606838747818
mirror,13899.6826171875,-1.852377387675086
mirror,13905.06591796875,-2.9168024810163256
mirror,13910.44921875,-11.501419901176408
mirror,13915.83251953125,-1.6665202923889446
mirror,13921.2158203125,-3.73111794660018
mirror,13926.59912109375,-10.88132065145886
mirror,13931.982421875,-4.479148695811828
mirror,13937.36572265625,-1.436360078288586
mirror,13942.7490234375,-9.668966692901614
mirror,13948.13232421875,-8.205898841621526
mirror,13953.515625,-5.686230342083228
mirror,13958.89892578125,-9.169694578504147
mirror,13964.2822265625,-13.708842112650391
mirror,13969.66552734375,-8.972438367258878
mirror,13975.048828125,-2.7455862319435713
mirror,13980.43212890625,-5.998182909628186
mirror,13985.8154296875,-11.07791698896046
mirror,13991.19873046875,-4.939434956118777
mirror,13996.58203125,-4.908654262583863
mirror,14001.96533203125,-26.51452069195781
mirror,14007.3486328125,-8.960965099182822
mirror,14012.73193359375,-13.774317702127467
mirror,14018.115234375,-15.219666187251326
mirror,14023.49853515625,-11.612186340762168
mirror,14028.8818359375,-3.0961331613374616
mirror,14034.26513671875,-0.7341647121219396
mirror,14039.6484375,-4.9959053380105285
mirror,14045.03173828125,-3.017183910166794
mirror,14050.4150390625,-2.3414162596718837
mirror,14055.79833984375,-9.198589594608766
mirror,14061.181640625,-9.785477436980592
mirror,14066.56494140625,-5.971834548808585
mirror,14071.9482421875,-5.528418438716866
mirror,14077.33154296875,-8.74360847161753
mirror,14082.71484375,-7.849723772272853
mirror,14088.09814453125,-6.804689588666484
mirror,14093.4814453125,-9.150854329823018
mirror,14098.86474609375,-10.706188329832482
mirror,14104.248046875,-5.053154461809694
mirror,14109.63134765625,-5.517200901758784
mirror,14115.0146484375,-15.770054408667244
mirror,14120.39794921875,-9.903545240035072
mirror,14125.78125,-12.913145302717574
mirror,14131.16455078125,-6.249894296318796
mirror,14136.5478515625,-15.967347475231614
mirror,14141.93115234375,-8.016585517065057
mirror,14147.314453125,-6.494772045840939
mirror,14152.69775390625,-3.997864954294799
mirror,14158.0810546875,-5.244918245146747
mirror,14163.46435546875,-11.277604410297936
mirror,14168.84765625,-6.55415522843004
mirror,14174.23095703125,-8.634811057934469
mirror,14179.6142578125,-15.501186670266137
mirror,14184.99755859375,-7.4315573017042
mirror,14190.380859375,-10.731233681623738
mirror,14195.76416015625,-15.541239524954214
mirror,14201.1474609375,-29.372858917683775
mirror,14206.53076171875,-4.930524493962976
mirror,14211.9140625,-0.9087221254642861
mirror,14217.29736328125,0.1489200433947073
mirror,14222.6806640625,0.27650143912940567
mirror,14228.06396484375,-7.922071013047224
mirror,14233.447265625,-5.536146196273485
mirror,14238.83056640625,0.05264915883336576
mirror,14244.2138671875,-0.9009703354414247
mirror,14249.59716796875,-4.356661854026394
mirror,14254.98046875,-6.377920857354492
mirror,14260.36376953125,-8.878059677077335
mirror,14265.7470703125,-14.021346916225873
mirror,14271.13037109375,-14.519181319335924
mirror,14276.513671875,-21.01748974436193
mirror,14281.89697265625,-15.354614848754002
mirror,14287.2802734375,-16.46244347182902
mirror,14292.66357421875,-12.099585919978102
mirror,14298.046875,-6.318841713920145
mirror,14303.43017578125,-7.381828315928142
mirror,14308.8134765625,-5.117062467929461
mirror,14314.19677734375,-3.6233519498145834
mirror,14319.580078125,-18.69698520850311
mirror,14324.96337890625,-5.627909891717141
mirror,14330.3466796875,-3.9472941146863088
mirror,14335.72998046875,-6.2479192156138375
mirror,14341.11328125,-7.957752257052495
mirror,14346.49658203125,-16.27971487156669
mirror,14351.8798828125,-8.091287380932341
mirror,14357.26318359375,-17.8234527938191
mirror,14362.646484375,-1.8342739973379427
mirror,14368.02978515625,-0.7262394010754474
mirror,14373.4130859375,-4.7812994519034975
mirror,14378.79638671875,-6.17513182890487
mirror,14384.1796875,-6.478994683646258
mirror,14389.56298828125,-7.572865922960046
mirror,14394.9462890625,-14.575935584764665
mirror,14400.32958984375,-12.25532372785343
mirror,14405.712890625,-11.813197505389084
mirror,14411.09619140625,-11.56510813165686
mirror,14416.4794921875,-5.386478985647411
mirror,14421.86279296875,-5.974124236830335
mirror,14427.24609375,-11.000164704281296
mirror,14432.62939453125,-8.249162973752712
mirror,14438.0126953125,-8.053809381606072
mirror,14443.39599609375,-6.516540652563217
mirror,14448.779296875,-4.542444863263209
mirror,14454.16259765625,-8.619564262154295
mirror,14459.5458984375,-16.825677689175233
mirror,14464.92919921875,-13.358611860657808
mirror,14470.3125,-12.710933271804821
mirror,14475.69580078125,-12.138398081888411
mirror,14481.0791015625,-7.957276122958907
mirror,14486.46240234375,-5.223718436523054
mirror,14491.845703125,-7.960681350167878
mirror,14497.22900390625,-10.217037890018618
mirror,14502.6123046875,-8.55284111859252
mirror,14507.99560546875,-12.097358742354945
mirror,14513.37890625,-7.614358003774555
mirror,14518.76220703125,-14.210395861757377
mirror,14524.1455078125,-2.845544539426366
mirror,14529.52880859375,-0.9938160393188338
mirror,14534.912109375,-1.4535875017348183
mirror,14540.29541015625,-8.615550457245357
mirror,14545.6787109375,-7.660733067453684
mirror,14551.06201171875,-10.03025752837722
mirror,14556.4453125,-14.605281453757403
mirror,14561.82861328125,-16.286898203518337
mirror,14567.2119140625,-11.658327986617714
mirror,14572.59521484375,-4.94787521539285
mirror,14577.978515625,-5.391963595259153
mirror,14583.36181640625,-15.457751499543779
mirror,14588.7451171875,-8.38658949540369
mirror,14594.12841796875,-5.549080085695809
mirror,14599.51171875,-12.905623228607286
mirror,14604.89501953125,-15.430223641257065
mirror,14610.2783203125,-14.254353650585225
mirror,14615.66162109375,-6.908070210578124
mirror,14621.044921875,-3.9058943688838923
mirror,14626.42822265625,-8.052194313414496
mirror,14631.8115234375,-10.251366535627843
mirror,14637.19482421875,-10.025811561916258
mirror,14642.578125,-12.1994512364658
mirror,14647.96142578125,-10.704592589727222
mirror,14653.3447265625,-17.911726398624953
mirror,14658.72802734375,-8.30453609371432
mirror,14664.111328125,-8.247369816819507
mirror,14669.49462890625,-7.615462505710862
mirror,14674.8779296875,-5.95556778592157
mirror,14680.26123046875,-9.18857518190135
mirror,14685.64453125,-15.53090345485149
mirror,14691.02783203125,-12.986739484502936
mirror,14696.4111328125,-18.22537756768964
mirror,14701.79443359375,-10.804001729255372
mirror,14707.177734375,-6.038601520924667
mirror,14712.56103515625,-6.701452715677492
mirror,14717.9443359375,-9.840225054012313
mirror,14723.32763671875,-16.529397715576643
mirror,14728.7109375,-20.691850517131954
mirror,14734.09423828125,-22.983680990486356
mirror,14739.4775390625,-9.889546980466871
mirror,14744.86083984375,-4.357453401995727
mirror,14750.244140625,-4.119357644116755
mirror,14755.62744140625,-7.182648941103538
mirror,14761.0107421875,-11.698813066102367
mirror,14766.39404296875,-8.360409392402964
mirror,14771.77734375,-6.159198229695333
mirror,14777.16064453125,-11.217055187227384
mirror,14782.5439453125,-2.813664452782665
mirror,14787.92724609375,-4.645253661150079
mirror,14793.310546875,-14.991317264061584
mirror,14798.69384765625,-14.365369143185468
mirror,14804.0771484375,-10.761636121052183
mirror,14809.46044921875,-6.2456854737405285
mirror,14814.84375,-3.1073010905775558
mirror,14820.22705078125,-2.1146651099120746
mirror,14825.6103515625,-1.353632292070834
mirror,14830.99365234375,-5.789758413047248
mirror,14836.376953125,-16.177612668099574
mirror,14841.76025390625,-8.292433976792475
mirror,14847.1435546875,-0.9039091977254105
mirror,14852.52685546875,-6.40787153099587
mirror,14857.91015625,-9.18771688796721
mirror,14863.29345703125,-4.712719866370227
mirror,14868.6767578125,-7.613465183126192
mirror,14874.06005859375,-24.578700881369148
mirror,14879.443359375,-6.131385187057477
mirror,14884.82666015625,-4.745063332969341
mirror,14890.2099609375,-5.5782412727998665
mirror,14895.59326171875,-5.970741304289944
mirror,14900.9765625,-11.975856764972487
mirror,14906.35986328125,-20.415410035400605
mirror,14911.7431640625,-15.747383581314931
mirror,14917.12646484375,-15.891793658148497
mirror,14922.509765625,-9.50851890786858
mirror,14927.89306640625,-14.96728357101568
mirror,14933.2763671875,-18.37595354427403
mirror,14938.65966796875,-16.64659919461641
mirror,14944.04296875,-9.500533286232123
mirror,14949.42626953125,-11.4348707011623
mirror,14954.8095703125,-17.50332881925367
mirror,14960.19287109375,-8.984571060078014
mirror,14965.576171875,-3.047664882142625
mirror,14970.95947265625,-6.768815995960154
mirror,14976.3427734375,-5.755943763547483
mirror,14981.72607421875,-2.8475464916321207
mirror,14987.109375,-8.755469680597665
mirror,14992.49267578125,-6.5936097721372535
mirror,14997.8759765625,-10.24097944111257
mirror,15003.25927734375,-9.634176510182776
mirror,15008.642578125,-12.391017611093885
mirror,15014.02587890625,-23.234847395629625
mirror,15019.4091796875,-11.75490532745243
mirror,15024.79248046875,-16.62567504616866
mirror,15030.17578125,-37.11336001866187
mirror,15035.55908203125,-9.578796514249273
mirror,15040.9423828125,-3.6339987641564004
mirror,15046.32568359375,-7.006900407319741
mirror,15051.708984375,-15.065924270092061
mirror,15057.09228515625,-14.122419053030274
mirror,15062.4755859375,-12.207723578414205
mirror,15067.85888671875,-2.881254758180747
mirror,15073.2421875,-0.9011615037827779
mirror,15078.62548828125,-2.938013042636044
mirror,15084.0087890625,-7.6246671129109735
mirror,15089.39208984375,-9.374372888633294
mirror,15094.775390625,-9.710343792773639
mirror,15100.15869140625,-12.466858842267053
mirror,15105.5419921875,-29.418306622073793
mirror,15110.92529296875,-11.448653406592912
mirror,15116.30859375,-8.07948459707144
mirror,15121.69189453125,-6.031577763075323
mirror,15127.0751953125,-4.86554714142752
mirror,15132.45849609375,-4.453801313231255
mirror,15137.841796875,-5.614554358621885
mirror,15143.22509765625,-5.6264582735634106
mirror,15148.6083984375,-7.259991908487535
mirror,15153.99169921875,-19.58172078386166
mirror,15159.375,-12.562795846360974
mirror,15164.75830078125,-12.810489938240153
mirror,15170.1416015625,-14.550626052548436
mirror,15175.52490234375,-19.46944892837464
mirror,15180.908203125,-17.461924467158724
mirror,15186.29150390625,-12.91925231816015
mirror,15191.6748046875,-9.269238001322307
mirror,15197.05810546875,-16.022753987850226
mirror,15202.44140625,-18.52468342664433
mirror,15207.82470703125,-7.236119264498864
mirror,15213.2080078125,-8.45060562243989
mirror,15218.59130859375,-11.549863473008964
mirror,15223.974609375,-17.42626841093592
mirror,15229.35791015625,-6.764255144878981
mirror,15234.7412109375,-4.133892118969352
mirror,15240.12451171875,-11.912086617186763
mirror,15245.5078125,-21.294994384072133
mirror,15250.89111328125,-21.585594731755307
mirror,15256.2744140625,-18.285237889765046
mirror,15261.65771484375,-21.690359426254343
mirror,15267.041015625,-13.658667046817122
mirror,15272.42431640625,-11.42463637695429
mirror,15277.8076171875,-16.925274188258594
mirror,15283.19091796875,-12.25777945723764
mirror,15288.57421875,-8.557817904005834
mirror,15293.95751953125,-9.920279272395913
mirror,15299.3408203125,-7.827308144299227
mirror,15304.72412109375,-8.62889954215108
mirror,15310.107421875,-11.24355402160927
mirror,15315.49072265625,-15.393044110757794
mirror,15320.8740234375,-17.368449385526205
mirror,15326.25732421875,-8.801277347380838
mirror,15331.640625,-7.919502417076697
mirror,15337.02392578125,-11.408971798768881
mirror,15342.4072265625,-12.684205701970408
mirror,15347.79052734375,-7.916534709163789
mirror,15353.173828125,-6.4111885326733455
mirror,15358.55712890625,-5.22575643424199
mirror,15363.9404296875,-8.619474906938407
mirror,15369.32373046875,-21.18262742750741
mirror,15374.70703125,-17.575180165733396
mirror,15380.09033203125,-15.69882656110287
mirror,15385.4736328125,-10.624403973687551
mirror,15390.85693359375,-10.778734409210003
mirror,15396.240234375,-20.298180151011174
mirror,15401.62353515625,-13.15808793594067
mirror,15407.0068359375,-14.23518661397259
mirror,15412.39013671875,-17.928929429243954
mirror,15417.7734375,-10.244016906849955
mirror,15423.15673828125,-6.405314531152403
mirror,15428.5400390625,-5.162709191494876
mirror,15433.92333984375,-8.910080050430997
mirror,15439.306640625,-11.899203779127404
mirror,15444.68994140625,-11.302807055194998
mirror,15450.0732421875,-11.768009438086438
mirror,15455.45654296875,-4.7881547454466595
mirror,15460.83984375,-9.197944412159785
mirror,15466.22314453125,-5.595865170600479
mirror,15471.6064453125,-6.978837868286552
mirror,15476.98974609375,-13.019727665730855
mirror,15482.373046875,-23.433397584601945
mirror,15487.75634765625,-13.959987055385891
mirror,15493.1396484375,-11.476790333232145
mirror,15498.52294921875,-3.984882968188953
mirror,15503.90625,-8.383162923428692
mirror,15509.28955078125,-15.866485508317329
mirror,15514.6728515625,-8.41598562887694
mirror,15520.05615234375,-4.363801987394086
mirror,15525.439453125,-5.113523051472999
mirror,15530.82275390625,-3.910395584268599
mirror,15536.2060546875,-7.444716207876807
mirror,15541.58935546875,-9.66596927060708
mirror,15546.97265625,-27.028140013046503
mirror,15552.35595703125,-12.214683495470995
mirror,15557.7392578125,-11.095742715164189
mirror,15563.12255859375,-12.98553507089405
mirror,15568.505859375,-34.61073275459856
mirror,15573.88916015625,-10.774047291803424
mirror,15579.2724609375,-5.772076761203592
mirror,15584.65576171875,-8.106122244628404
mirror,15590.0390625,-14.463401804786262
mirror,15595.42236328125,-8.861146321322963
mirror,15600.8056640625,-14.689485514354821
mirror,15606.18896484375,-20.645361226459308
mirror,15611.572265625,-15.443049038765635
mirror,15616.95556640625,-9.534805323403056
mirror,15622.3388671875,-3.912150390407332
mirror,15627.72216796875,-8.892053561118376
mirror,15633.10546875,-16.8472511533369
mirror,15638.48876953125,-21.683263444869073
mirror,15643.8720703125,-13.551786756664203
mirror,15649.25537109375,-15.824731553998777
mirror,15654.638671875,-8.44866787362272
mirror,15660.02197265625,-18.221731865943983
mirror,15665.4052734375,-10.452549820025165
mirror,15670.78857421875,-13.059820115059328
mirror,15676.171875,-18.580523897236166
mirror,15681.55517578125,-14.371851754390123
mirror,15686.9384765625,-25.06299960975153
mirror,15692.32177734375,-27.676212107316577
mirror,15697.705078125,-7.723053068616901
mirror,15703.08837890625,-4.167143921614789
mirror,15708.4716796875,-9.6062492040551
mirror,15713.85498046875,-7.828840070878296
mirror,15719.23828125,-8.995372236713706
mirror,15724.62158203125,-10.056022042730525
mirror,15730.0048828125,-13.984675265199108
mirror,15735.38818359375,-19.82210278532076
mirror,15740.771484375,-15.69772385823713
mirror,15746.15478515625,-16.80119099445834
mirror,15751.5380859375,-9.103464997753004
mirror,15756.92138671875,-8.728512211000204
mirror,15762.3046875,-13.10295840779954
mirror,15767.68798828125,-15.98107223407705
mirror,15773.0712890625,-13.259252497134579
mirror,15778.45458984375,-20.535965773061456
mirror,15783.837890625,-18.667258157777106
mirror,15789.22119140625,-10.9633280722307
mirror,15794.6044921875,-18.156649952770053
mirror,15799.98779296875,-24.172577681826812
mirror,15805.37109375,-8.623672824947038
mirror,15810.75439453125,-2.3306153532548683
mirror,15816.1376953125,-5.543116468713226
mirror,15821.52099609375,-6.2866986209738
mirror,15826.904296875,-13.351308809170979
mirror,15832.28759765625,-13.321574524041214
mirror,15837.6708984375,-18.042867378745576
mirror,15843.05419921875,-20.40385418241247
mirror,15848.4375,-7.494788235815352
mirror,15853.82080078125,-5.932981941262975
mirror,15859.2041015625,-7.469013040254709
mirror,15864.58740234375,-6.061006875486909
mirror,15869.970703125,-9.764280120658688
mirror,15875.35400390625,-12.148207246467031
mirror,15880.7373046875,-15.235663326266089
mirror,15886.12060546875,-14.402075898484494
mirror,15891.50390625,-17.596288013741987
mirror,15896.88720703125,-7.1039184359671035
mirror,15902.2705078125,-6.517052079573242
mirror,15907.65380859375,-10.447714070985946
mirror,15913.037109375,-9.411944103837577
mirror,15918.42041015625,-12.735569287393156
mirror,15923.8037109375,-9.802084791101533
mirror,15929.18701171875,-24.598815746104613
mirror,15934.5703125,-7.996060216797297
mirror,15939.95361328125,-8.865314923096154
mirror,15945.3369140625,-6.79284788826823
mirror,15950.72021484375,-7.453936596229235
mirror,15956.103515625,-13.545422793012218
mirror,15961.48681640625,-14.116472223578622
mirror,15966.8701171875,-14.096240011532931
mirror,15972.25341796875,-11.43219128041849
mirror,15977.63671875,-11.714382166642519
mirror,15983.02001953125,-10.68201713327344
mirror,15988.4033203125,-7.577755936769911
mirror,15993.78662109375,-14.108301481170628
mirror,15999.169921875,-5.298720260888512
mirror,16004.55322265625,-10.800271967063377
mirror,16009.9365234375,-9.489709489236452
mirror,16015.31982421875,-7.476441822221672
mirror,16020.703125,-8.114845965977048
mirror,16026.08642578125,-11.874992496072432
mirror,16031.4697265625,-16.400081315474967
mirror,16036.85302734375,-7.7993600963906164
mirror,16042.236328125,-5.49158010565511
mirror,16047.61962890625,-8.987129623062868
mirror,16053.0029296875,-12.290367901220256
mirror,16058.38623046875,-11.253355218883234
mirror,16063.76953125,-16.139388201311945
mirror,16069.15283203125,-16.073546278165427
mirror,16074.5361328125,-15.866871048758703
mirror,16079.91943359375,-16.920601534895805
mirror,16085.302734375,-21.705725495509753
mirror,16090.68603515625,-30.26745112322457
mirror,16096.0693359375,-11.901938834433107
mirror,16101.45263671875,-5.921405475799281
mirror,16106.8359375,-6.4007035413938675
mirror,16112.21923828125,-6.142789680246169
mirror,16117.6025390625,-5.416566996189474
mirror,16122.98583984375,-5.747361432465992
mirror,16128.369140625,-6.2448962883854575
mirror,16133.75244140625,-10.74958196412246
mirror,16139.1357421875,-12.926564481778438
mirror,16144.51904296875,-6.558037512937971
mirror,16149.90234375,0.4431925959506844
mirror,16155.28564453125,-0.2939648468039377
mirror,16160.6689453125,-7.248905778124629
mirror,16166.05224609375,-3.666578286984275
mirror,16171.435546875,-1.6264198111747328
mirror,16176.81884765625,-12.032555681171191
mirror,16182.2021484375,-9.854973969499904
mirror,16187.58544921875,-20.76148732827778
mirror,16192.96875,-11.732407001567084
mirror,16198.35205078125,-12.760977854873287
mirror,16203.7353515625,-11.100046197236182
mirror,16209.11865234375,-14.382378706606147
mirror,16214.501953125,-13.879668367542614
mirror,16219.88525390625,-12.458641215669575
mirror,16225.2685546875,-18.12680900362734
mirror,16230.65185546875,-16.320595656949454
mirror,16236.03515625,-12.459407699642275
mirror,16241.41845703125,-12.452803861701085
mirror,16246.8017578125,-10.354468838130082
mirror,16252.18505859375,-15.644487387556506
mirror,16257.568359375,-22.99404046858345
mirror,16262.95166015625,-10.556728158310914
mirror,16268.3349609375,-14.017369003565182
mirror,16273.71826171875,-14.654140689677359
mirror,16279.1015625,-10.616454390120307
mirror,16284.48486328125,-18.035057070109954
mirror,16289.8681640625,-16.419216849122087
mirror,16295.25146484375,-15.006998099244708
mirror,16300.634765625,-8.582767556161183
mirror,16306.01806640625,-8.048416223618814
mirror,16311.4013671875,-5.473918375033008
mirror,16316.78466796875,-5.589883994964788
mirror,16322.16796875,-9.112910000617854
mirror,16327.55126953125,-11.65142894579088
mirror,16332.9345703125,-30.118864328926623
mirror,16338.31787109375,-24.770731049760396
mirror,16343.701171875,-13.350044637154564
mirror,16349.08447265625,-6.764939671180064
mirror,16354.4677734375,-15.103132271484416
mirror,16359.85107421875,-4.109110147287355
mirror,16365.234375,-2.7202360938091563
mirror,16370.61767578125,-9.866797446031029
mirror,16376.0009765625,-13.775739921975301
mirror,16381.38427734375,-8.01842449990748
mirror,16386.767578125,-6.889733443601331
mirror,16392.15087890625,-7.379803005607801
mirror,16397.5341796875,-9.331680464066757
mirror,16402.91748046875,-10.829677412619244
mirror,16408.30078125,-6.198386418908504
mirror,16413.68408203125,-5.729899837762406
mirror,16419.0673828125,-3.935083783688298
mirror,16424.45068359375,-5.576966521316288
mirror,16429.833984375,-5.08090923942151
mirror,16435.21728515625,-3.843283198306228
mirror,16440.6005859375,-6.271323976787224
mirror,16445.98388671875,-9.20003845136284
mirror,16451.3671875,-7.370519629467648
mirror,16456.75048828125,-7.342505786240874
mirror,16462.1337890625,-16.97395814121832
mirror,16467.51708984375,-13.463109694868859
mirror,16472.900390625,-13.4071238841304
mirror,16478.28369140625,-16.40284729949152
mirror,16483.6669921875,-7.9310343937178
mirror,16489.05029296875,-5.906757151988531
mirror,16494.43359375,-4.819635948070381
mirror,16499.81689453125,-6.092961343060777
mirror,16505.2001953125,-1.5503869374975954
mirror,16510.58349609375,0.7375407741901936
mirror,16515.966796875,-3.464000702873305
mirror,16521.35009765625,-10.476247461207214
mirror,16526.7333984375,-9.731565704143813
mirror,16532.11669921875,-11.158036707558702
mirror,16537.5,-1.2311366202980443
mirror,16542.88330078125,0.648422341351214
mirror,16548.2666015625,-3.7493724737427137
mirror,16553.64990234375,-6.787145322264413
mirror,16559.033203125,-4.682300197725252
mirror,16564.41650390625,-4.842322044215159
mirror,16569.7998046875,-4.567532446052191
mirror,16575.18310546875,-6.160998850873519
mirror,16580.56640625,-8.764125573436244
mirror,16585.94970703125,-8.832138295671573
mirror,16591.3330078125,-9.934516164958156
mirror,16596.71630859375,-15.54311431548064
mirror,16602.099609375,-6.394483759767564
mirror,16607.48291015625,-8.311581357931333
mirror,16612.8662109375,-11.298992811538398
mirror,16618.24951171875,-7.3011050397037724
mirror,16623.6328125,-9.932208454577479
mirror,16629.01611328125,-10.815365466599602
mirror,16634.3994140625,-3.4390436489467993
mirror,16639.78271484375,-0.5058061993164136
mirror,16645.166015625,-2.5906530811702906
mirror,16650.54931640625,-7.460140569321485
mirror,16655.9326171875,-13.198719017561544
mirror,16661.31591796875,-9.163832850358931
mirror,16666.69921875,-8.866593647903096
mirror,16672.08251953125,-11.127044932792039
mirror,16677.4658203125,-12.483178367294352
mirror,16682.84912109375,-4.472857851290913
mirror,16688.232421875,-3.4406511686465198
mirror,16693.61572265625,-7.63867410810433
mirror,16698.9990234375,-16.807203459614716
mirror,16704.38232421875,-17.43701863432482
mirror,16709.765625,-6.549552156720662
mirror,16715.14892578125,-4.2648002723701905
mirror,16720.5322265625,-6.7101083935871415
mirror,16725.91552734375,-2.8277945734207894
mirror,16731.298828125,-1.3659255484177817
mirror,16736.68212890625,-3.9556666716362185
mirror,16742.0654296875,-5.3310028437333665
mirror,16747.44873046875,-12.050405963570803
mirror,16752.83203125,-18.03375093059217
mirror,16758.21533203125,-14.508201496504059
mirror,16763.5986328125,-6.470637983315645
mirror,16768.98193359375,-10.959456758852506
mirror,16774.365234375,-7.412803731307003
mirror,16779.74853515625,-4.182990114611903
mirror,16785.1318359375,-4.103218892733112
mirror,16790.51513671875,-4.678520457849899
mirror,16795.8984375,-6.382162520404392
mirror,16801.28173828125,-12.020826966554068
mirror,16806.6650390625,-17.54279611073524
mirror,16812.04833984375,-9.460387162838261
mirror,16817.431640625,-5.774510124229762
mirror,16822.81494140625,-6.154926343473013
mirror,16828.1982421875,-11.464818202754582
mirror,16833.58154296875,-6.820543382344092
mirror,16838.96484375,-5.856013485946954
mirror,16844.34814453125,-10.681923653798123
mirror,16849.7314453125,-11.717956360232424
mirror,16855.11474609375,-7.304754854321599
mirror,16860.498046875,-7.032716956247556
mirror,16865.88134765625,-12.801508056785607
mirror,16871.2646484375,-18.002987482687047
mirror,16876.64794921875,-17.99690875920716
mirror,16882.03125,-8.662466250918316
mirror,16887.41455078125,-3.767252815552534
mirror,16892.7978515625,-11.97544283658732
mirror,16898.18115234375,-14.217038522636065
mirror,16903.564453125,-16.752439286903456
mirror,16908.94775390625,-3.572342582497527
mirror,16914.3310546875,-2.5941201909437392
mirror,16919.71435546875,-6.190611038974633
mirror,16925.09765625,-12.097696901980285
mirror,16930.48095703125,-12.736791234400597
mirror,16935.8642578125,-9.162028717682853
mirror,16941.24755859375,-13.142282265495632
mirror,16946.630859375,-26.343973443926988
mirror,16952.01416015625,-13.057008378060381
mirror,16957.3974609375,-9.670485364682177
mirror,16962.78076171875,-10.277251088231829
mirror,16968.1640625,-6.516633941109506
mirror,16973.54736328125,-7.843352901657264
mirror,16978.9306640625,-14.607895633528756
mirror,16984.31396484375,-8.233154147115345
mirror,16989.697265625,-12.166895391764662
mirror,16995.08056640625,-7.2883418835489735
mirror,17000.4638671875,-5.306497785895283
mirror,17005.84716796875,-7.589132785134371
mirror,17011.23046875,-18.850609888009156
mirror,17016.61376953125,-14.92348792830262
mirror,17021.9970703125,-10.579395376102351
mirror,17027.38037109375,-8.945216080158776
mirror,17032.763671875,-17.495506138630077
mirror,17038.14697265625,-7.233335875353592
mirror,17043.5302734375,-5.095375571411912
mirror,17048.91357421875,-10.44183702254056
mirror,17054.296875,-4.499293508957567
mirror,17059.68017578125,-8.551911702522686
mirror,17065.0634765625,-9.798305503919112
mirror,17070.44677734375,-7.918963014970975
mirror,17075.830078125,-6.387793682626334
mirror,17081.21337890625,-10.63341230370558
mirror,17086.5966796875,-11.835551619351616
mirror,17091.97998046875,-13.997701681237515
mirror,17097.36328125,-10.058586352784111
mirror,17102.74658203125,-8.119095884050548
mirror,17108.1298828125,-12.9343734804729
mirror,17113.51318359375,-11.407617391745092
mirror,17118.896484375,-13.737467006744332
mirror,17124.27978515625,-16.423266645652017
mirror,17129.6630859375,-17.608333443645968
mirror,17135.04638671875,-8.293126978943246
mirror,17140.4296875,-3.065977691780699
mirror,17145.81298828125,-1.7274689575714341
mirror,17151.1962890625,-9.108334044886549
mirror,17156.57958984375,-7.95005536295883
mirror,17161.962890625,-5.0417470574508005
mirror,17167.34619140625,-6.813088240891881
mirror,17172.7294921875,-8.466254393535715
mirror,17178.11279296875,-7.967556548212544
mirror,17183.49609375,-6.341620122885442
mirror,17188.87939453125,-11.217779810595996
mirror,17194.2626953125,-17.022569458656896
mirror,17199.64599609375,-11.918106089172033
mirror,17205.029296875,-14.934250657358623
mirror,17210.41259765625,-11.357054355183227
mirror,17215.7958984375,-4.666811522113216
mirror,17221.17919921875,-7.9396958257712225
mirror,17226.5625,-8.417138171602224
mirror,17231.94580078125,-8.155729309558637
mirror,17237.3291015625,-13.71095132346728
mirror,17242.71240234375,-19.359305392908066
mirror,17248.095703125,-19.43096610686749
mirror,17253.47900390625,-12.068758148049623
mirror,17258.8623046875,-9.05807921838708
mirror,17264.24560546875,-6.122468645894886
mirror,17269.62890625,-8.94651461126975
mirror,17275.01220703125,-17.903309374718923
mirror,17280.3955078125,-11.66067506703989
mirror,17285.77880859375,-7.233672523878387
mirror,17291.162109375,-11.60845146388569
mirror,17296.54541015625,-18.57611308173883
mirror,17301.9287109375,-8.444714356484337
mirror,17307.31201171875,-12.564519484492635
mirror,17312.6953125,-4.606756894657402
mirror,17318.07861328125,-3.685791445648503
mirror,17323.4619140625,-7.040266290204232
mirror,17328.84521484375,-11.0627497190459
mirror,17334.228515625,-8.957014039318693
mirror,17339.61181640625,-4.339011267981813
mirror,17344.9951171875,-8.552974277862184
mirror,17350.37841796875,-7.881582891649455
mirror,17355.76171875,-4.281495969453229
mirror,17361.14501953125,-5.865550138358988
mirror,17366.5283203125,-15.716070304192202
mirror,17371.91162109375,-4.47684817322283
mirror,17377.294921875,-6.125110756497961
mirror,17382.67822265625,-8.152293558419373
mirror,17388.0615234375,-7.070116595924382
mirror,17393.44482421875,-14.782099302250417
mirror,17398.828125,-5.88771466761277
mirror,17404.21142578125,-6.979924661361665
mirror,17409.5947265625,-13.663545906043064
mirror,17414.97802734375,-18.421853355759165
mirror,17420.361328125,-23.554921165279726
mirror,17425.74462890625,-8.712696179061522
mirror,17431.1279296875,-5.22997069999842
mirror,17436.51123046875,-11.128157951954128
mirror,17441.89453125,-13.051997896194134
mirror,17447.27783203125,-17.08551415092177
mirror,17452.6611328125,-19.939210504348488
mirror,17458.04443359375,-18.498683505711746
mirror,17463.427734375,-12.767170101312018
mirror,17468.81103515625,-7.75925942553841
mirror,17474.1943359375,-9.165209549725251
mirror,17479.57763671875,-11.669593652597838
mirror,17484.9609375,-14.45224641243241
mirror,17490.34423828125,-23.08700462433781
mirror,17495.7275390625,-19.027240671137
mirror,17501.11083984375,-12.305313393547038
mirror,17506.494140625,-11.350158870136742
mirror,17511.87744140625,-7.57128039748835
mirror,17517.2607421875,-5.269754064871357
mirror,17522.64404296875,-6.7745227352257045
mirror,17528.02734375,-8.405097592707461
mirror,17533.41064453125,-8.87227535662219
mirror,17538.7939453125,-5.696629770967595
mirror,17544.17724609375,-6.538660752918771
mirror,17549.560546875,-9.466559860697979
mirror,17554.94384765625,-9.199690842649845
mirror,17560.3271484375,-10.919214806017994
mirror,17565.71044921875,-13.897677648644029
mirror,17571.09375,-9.689225255036451
mirror,17576.47705078125,-16.57332339514677
mirror,17581.8603515625,-21.55305265922387
mirror,17587.24365234375,-11.000628630829333
mirror,17592.626953125,-9.317334567090272
mirror,17598.01025390625,-14.193392551398116
mirror,17603.3935546875,-26.8703293925179
mirror,17608.77685546875,-25.96302931101995
mirror,17614.16015625,-8.633171614203224
mirror,17619.54345703125,-7.343292829593112
mirror,17624.9267578125,-15.898238168920447
mirror,17630.31005859375,-2.162503646123521
mirror,17635.693359375,-1.9428890689925735
mirror,17641.07666015625,-6.867961406928665
mirror,17646.4599609375,-8.350519086185571
mirror,17651.84326171875,-7.15765721414658
mirror,17657.2265625,-3.2653963732392115
mirror,17662.60986328125,-5.43980304892164
mirror,17667.9931640625,-15.296721120246676
mirror,17673.37646484375,-9.192098885394127
mirror,17678.759765625,-12.787000272731925
mirror,17684.14306640625,-5.556023090901768
mirror,17689.5263671875,-2.327756082309357
mirror,17694.90966796875,-6.085164950160628
mirror,17700.29296875,-6.410336716057879
mirror,17705.67626953125,-4.4860593387678644
mirror,17711.0595703125,-7.32565703370272
mirror,17716.44287109375,-10.719173111748304
mirror,17721.826171875,-12.568514136849789
mirror,17727.20947265625,-9.177907297745968
mirror,17732.5927734375,-6.751610703936382
mirror,17737.97607421875,-10.149093481473887
mirror,17743.359375,-10.908937406410484
mirror,17748.74267578125,-8.427698640780395
mirror,17754.1259765625,-9.083486486025084
mirror,17759.50927734375,-12.023129893274312
mirror,17764.892578125,-14.326202543542955
mirror,17770.27587890625,-14.35968454139283
mirror,17775.6591796875,-9.170460200093338
mirror,17781.04248046875,-10.18747008405654
mirror,17786.42578125,-10.501884252676284
mirror,17791.80908203125,-10.179832299986803
mirror,17797.1923828125,-15.253521687793404
mirror,17802.57568359375,-19.99251271408769
mirror,17807.958984375,-8.62997792491713
mirror,17813.34228515625,-8.789887614351748
mirror,17818.7255859375,-8.247161246632256
mirror,17824.10888671875,-9.36363421705811
mirror,17829.4921875,-14.53318035889186
mirror,17834.87548828125,-13.635854188876237
mirror,17840.2587890625,-8.455421920503184
mirror,17845.64208984375,-4.279751452382043
mirror,17851.025390625,-8.451964666985322
mirror,17856.40869140625,-7.519479855685313
mirror,17861.7919921875,-5.127797279299546
mirror,17867.17529296875,-5.874547593964092
mirror,17872.55859375,-3.305584743853962
mirror,17877.94189453125,-3.2783171490929885
mirror,17883.3251953125,-7.542007352921674
mirror,17888.70849609375,-12.481466725831499
mirror,17894.091796875,-11.212404517309949
mirror,17899.47509765625,-12.701965774450157
mirror,17904.8583984375,-11.243489299142444
mirror,17910.24169921875,-10.477732502548701
mirror,17915.625,-9.823327539411448
mirror,17921.00830078125,-5.645845507158068
mirror,17926.3916015625,-2.991789035965466
mirror,17931.77490234375,-2.7611570977951843
mirror,17937.158203125,-2.3407076812097807
mirror,17942.54150390625,-3.3293069320339814
mirror,17947.9248046875,-10.235409121029724
mirror,17953.30810546875,-8.100719100161527
mirror,17958.69140625,-6.455410890235224
mirror,17964.07470703125,-9.787776795679314
mirror,17969.4580078125,-8.946869775023208
mirror,17974.84130859375,-5.899655710787056
mirror,17980.224609375,-3.412357956763903
mirror,17985.60791015625,-4.518214215150019
mirror,17990.9912109375,-7.777475452072219
mirror,17996.37451171875,-6.785049807684544
mirror,18001.7578125,-6.702370807062426
mirror,18007.14111328125,-35.73990154498914
mirror,18012.5244140625,-7.484222018366292
mirror,18017.90771484375,-8.236410794303602
mirror,18023.291015625,-9.92733395815166
mirror,18028.67431640625,-30.151233956689374
mirror,18034.0576171875,-14.916854558924646
mirror,18039.44091796875,-28.001471573405688
mirror,18044.82421875,-13.600112849417847
mirror,18050.20751953125,-12.130489369802484
mirror,18055.5908203125,-18.179680304128546
mirror,18060.97412109375,-18.459463854288344
mirror,18066.357421875,-9.937916334224438
mirror,18071.74072265625,-5.769348331590339
mirror,18077.1240234375,-7.070271893984611
mirror,18082.50732421875,-4.698423682429368
mirror,18087.890625,-8.337645296309054
mirror,18093.27392578125,-16.299966035010723
mirror,18098.6572265625,-10.763412731438047
mirror,18104.04052734375,-12.76270362440378
mirror,18109.423828125,-22.496969507256857
mirror,18114.80712890625,-16.84781798854342
mirror,18120.1904296875,-21.94908927827754
mirror,18125.57373046875,-19.430242443858926
mirror,18130.95703125,-9.56853735479938
mirror,18136.34033203125,-12.345654209137349
mirror,18141.7236328125,-18.244776611551124
mirror,18147.10693359375,-10.988244915044131
mirror,18152.490234375,-16.66991973499161
mirror,18157.87353515625,-17.199225929157336
mirror,18163.2568359375,-10.88263455589708
mirror,18168.64013671875,-12.015890510888473
mirror,18174.0234375,-9.021104407830489
mirror,18179.40673828125,-13.604256783461793
mirror,18184.7900390625,-9.972952353626997
mirror,18190.17333984375,-13.876689722341602
mirror,18195.556640625,-21.748583365860608
mirror,18200.93994140625,-8.944025300392887
mirror,18206.3232421875,-4.15585360019228
mirror,18211.70654296875,-5.995328070334123
mirror,18217.08984375,-8.28769182084549
mirror,18222.47314453125,-8.734069807767096
mirror,18227.8564453125,-12.406919838472344
mirror,18233.23974609375,-12.019326072172058
mirror,18238.623046875,-9.30278532227444
mirror,18244.00634765625,-6.495991846862265
mirror,18249.3896484375,-11.869374693251052
mirror,18254.77294921875,-7.29996411067638
mirror,18260.15625,-6.542982463789675
mirror,18265.53955078125,-11.564041616260516
mirror,18270.9228515625,-13.452556427394683
mirror,18276.30615234375,-13.63274197162696
mirror,18281.689453125,-22.197823881715713
mirror,18287.07275390625,-14.331517736988742
mirror,18292.4560546875,-9.235795124901541
mirror,18297.83935546875,-9.994703721490634
mirror,18303.22265625,-9.941775672076979
mirror,18308.60595703125,-11.433355521493143
mirror,18313.9892578125,-15.027890600586417
mirror,18319.37255859375,-10.736128508307512
mirror,18324.755859375,-13.80047795829464
mirror,18330.13916015625,-19.046198300949747
mirror,18335.5224609375,-10.549168880708855
mirror,18340.90576171875,-8.400794707330576
mirror,18346.2890625,-7.437119370613001
mirror,18351.67236328125,-10.919125690163732
mirror,18357.0556640625,-19.010831961013267
mirror,18362.43896484375,-10.15257611806577
mirror,18367.822265625,-10.805567362381204
mirror,18373.20556640625,-9.858132450553695
mirror,18378.5888671875,-4.511284247170274
mirror,18383.97216796875,-6.385209627928688
mirror,18389.35546875,-8.107400882281299
mirror,18394.73876953125,-9.180604728782257
mirror,18400.1220703125,-8.675692671487575
mirror,18405.50537109375,-6.04038802149608
mirror,18410.888671875,-15.293865701706238
mirror,18416.27197265625,-13.054994931083447
mirror,18421.6552734375,-12.045439623551918
mirror,18427.03857421875,-10.031834805300484
mirror,18432.421875,-4.567107310392495
mirror,18437.80517578125,-4.131641246688385
mirror,18443.1884765625,-15.638679742390426
mirror,18448.57177734375,-6.50217742469739
mirror,18453.955078125,-3.2181898543383185
mirror,18459.33837890625,-8.108536193613858
mirror,18464.7216796875,-9.032775620882687
mirror,18470.10498046875,-11.052646948009961
mirror,18475.48828125,-21.70534209967393
mirror,18480.87158203125,-32.83154303040512
mirror,18486.2548828125,-43.73404665809855
mirror,18491.63818359375,-11.518750616686022
mirror,18497.021484375,-6.241924214063617
mirror,18502.40478515625,-8.715030365386113
mirror,18507.7880859375,-15.556053933783307
mirror,18513.17138671875,-24.80454334840514
mirror,18518.5546875,-18.60989752073569
mirror,18523.93798828125,-5.4736517428999125
mirror,18529.3212890625,-4.47295621147569
mirror,18534.70458984375,-11.673645300083784
mirror,18540.087890625,-25.339015255133233
mirror,18545.47119140625,-13.563167043731406
mirror,18550.8544921875,-20.08660783369391
mirror,18556.23779296875,-13.354533826623951
mirror,18561.62109375,-8.418407151054998
mirror,18567.00439453125,-7.357289196128943
mirror,18572.3876953125,-23.560591618589996
mirror,18577.77099609375,-6.816320916754705
mirror,18583.154296875,-12.10955673757434
mirror,18588.53759765625,-11.652994247625156
mirror,18593.9208984375,-7.491070748095783
mirror,18599.30419921875,-5.332250517203905
mirror,18604.6875,-7.732859969680242
mirror,18610.07080078125,-12.507822155315962
mirror,18615.4541015625,-11.848269809845974
mirror,18620.83740234375,-17.706048994780062
mirror,18626.220703125,-17.11172473978204
mirror,18631.60400390625,-11.384711613740064
mirror,18636.9873046875,-10.455047190165311
mirror,18642.37060546875,-9.91081828505217
mirror,18647.75390625,-12.079687927880116
mirror,18653.13720703125,-8.197244988347034
mirror,18658.5205078125,-6.6990141456088175
mirror,18663.90380859375,-6.966875859603531
mirror,18669.287109375,-9.158855035493138
mirror,18674.67041015625,-14.62151067057028
mirror,18680.0537109375,-8.922155450606388
mirror,18685.43701171875,-9.627188260257494
mirror,18690.8203125,-31.558032240396045
mirror,18696.20361328125,-9.507913433341265
mirror,18701.5869140625,-11.617352649891986
mirror,18706.97021484375,-10.873923777628418
mirror,18712.353515625,-9.689643166540979
mirror,18717.73681640625,-16.096635062147566
mirror,18723.1201171875,-5.727946483315587
mirror,18728.50341796875,-9.478925009438665
mirror,18733.88671875,-28.159291496169487
mirror,18739.27001953125,-24.933430693261613
mirror,18744.6533203125,-16.592200976209128
mirror,18750.03662109375,-14.828427868285317
mirror,18755.419921875,-15.242743073478886
mirror,18760.80322265625,-22.684450780150172
mirror,18766.1865234375,-16.25557967604027
mirror,18771.56982421875,-12.215935520237265
mirror,18776.953125,-15.672920541266212
mirror,18782.33642578125,-22.465854819421022
mirror,18787.7197265625,-23.104485920851268
mirror,18793.10302734375,-13.475921173834195
mirror,18798.486328125,-16.485112789538825
mirror,18803.86962890625,-24.908163277813657
mirror,18809.2529296875,-17.967927422318457
mirror,18814.63623046875,-10.618974139611478
mirror,18820.01953125,-16.79801941067464
mirror,18825.40283203125,-16.79922381232258
mirror,18830.7861328125,-12.450256262706015
mirror,18836.16943359375,-9.72136199662749
mirror,18841.552734375,-9.210077197870177
mirror,18846.93603515625,-23.70098295892422
mirror,18852.3193359375,-9.704243405705618
mirror,18857.70263671875,-7.306934308099594
mirror,18863.0859375,-15.819494844897406
mirror,18868.46923828125,-17.832635001491536
mirror,18873.8525390625,-15.758949861265792
mirror,18879.23583984375,-13.69828065399515
mirror,18884.619140625,-15.070071486188903
mirror,18890.00244140625,-13.334393520543342
mirror,18895.3857421875,-11.431055419554287
mirror,18900.76904296875,-20.18593629295004
mirror,18906.15234375,-18.736894483335266
mirror,18911.53564453125,-12.394677950606264
mirror,18916.9189453125,-17.838848001289552
mirror,18922.30224609375,-9.896926621163413
mirror,18927.685546875,-7.421132105487619
mirror,18933.06884765625,-16.24819838396118
mirror,18938.4521484375,-12.449167153809048
mirror,18943.83544921875,-9.73678452769928
mirror,18949.21875,-13.498267506431105
mirror,18954.60205078125,-13.997642495774018
mirror,18959.9853515625,-6.632945154379549
mirror,18965.36865234375,-8.467670856261151
mirror,18970.751953125,-11.753475853591965
mirror,18976.13525390625,-12.999607682438965
mirror,18981.5185546875,-28.03347740046975
mirror,18986.90185546875,-18.73042998582519
mirror,18992.28515625,-12.62176734387052
mirror,18997.66845703125,-10.557672751191003
mirror,19003.0517578125,-14.773755130429345
mirror,19008.43505859375,-19.424182721151734
mirror,19013.818359375,-11.930095120519901
mirror,19019.20166015625,-15.359195377104966
mirror,19024.5849609375,-24.450179353232983
mirror,19029.96826171875,-21.17412530891416
mirror,19035.3515625,-12.618892929261872
mirror,19040.73486328125,-15.644466858149723
mirror,19046.1181640625,-11.642284685552145
mirror,19051.50146484375,-15.610952478393747
mirror,19056.884765625,-17.698771969722227
mirror,19062.26806640625,-19.312957754869878
mirror,19067.6513671875,-6.467255741974208
mirror,19073.03466796875,-7.791056779017186
mirror,19078.41796875,-9.482992085656901
mirror,19083.80126953125,-7.065537327641803
mirror,19089.1845703125,-9.710778927259943
mirror,19094.56787109375,-13.530351167302605
mirror,19099.951171875,-18.00167909531703
mirror,19105.33447265625,-17.674846497223516
mirror,19110.7177734375,-14.556802113242917
mirror,19116.10107421875,-9.931212591188563
mirror,19121.484375,-10.260639739541643
mirror,19126.86767578125,-13.645073589457741
mirror,19132.2509765625,-11.364245115863731
mirror,19137.63427734375,-13.07489017071986
mirror,19143.017578125,-8.536001003140326
mirror,19148.40087890625,-6.952947838205055
mirror,19153.7841796875,-10.766776206938102
mirror,19159.16748046875,-12.360811997685971
mirror,19164.55078125,-13.31149566214151
mirror,19169.93408203125,-10.133787192437765
mirror,19175.3173828125,-8.36615605931129
mirror,19180.70068359375,-20.38553158068092
mirror,19186.083984375,-12.933535049979003
mirror,19191.46728515625,-17.09453497465482
mirror,19196.8505859375,-17.731189875332248
mirror,19202.23388671875,-11.185343044361586
mirror,19207.6171875,-10.677883927870774
mirror,19213.00048828125,-18.37085887429805
mirror,19218.3837890625,-13.311162417650603
mirror,19223.76708984375,-12.367704492924354
mirror,19229.150390625,-16.932921530770685
mirror,19234.53369140625,-9.7080888906285
mirror,19239.9169921875,-19.54170993676017
mirror,19245.30029296875,-11.918153474336242
mirror,19250.68359375,-13.06084874630423
mirror,19256.06689453125,-18.392296015600426
mirror,19261.4501953125,-21.83565022600742
mirror,19266.83349609375,-17.212877246406478
mirror,19272.216796875,-16.200034910776232
mirror,19277.60009765625,-13.471160190648945
mirror,19282.9833984375,-10.971946875333412
mirror,19288.36669921875,-10.417404627128946
mirror,19293.75,-16.591642135667783
mirror,19299.13330078125,-16.4971596623947
mirror,19304.5166015625,-11.881112057979626
mirror,19309.89990234375,-12.945952791713047
mirror,19315.283203125,-14.857398005476162
mirror,19320.66650390625,-12.77162509958468
mirror,19326.0498046875,-7.65058863864181
mirror,19331.43310546875,-13.098503377037385
mirror,19336.81640625,-20.376190918480034
mirror,19342.19970703125,-19.24202235363439
mirror,19347.5830078125,-20.876113455120397
mirror,19352.96630859375,-30.10756654185724
mirror,19358.349609375,-22.296265437402482
mirror,19363.73291015625,-22.611259168951815
mirror,19369.1162109375,-22.37013199222372
mirror,19374.49951171875,-12.329308763543185
mirror,19379.8828125,-11.100817864918922
mirror,19385.26611328125,-18.919478118435546
mirror,19390.6494140625,-7.609918184023721
mirror,19396.03271484375,-6.776508591476232
mirror,19401.416015625,-13.080184006868542
mirror,19406.79931640625,-19.067914445406885
mirror,19412.1826171875,-14.201433518853472
mirror,19417.56591796875,-11.780406764341409
mirror,19422.94921875,-11.925473709704539
mirror,19428.33251953125,-12.734104348923264
mirror,19433.7158203125,-12.003600709616302
mirror,19439.09912109375,-15.865829633268902
mirror,19444.482421875,-17.74793985388277
mirror,19449.86572265625,-18.209594693186624
mirror,19455.2490234375,-13.045311298586693
mirror,19460.63232421875,-13.456399690723615
mirror,19466.015625,-16.532658544309083
mirror,19471.39892578125,-12.692360647757614
mirror,19476.7822265625,-16.404639731620986
mirror,19482.16552734375,-15.096256239305855
mirror,19487.548828125,-20.49595524675636
mirror,19492.93212890625,-10.650920988111956
mirror,19498.3154296875,-11.131654246448603
mirror,19503.69873046875,-17.836591318563812
mirror,19509.08203125,-13.56902288358096
mirror,19514.46533203125,-19.39444341679696
mirror,19519.8486328125,-30.38678370560929
mirror,19525.23193359375,-16.884889862301545
mirror,19530.615234375,-16.19067739597095
mirror,19535.99853515625,-21.328694120388768
mirror,19541.3818359375,-19.60782019493821
mirror,19546.76513671875,-26.238705955934954
mirror,19552.1484375,-13.456009141425042
mirror,19557.53173828125,-10.262514349186866
mirror,19562.9150390625,-10.190933228495018
mirror,19568.29833984375,-7.202188231518097
mirror,19573.681640625,-11.417196664320382
mirror,19579.06494140625,-21.492887556221305
mirror,19584.4482421875,-13.725876345948665
mirror,19589.83154296875,-12.256515896411418
mirror,19595.21484375,-8.931892308778215
mirror,19600.59814453125,-9.197387622299921
mirror,19605.9814453125,-10.433879437116243
mirror,19611.36474609375,-10.053069330955823
mirror,19616.748046875,-14.050609111606072
mirror,19622.13134765625,-17.70599618409213
mirror,19627.5146484375,-20.78662449325819
mirror,19632.89794921875,-23.14093197648389
mirror,19638.28125,-33.879725350906064
mirror,19643.66455078125,-24.271529230726458
mirror,19649.0478515625,-20.254642031185366
mirror,19654.43115234375,-21.16575454351166
mirror,19659.814453125,-12.687158821952679
mirror,19665.19775390625,-8.432383426507831
mirror,19670.5810546875,-15.87854322300226
mirror,19675.96435546875,-7.931552483482486
mirror,19681.34765625,-7.800363093462675
mirror,19686.73095703125,-24.069968222747285
mirror,19692.1142578125,-19.07866032561655
mirror,19697.49755859375,-17.842969716094995
mirror,19702.880859375,-16.301163162225855
mirror,19708.26416015625,-18.33757692275107
mirror,19713.6474609375,-18.665434331714287
mirror,19719.03076171875,-15.980881181396176
mirror,19724.4140625,-16.850913642283054
mirror,19729.79736328125,-13.532089811572481
mirror,19735.1806640625,-12.011373221816779
mirror,19740.56396484375,-18.700168218884127
mirror,19745.947265625,-9.224535509854267
mirror,19751.33056640625,-10.125939447926031
mirror,19756.7138671875,-14.964598628843016
mirror,19762.09716796875,-45.15011362638043
mirror,19767.48046875,-17.746599165882635
mirror,19772.86376953125,-15.738217830477108
mirror,19778.2470703125,-14.163618666312646
mirror,19783.63037109375,-15.529291418392637
mirror,19789.013671875,-18.618220686668053
mirror,19794.39697265625,-26.186661134239287
mirror,19799.7802734375,-14.849172743754211
mirror,19805.16357421875,-14.93818521954334
mirror,19810.546875,-11.068471370610023
mirror,19815.93017578125,-13.801469322432487
mirror,19821.3134765625,-25.92642242528603
mirror,19826.69677734375,-16.297768697152797
mirror,19832.080078125,-9.37621049541231
mirror,19837.46337890625,-8.046606368058258
mirror,19842.8466796875,-7.438885861489903
mirror,19848.22998046875,-13.601644174759615
mirror,19853.61328125,-18.785264259132465
mirror,19858.99658203125,-13.535529259051602
mirror,19864.3798828125,-12.73594510263697
mirror,19869.76318359375,-11.916797025852635
mirror,19875.146484375,-15.744850144301449
mirror,19880.52978515625,-28.242986597253214
mirror,19885.9130859375,-12.922643967506676
mirror,19891.29638671875,-12.36325588694209
mirror,19896.6796875,-17.52638417188519
mirror,19902.06298828125,-28.184295916963432
mirror,19907.4462890625,-23.24482791987499
mirror,19912.82958984375,-25.219225867910076
mirror,19918.212890625,-18.045706746611923
mirror,19923.59619140625,-9.410348622750504
mirror,19928.9794921875,-8.192928483665774
mirror,19934.36279296875,-12.673152863464335
mirror,19939.74609375,-18.127159284534198
mirror,19945.12939453125,-11.961584650333108
mirror,19950.5126953125,-9.069151886531628
mirror,19955.89599609375,-10.364506779782145
mirror,19961.279296875,-8.973041261271122
mirror,19966.66259765625,-11.003413240025273
mirror,19972.0458984375,-14.036369663205283
mirror,19977.42919921875,-12.731604872259037
mirror,19982.8125,-14.457785501947285
mirror,19988.19580078125,-23.763500424981277
mirror,19993.5791015625,-27.3869615095062
mirror,19998.96240234375,-21.577436290715713
mirror,20004.345703125,-30.873264048470222
mirror,20009.72900390625,-15.226369500467769
mirror,20015.1123046875,-13.703119403220565
mirror,20020.49560546875,-17.047304461123627
mirror,20025.87890625,-14.355635127357392
mirror,20031.26220703125,-15.665513285120738
mirror,20036.6455078125,-18.972343470977783
mirror,20042.02880859375,-23.576646170079986
mirror,20047.412109375,-21.982996511682703
mirror,20052.79541015625,-12.716916248372636
mirror,20058.1787109375,-15.28984249794995
mirror,20063.56201171875,-13.18757060490756
mirror,20068.9453125,-11.310489917782183
mirror,20074.32861328125,-13.342156199377758
mirror,20079.7119140625,-11.105872650156039
mirror,20085.09521484375,-15.535152246353059
mirror,20090.478515625,-16.423774878936392
mirror,20095.86181640625,-19.347343839300557
mirror,20101.2451171875,-17.236387059182615
mirror,20106.62841796875,-22.590275185627625
mirror,20112.01171875,-14.495509383702705
mirror,20117.39501953125,-13.968203197166016
mirror,20122.7783203125,-22.574241438525146
mirror,20128.16162109375,-18.796358146891148
mirror,20133.544921875,-16.69574902545775
mirror,20138.92822265625,-19.46497636892358
mirror,20144.3115234375,-9.912131765392802
mirror,20149.69482421875,-12.15301985428515
mirror,20155.078125,-21.8702799260085
mirror,20160.46142578125,-9.582985023490831
mirror,20165.8447265625,-15.340698697036286
mirror,20171.22802734375,-12.673111088366817
mirror,20176.611328125,-9.887513092208069
mirror,20181.99462890625,-10.43271255952775
mirror,20187.3779296875,-12.99937393079744
mirror,20192.76123046875,-20.173610827000964
mirror,20198.14453125,-16.293034371776088
mirror,20203.52783203125,-14.286499522656484
mirror,20208.9111328125,-15.889080736502732
mirror,20214.29443359375,-14.315205474038981
mirror,20219.677734375,-7.484143219678151
mirror,20225.06103515625,-9.533857405728615
mirror,20230.4443359375,-20.432067721026815
mirror,20235.82763671875,-15.6928185966647
mirror,20241.2109375,-10.503745414713086
mirror,20246.59423828125,-11.578397003928194
mirror,20251.9775390625,-11.069721171094084
mirror,20257.36083984375,-18.395762507130023
mirror,20262.744140625,-14.310810341715927
mirror,20268.12744140625,-8.2330059888964
mirror,20273.5107421875,-6.435442571194737
mirror,20278.89404296875,-10.59117540630213
mirror,20284.27734375,-25.824867102336306
mirror,20289.66064453125,-12.891229406075249
mirror,20295.0439453125,-12.021780894169126
mirror,20300.42724609375,-18.808309691601785
mirror,20305.810546875,-27.28727951384578
mirror,20311.19384765625,-28.98669624757417
mirror,20316.5771484375,-16.151429094428103
mirror,20321.96044921875,-16.70539922440405
mirror,20327.34375,-33.891968343089076
mirror,20332.72705078125,-15.631374591989857
mirror,20338.1103515625,-18.170564747876973
mirror,20343.49365234375,-19.69045745067104
mirror,20348.876953125,-12.644721612081987
mirror,20354.26025390625,-18.334679313025337
mirror,20359.6435546875,-23.502511884169195
mirror,20365.02685546875,-19.056446147822275
mirror,20370.41015625,-16.932041364891543
mirror,20375.79345703125,-11.444263482121029
mirror,20381.1767578125,-12.79294876905104
mirror,20386.56005859375,-19.313350941109558
mirror,20391.943359375,-22.705302320280055
mirror,20397.32666015625,-13.692096061358646
mirror,20402.7099609375,-9.238480387989426
mirror,20408.09326171875,-9.628459812411501
mirror,20413.4765625,-16.02327955949611
mirror,20418.85986328125,-26.374199678449028
mirror,20424.2431640625,-14.290356941697947
mirror,20429.62646484375,-17.488588885302306
mirror,20435.009765625,-15.676131877359703
mirror,20440.39306640625,-10.180403820231895
mirror,20445.7763671875,-10.064644947332308
mirror,20451.15966796875,-21.527218335704916
mirror,20456.54296875,-12.358923634658272
mirror,20461.92626953125,-11.063427265060273
mirror,20467.3095703125,-16.123979611912116
mirror,20472.69287109375,-16.645491926469
mirror,20478.076171875,-22.777485951771922
mirror,20483.45947265625,-21.885478354348926
mirror,20488.8427734375,-15.05021917483879
mirror,20494.22607421875,-11.71470542181524
mirror,20499.609375,-13.155571183252071
mirror,20504.99267578125,-17.245492074338916
mirror,20510.3759765625,-13.585921696776639
mirror,20515.75927734375,-10.98541410707455
mirror,20521.142578125,-15.542477253004307
mirror,20526.52587890625,-9.168683454847871
mirror,20531.9091796875,-8.055505282070879
mirror,20537.29248046875,-15.42746716908252
mirror,20542.67578125,-15.557883888538456
mirror,20548.05908203125,-10.062060040423491
mirror,20553.4423828125,-15.242023446732993
mirror,20558.82568359375,-19.793902336788552
mirror,20564.208984375,-19.36152005716786
mirror,20569.59228515625,-9.387138652174553
mirror,20574.9755859375,-11.684371579581224
mirror,20580.35888671875,-33.090884221822236
mirror,20585.7421875,-28.163162692944397
mirror,20591.12548828125,-18.296722335924315
mirror,20596.5087890625,-11.311905442171375
mirror,20601.89208984375,-9.190283806059838
mirror,20607.275390625,-15.394129108157388
mirror,20612.65869140625,-26.53231469131824
mirror,20618.0419921875,-18.08395703734218
mirror,20623.42529296875,-19.50242186527162
mirror,20628.80859375,-13.637017748249233
mirror,20634.19189453125,-11.528220644430558
mirror,20639.5751953125,-12.776783609478864
mirror,20644.95849609375,-12.256548774497261
mirror,20650.341796875,-14.46693443603828
mirror,20655.72509765625,-16.730168058999066
mirror,20661.1083984375,-11.734045589692265
mirror,20666.49169921875,-14.434761935941935
mirror,20671.875,-16.774911849194677
mirror,20677.25830078125,-7.186314248081594
mirror,20682.6416015625,-7.158018514358819
mirror,20688.02490234375,-17.75393497166083
mirror,20693.408203125,-15.976926144856531
mirror,20698.79150390625,-15.198461905612913
mirror,20704.1748046875,-13.861295275604279
mirror,20709.55810546875,-16.500140737065855
mirror,20714.94140625,-22.913096786433375
mirror,20720.32470703125,-12.476869134127892
mirror,20725.7080078125,-13.36700515271371
mirror,20731.09130859375,-17.5879026219279
mirror,20736.474609375,-16.017046756630382
mirror,20741.85791015625,-17.54451094039064
mirror,20747.2412109375,-17.98365796171919
mirror,20752.62451171875,-12.55284826214882
mirror,20758.0078125,-11.367071951375785
mirror,20763.39111328125,-21.392541421337906
mirror,20768.7744140625,-10.669963835744243
mirror,20774.15771484375,-19.86355621572992
mirror,20779.541015625,-13.370147030909349
mirror,20784.92431640625,-14.985412876458339
mirror,20790.3076171875,-15.15813828964401
mirror,20795.69091796875,-23.066733407512224
mirror,20801.07421875,-12.557536460502499
mirror,20806.45751953125,-12.71613680097168
mirror,20811.8408203125,-29.980909438907233
mirror,20817.22412109375,-17.784002846697213
mirror,20822.607421875,-18.380371710768603
mirror,20827.99072265625,-18.88394159172134
mirror,20833.3740234375,-14.076467137088997
mirror,20838.75732421875,-21.22210810738009
mirror,20844.140625,-13.44759236299316
mirror,20849.52392578125,-11.054168937606674
mirror,20854.9072265625,-15.679340176271923
mirror,20860.29052734375,-32.60141219672243
mirror,20865.673828125,-17.10199328243615
mirror,20871.05712890625,-15.878396592585336
mirror,20876.4404296875,-19.740111598724166
mirror,20881.82373046875,-16.768775755188628
mirror,20887.20703125,-16.753318164557456
mirror,20892.59033203125,-16.178000264057374
mirror,20897.9736328125,-20.825878591487125
mirror,20903.35693359375,-24.217211590654966
mirror,20908.740234375,-15.558307928909416
mirror,20914.12353515625,-15.719547910374578
mirror,20919.5068359375,-22.993953652789344
mirror,20924.89013671875,-19.64413297068065
mirror,20930.2734375,-19.431031940073446
mirror,20935.65673828125,-16.146098294052784
mirror,20941.0400390625,-13.22299666271919
mirror,20946.42333984375,-17.33557680133581
mirror,20951.806640625,-15.612103936035076
mirror,20957.18994140625,-14.694553297017109
mirror,20962.5732421875,-23.5443633674885
mirror,20967.95654296875,-17.80370041537363
mirror,20973.33984375,-17.319953706314447
mirror,20978.72314453125,-17.70333961635043
mirror,20984.1064453125,-19.07491967985935
mirror,20989.48974609375,-19.31687327930221
mirror,20994.873046875,-22.184982917823636
mirror,21000.25634765625,-27.95503306901134
mirror,21005.6396484375,-19.70395909960974
mirror,21011.02294921875,-18.005156083444717
mirror,21016.40625,-14.760701783492511
mirror,21021.78955078125,-11.738343608677393
mirror,21027.1728515625,-22.072554226757287
mirror,21032.55615234375,-10.65279036433435
mirror,21037.939453125,-15.299486242228863
mirror,21043.32275390625,-11.50295922960138
mirror,21048.7060546875,-15.387862318751228
mirror,21054.08935546875,-16.06334975745551
mirror,21059.47265625,-9.068302093307043
mirror,21064.85595703125,-8.939773009834212
mirror,21070.2392578125,-11.148448548638763
mirror,21075.62255859375,-26.772678998591665
mirror,21081.005859375,-19.16105842777257
mirror,21086.38916015625,-21.0338604374596
mirror,21091.7724609375,-22.44268147344082
mirror,21097.15576171875,-15.599963467711644
mirror,21102.5390625,-19.032259810884817
mirror,21107.92236328125,-16.948155048244274
mirror,21113.3056640625,-12.81253602386899
mirror,21118.68896484375,-12.173323195157932
mirror,21124.072265625,-29.542792589402453
mirror,21129.45556640625,-30.55025273837243
mirror,21134.8388671875,-10.345679265586218
mirror,21140.22216796875,-10.522179342606183
mirror,21145.60546875,-20.57619791707517
mirror,21150.98876953125,-21.340406159747616
mirror,21156.3720703125,-16.30230428469732
mirror,21161.75537109375,-12.031959243434454
mirror,21167.138671875,-9.172184218688196
mirror,21172.52197265625,-12.315546451511338
mirror,21177.9052734375,-22.842760919191218
mirror,21183.28857421875,-28.579105090650486
mirror,21188.671875,-17.529284879071763
mirror,21194.05517578125,-12.889193993505948
mirror,21199.4384765625,-17.796623273876698
mirror,21204.82177734375,-18.117650679131046
mirror,21210.205078125,-12.356177369814134
mirror,21215.58837890625,-21.29706501996636
mirror,21220.9716796875,-20.774975977054847
mirror,21226.35498046875,-23.41583510556955
mirror,21231.73828125,-21.81538650453482
mirror,21237.12158203125,-24.306167333198943
mirror,21242.5048828125,-16.36402733502624
mirror,21247.88818359375,-12.749371370847305
mirror,21253.271484375,-17.27214589911187
mirror,21258.65478515625,-12.414739538773677
mirror,21264.0380859375,-9.65551736500341
mirror,21269.42138671875,-18.796460154901816
mirror,21274.8046875,-17.20256165166933
mirror,21280.18798828125,-29.22876194756425
mirror,21285.5712890625,-13.165717248287729
mirror,21290.95458984375,-15.929063789052599
mirror,21296.337890625,-17.133421899993472
mirror,21301.72119140625,-16.281790490068218
mirror,21307.1044921875,-28.36501198203583
mirror,21312.48779296875,-17.514180716388562
mirror,21317.87109375,-27.67357531176836
mirror,21323.25439453125,-20.526428146346273
mirror,21328.6376953125,-20.724353605390036
mirror,21334.02099609375,-12.372016486863036
mirror,21339.404296875,-21.935394871241115
mirror,21344.78759765625,-12.971710936035453
mirror,21350.1708984375,-10.358173259629712
mirror,21355.55419921875,-31.99976166224117
mirror,21360.9375,-9.849985743793798
mirror,21366.32080078125,-12.918318848035765
mirror,21371.7041015625,-13.677183770491247
mirror,21377.08740234375,-16.84751008439858
mirror,21382.470703125,-16.390089572403795
mirror,21387.85400390625,-19.440800364100735
mirror,21393.2373046875,-16.25894887643911
mirror,21398.62060546875,-18.03301336579292
mirror,21404.00390625,-21.917480388463318
mirror,21409.38720703125,-16.695157838126335
mirror,21414.7705078125,-12.88242002188902
mirror,21420.15380859375,-42.23631420454957
mirror,21425.537109375,-15.116673008006035
mirror,21430.92041015625,-22.00317711797778
mirror,21436.3037109375,-23.87813123760861
mirror,21441.68701171875,-15.379247829116336
mirror,21447.0703125,-16.54827574041325
mirror,21452.45361328125,-23.3130877656825
mirror,21457.8369140625,-15.733108599999584
mirror,21463.22021484375,-16.01058635014708
mirror,21468.603515625,-26.44423455917171
mirror,21473.98681640625,-14.540035575954294
mirror,21479.3701171875,-14.183473125130945
mirror,21484.75341796875,-31.508083953640135
mirror,21490.13671875,-11.293428501985357
mirror,21495.52001953125,-13.03607934047921
mirror,21500.9033203125,-15.312462500787273
mirror,21506.28662109375,-7.337474094170991
mirror,21511.669921875,-8.121316964642933
mirror,21517.05322265625,-11.802388161977648
mirror,21522.4365234375,-18.790388894729098
mirror,21527.81982421875,-14.818149702568682
mirror,21533.203125,-14.47643290705244
mirror,21538.58642578125,-12.95483568866442
mirror,21543.9697265625,-14.542436317431234
mirror,21549.35302734375,-17.297721389127915
mirror,21554.736328125,-12.347175034739292
mirror,21560.11962890625,-15.877937354078433
mirror,21565.5029296875,-27.606219923639543
mirror,21570.88623046875,-24.127714124487966
mirror,21576.26953125,-14.377008298993232
mirror,21581.65283203125,-18.9668818714086
mirror,21587.0361328125,-16.484752144712804
mirror,21592.41943359375,-18.206167227404258
mirror,21597.802734375,-22.258060538089296
mirror,21603.18603515625,-23.80459022875794
mirror,21608.5693359375,-34.7354963353867
mirror,21613.95263671875,-21.484176322548215
mirror,21619.3359375,-26.743256544497463
mirror,21624.71923828125,-11.238768494182183
mirror,21630.1025390625,-11.540614292091593
mirror,21635.48583984375,-11.441512955931419
mirror,21640.869140625,-11.574835872594083
mirror,21646.25244140625,-12.255347983199563
mirror,21651.6357421875,-11.999681770916373
mirror,21657.01904296875,-25.548808775269734
mirror,21662.40234375,-15.951939950808608
mirror,21667.78564453125,-18.76837615187726
mirror,21673.1689453125,-12.490243433657273
mirror,21678.55224609375,-14.191376220394435
mirror,21683.935546875,-22.21013097209173
mirror,21689.31884765625,-17.62247531427139
mirror,21694.7021484375,-13.486246920239694
mirror,21700.08544921875,-23.646212659481705
mirror,21705.46875,-19.111482874913982
mirror,21710.85205078125,-26.754191465648326
mirror,21716.2353515625,-22.49051822274691
mirror,21721.61865234375,-27.83049288557823
mirror,21727.001953125,-15.498664073614638
mirror,21732.38525390625,-13.556606846303767
mirror,21737.7685546875,-15.52761898407284
mirror,21743.15185546875,-17.907648464923977
mirror,21748.53515625,-13.231188800826391
mirror,21753.91845703125,-13.050561167656733
mirror,21759.3017578125,-23.754987806287076
mirror,21764.68505859375,-20.848762250784773
mirror,21770.068359375,-16.58385114495857
mirror,21775.45166015625,-12.886357209997444
mirror,21780.8349609375,-13.071557208510693
mirror,21786.21826171875,-13.828069792389307
mirror,21791.6015625,-15.32022551291031
mirror,21796.98486328125,-13.97052755055855
mirror,21802.3681640625,-13.350736687442446
mirror,21807.75146484375,-12.05614446135115
mirror,21813.134765625,-13.843550346475325
mirror,21818.51806640625,-21.155429315249958
mirror,21823.9013671875,-10.006541565290398
mirror,21829.28466796875,-10.8828649896153
mirror,21834.66796875,-31.636161976476526
mirror,21840.05126953125,-15.325255087050035
mirror,21845.4345703125,-24.01203052500543
mirror,21850.81787109375,-20.23965869493527
mirror,21856.201171875,-20.10512837850687
mirror,21861.58447265625,-23.75423469515759
mirror,21866.9677734375,-15.872644819553209
mirror,21872.35107421875,-21.21295315457912
mirror,21877.734375,-15.050623148577154
mirror,21883.11767578125,-12.993550583308373
mirror,21888.5009765625,-18.9025536208134
mirror,21893.88427734375,-14.166837632436398
mirror,21899.267578125,-18.25282192932378
mirror,21904.65087890625,-20.388671587011487
mirror,21910.0341796875,-13.358798452754332
mirror,21915.41748046875,-15.618197635507563
mirror,21920.80078125,-18.438818668092726
mirror,21926.18408203125,-17.90283792604257
mirror,21931.5673828125,-24.840128049922853
mirror,21936.95068359375,-14.728646101051996
mirror,21942.333984375,-19.276380739268447
mirror,21947.71728515625,-17.616582968418495
mirror,21953.1005859375,-29.38737914583711
mirror,21958.48388671875,-25.42586391226106
mirror,21963.8671875,-23.09286478930126
mirror,21969.25048828125,-17.278164586853965
mirror,21974.6337890625,-20.049057533612626
mirror,21980.01708984375,-24.52535885970807
mirror,21985.400390625,-17.465524139223017
mirror,21990.78369140625,-15.775752336061908
mirror,21996.1669921875,-16.816966879087875
mirror,22001.55029296875,-19.451674329236248
mirror,22006.93359375,-22.178687175778787
mirror,22012.31689453125,-26.023068877933202
mirror,22017.7001953125,-12.24249906849103
mirror,22023.08349609375,-7.800326273969138
mirror,22028.466796875,-11.052080215236693
mirror,22033.85009765625,-19.535773459215193
mirror,22039.2333984375,-24.404958066481413
mirror,22044.61669921875,-18.83569229629461
mirror,22050,-15.164106636835209
