Name,Frequency,Intensity
h,0,11.02842161
h,10.76660156,20.3336826
h,21.53320313,22.78265884
h,32.29980469,18.0306918
h,43.06640625,14.69911372
h,53.83300781,15.21477054
h,64.59960938,16.90323522
h,75.36621094,19.76032823
h,86.1328125,18.17314372
h,96.89941406,20.12092706
h,107.6660156,12.87967381
h,118.4326172,7.704744481
h,129.1992188,12.00777815
h,139.9658203,2.119680347
h,150.7324219,14.17048406
h,161.4990234,11.19268403
h,172.265625,16.41608186
h,183.0322266,5.640966647
h,193.7988281,5.354434873
h,204.5654297,13.62352841
h,215.3320313,8.685443891
h,226.0986328,13.16504767
h,236.8652344,17.76483275
h,247.6318359,14.4026614
h,258.3984375,-5.308572806
h,269.1650391,10.64696638
h,279.9316406,16.99978028
h,290.6982422,11.62120394
h,301.4648438,13.46958779
h,312.2314453,12.29720432
h,322.9980469,8.652887867
h,333.7646484,18.75342406
h,344.53125,20.22439314
h,355.2978516,16.77907072
h,366.0644531,17.59384233
h,376.8310547,20.35951457
h,387.5976563,26.87458797
h,398.3642578,20.23575524
h,409.1308594,10.87327546
h,419.8974609,25.10421639
h,430.6640625,22.75530754
h,441.4306641,16.91589899
h,452.1972656,17.37769889
h,462.9638672,18.53723493
h,473.7304688,5.432793766
h,484.4970703,8.318868005
h,495.2636719,6.58242906
h,506.0302734,17.33711565
h,516.796875,2.806932127
h,527.5634766,13.93929363
h,538.3300781,7.392957564
h,549.0966797,22.26633332
h,559.8632813,23.26867835
h,570.6298828,19.08098446
h,581.3964844,-3.456576821
h,592.1630859,21.33053875
h,602.9296875,18.5493803
h,613.6962891,28.63473944
h,624.4628906,25.23185323
h,635.2294922,20.40268643
h,645.9960938,25.16091179
h,656.7626953,27.01492474
h,667.5292969,25.02664978
h,678.2958984,28.76709543
h,689.0625,32.25209122
h,699.8291016,37.46138769
h,710.5957031,32.32937319
h,721.3623047,25.89667393
h,732.1289063,23.96596125
h,742.8955078,26.32831898
h,753.6621094,19.14473826
h,764.4287109,15.48715548
h,775.1953125,15.07685443
h,785.9619141,4.066216073
h,796.7285156,13.42035406
h,807.4951172,17.11795638
h,818.2617188,18.16106833
h,829.0283203,14.60845478
h,839.7949219,23.45680798
h,850.5615234,10.8810469
h,861.328125,23.08733929
h,872.0947266,6.3954679
h,882.8613281,17.12878826
h,893.6279297,0.269381303
h,904.3945313,15.48136529
h,915.1611328,13.43154062
h,925.9277344,12.75925549
h,936.6943359,16.99727775
h,947.4609375,12.04078093
h,958.2275391,8.142493499
h,968.9941406,19.69779912
h,979.7607422,19.91775476
h,990.5273438,12.53989698
h,1001.293945,2.731450882
h,1012.060547,8.264532223
h,1022.827148,12.39035224
h,1033.59375,11.85355617
h,1044.360352,12.26601145
h,1055.126953,7.901397962
h,1065.893555,11.00112347
h,1076.660156,8.693500151
h,1087.426758,11.56158035
h,1098.193359,-8.635194173
h,1108.959961,12.82078131
h,1119.726563,12.33798139
h,1130.493164,8.913482109
h,1141.259766,11.74553981
h,1152.026367,11.44674326
h,1162.792969,-0.285741065
h,1173.55957,-17.02491136
h,1184.326172,4.685763052
h,1195.092773,15.06745439
h,1205.859375,10.26092388
h,1216.625977,7.587817456
h,1227.392578,12.76789962
h,1238.15918,4.829789805
h,1248.925781,5.906794199
h,1259.692383,10.31845487
h,1270.458984,-6.1436449
h,1281.225586,7.921367182
h,1291.992188,11.32357908
h,1302.758789,9.077605195
h,1313.525391,4.510952715
h,1324.291992,-3.755066938
h,1335.058594,9.690474314
h,1345.825195,12.36957899
h,1356.591797,8.969144397
h,1367.358398,4.368615105
h,1378.125,2.643583509
h,1388.891602,8.165571878
h,1399.658203,-4.213527336
h,1410.424805,10.3852897
h,1421.191406,7.510884176
h,1431.958008,-12.0508443
h,1442.724609,3.425385963
h,1453.491211,10.58180176
h,1464.257813,8.47691431
h,1475.024414,2.608889022
h,1485.791016,-5.509338929
h,1496.557617,7.634597217
h,1507.324219,6.737076822
h,1518.09082,4.301963953
h,1528.857422,1.352366187
h,1539.624023,-1.586789837
h,1550.390625,-7.138752521
h,1561.157227,-1.976722106
h,1571.923828,5.640165569
h,1582.69043,-2.8218877
h,1593.457031,-17.02046147
h,1604.223633,-2.501360785
h,1614.990234,1.44949309
h,1625.756836,6.576090499
h,1636.523438,7.796587937
h,1647.290039,6.177040583
h,1658.056641,2.837622345
h,1668.823242,0.218968683
h,1679.589844,-0.965553501
h,1690.356445,3.50303214
h,1701.123047,9.098519947
h,1711.889648,2.27977066
h,1722.65625,-1.20880538
h,1733.422852,-0.955644306
h,1744.189453,-17.65957124
h,1754.956055,-3.924340207
h,1765.722656,-12.86672819
h,1776.489258,1.202373983
h,1787.255859,-3.322715388
h,1798.022461,5.96504613
h,1808.789063,4.419475947
h,1819.555664,2.663500931
h,1830.322266,-8.242636935
h,1841.088867,0.307818117
h,1851.855469,8.533485217
h,1862.62207,4.139570502
h,1873.388672,-7.775209992
h,1884.155273,-12.57100793
h,1894.921875,-9.008065211
h,1905.688477,-10.62793065
h,1916.455078,1.74735911
h,1927.22168,-7.314368578
h,1937.988281,-5.172746388
h,1948.754883,-0.223399674
h,1959.521484,5.604677975
h,1970.288086,2.001272928
h,1981.054688,-2.035801239
h,1991.821289,-0.906441799
h,2002.587891,-2.427446761
h,2013.354492,-4.450836021
h,2024.121094,-0.29286735
h,2034.887695,-1.690314415
h,2045.654297,-0.118004307
h,2056.420898,3.652067018
h,2067.1875,5.456649825
h,2077.954102,-8.021571016
h,2088.720703,-2.2292163
h,2099.487305,1.250610913
h,2110.253906,0.745885565
h,2121.020508,-3.613645069
h,2131.787109,0.403345053
h,2142.553711,5.064600165
h,2153.320313,-1.692428894
h,2164.086914,-1.6108986
h,2174.853516,-1.56013883
h,2185.620117,-11.46809919
h,2196.386719,-9.871942412
h,2207.15332,-5.673163755
h,2217.919922,-1.4474338
h,2228.686523,-1.265021724
h,2239.453125,-2.675292576
h,2250.219727,-1.160211329
h,2260.986328,1.786321887
h,2271.75293,-10.63400022
h,2282.519531,1.077442094
h,2293.286133,-1.877191948
h,2304.052734,-16.29815373
h,2314.819336,-6.101700883
h,2325.585938,-7.275446157
h,2336.352539,-7.863357577
h,2347.119141,0.551288752
h,2357.885742,-3.804135461
h,2368.652344,-6.968920649
h,2379.418945,-7.980139402
h,2390.185547,-8.409489361
h,2400.952148,-6.31287673
h,2411.71875,-6.284074692
h,2422.485352,-1.939227081
h,2433.251953,-7.826634894
h,2444.018555,-14.601591
h,2454.785156,-11.04470696
h,2465.551758,-15.01831022
h,2476.318359,-19.55787379
h,2487.084961,-7.743521827
h,2497.851563,-2.562733137
h,2508.618164,-7.456113861
h,2519.384766,-12.83909959
h,2530.151367,-12.38169189
h,2540.917969,-4.669736363
h,2551.68457,-1.150254707
h,2562.451172,-6.257482042
h,2573.217773,-4.387124894
h,2583.984375,-4.843333668
h,2594.750977,-6.377175537
h,2605.517578,-7.570694947
h,2616.28418,-5.324768433
h,2627.050781,-9.582624357
h,2637.817383,-7.004643107
h,2648.583984,-0.99137149
h,2659.350586,-14.14554737
h,2670.117188,-11.98868831
h,2680.883789,-1.293226208
h,2691.650391,-3.55259601
h,2702.416992,-12.06254513
h,2713.183594,-10.37391524
h,2723.950195,-6.622274786
h,2734.716797,-2.52328694
h,2745.483398,-2.248748291
h,2756.25,-7.087648485
h,2767.016602,-21.4618597
h,2777.783203,-7.791528325
h,2788.549805,-5.765766934
h,2799.316406,-10.26554373
h,2810.083008,-12.85517802
h,2820.849609,-8.689188921
h,2831.616211,-5.540720904
h,2842.382813,-1.183833439
h,2853.149414,-4.836384354
h,2863.916016,-5.703159738
h,2874.682617,-12.69765978
h,2885.449219,-1.974855718
h,2896.21582,-3.431217831
h,2906.982422,-10.90676804
h,2917.749023,-11.7051382
h,2928.515625,-7.647040861
h,2939.282227,-5.552724088
h,2950.048828,-6.014610204
h,2960.81543,-5.22128713
h,2971.582031,-12.33328403
h,2982.348633,-4.37442977
h,2993.115234,-5.777658357
h,3003.881836,-25.11997428
h,3014.648438,-11.4841651
h,3025.415039,-9.308995992
h,3036.181641,-6.358922793
h,3046.948242,-13.37660891
h,3057.714844,-1.80477016
h,3068.481445,-1.760085478
h,3079.248047,-7.404862357
h,3090.014648,-4.996610719
h,3100.78125,-2.589335374
h,3111.547852,-13.26269105
h,3122.314453,-20.13438678
h,3133.081055,-3.029754205
h,3143.847656,0.985368645
h,3154.614258,0.010464747
h,3165.380859,-2.440932047
h,3176.147461,-3.124970309
h,3186.914063,-2.459496149
h,3197.680664,-6.213496664
h,3208.447266,-16.00388088
h,3219.213867,-7.728773897
h,3229.980469,-1.826403931
h,3240.74707,-1.853686
h,3251.513672,-12.44226944
h,3262.280273,-14.64049293
h,3273.046875,-1.55729503
h,3283.813477,-3.117519648
h,3294.580078,-2.375619609
h,3305.34668,-5.596279363
h,3316.113281,-13.81884293
h,3326.879883,-6.631949912
h,3337.646484,-9.082766139
h,3348.413086,-7.067422635
h,3359.179688,0.056874756
h,3369.946289,1.440322857
h,3380.712891,2.106121045
h,3391.479492,-2.053600064
h,3402.246094,-8.94240133
h,3413.012695,-6.436852441
h,3423.779297,-17.20129632
h,3434.545898,-7.180540755
h,3445.3125,-10.19531088
h,3456.079102,-6.128183688
h,3466.845703,-4.019160911
h,3477.612305,-20.01478818
h,3488.378906,-10.13403644
h,3499.145508,-7.616296163
h,3509.912109,-10.35007195
h,3520.678711,-12.26379695
h,3531.445313,-10.61260643
h,3542.211914,-5.862205347
h,3552.978516,-2.376496017
h,3563.745117,-0.233883555
h,3574.511719,-3.113774985
h,3585.27832,-6.595687358
h,3596.044922,-1.025098741
h,3606.811523,1.81010921
h,3617.578125,-1.693760988
h,3628.344727,-6.021888638
h,3639.111328,-2.431191752
h,3649.87793,-9.088961546
h,3660.644531,-4.056576977
h,3671.411133,1.889289836
h,3682.177734,1.348659479
h,3692.944336,-5.53328838
h,3703.710938,-7.345693037
h,3714.477539,-9.145620887
h,3725.244141,-14.47891598
h,3736.010742,-8.939899701
h,3746.777344,-2.533931483
h,3757.543945,-1.7996769
h,3768.310547,-5.746987386
h,3779.077148,-13.13825893
h,3789.84375,-15.14978585
h,3800.610352,-7.221050072
h,3811.376953,-10.5543374
h,3822.143555,-12.57422762
h,3832.910156,-3.265498291
h,3843.676758,-3.700317449
h,3854.443359,-10.88110157
h,3865.209961,-12.01878027
h,3875.976563,-19.55272692
h,3886.743164,-12.33721056
h,3897.509766,-17.79053601
h,3908.276367,-8.516770549
h,3919.042969,-9.760088631
h,3929.80957,-10.22984744
h,3940.576172,-8.537455578
h,3951.342773,-19.29572638
h,3962.109375,-18.44498308
h,3972.875977,-11.56317732
h,3983.642578,-12.72957999
h,3994.40918,-22.83746633
h,4005.175781,-18.41465522
h,4015.942383,-10.81215257
h,4026.708984,-15.98733653
h,4037.475586,-18.16458827
h,4048.242188,-12.83577661
h,4059.008789,-11.49390605
h,4069.775391,-10.42740359
h,4080.541992,-14.18610235
h,4091.308594,-14.48712058
h,4102.075195,-9.26002766
h,4112.841797,-18.89735642
h,4123.608398,-14.16697514
h,4134.375,-20.95575884
h,4145.141602,-19.14680407
h,4155.908203,-13.31558189
h,4166.674805,-6.433904704
h,4177.441406,-5.669147143
h,4188.208008,-8.300224864
h,4198.974609,-20.48443774
h,4209.741211,-18.29260403
h,4220.507813,-14.86682784
h,4231.274414,-7.897477151
h,4242.041016,-10.1687344
h,4252.807617,-7.81661864
h,4263.574219,-9.49704712
h,4274.34082,-18.13406907
h,4285.107422,-11.09894923
h,4295.874023,-9.024884356
h,4306.640625,-14.61028389
h,4317.407227,-32.47385532
h,4328.173828,-9.92210444
h,4338.94043,-12.15909436
h,4349.707031,-14.3511768
h,4360.473633,-29.15473934
h,4371.240234,-15.79053652
h,4382.006836,-8.27641006
h,4392.773438,-8.092386561
h,4403.540039,-11.55145625
h,4414.306641,-6.071133676
h,4425.073242,-12.53817562
h,4435.839844,-25.21844161
h,4446.606445,-23.27797042
h,4457.373047,-8.10305717
h,4468.139648,-9.687775955
h,4478.90625,-12.85182212
h,4489.672852,-20.7612347
h,4500.439453,-16.28617091
h,4511.206055,-12.46694792
h,4521.972656,-15.14680986
h,4532.739258,-9.792764009
h,4543.505859,-5.834760496
h,4554.272461,-6.619299876
h,4565.039063,-8.991898086
h,4575.805664,-7.824145334
h,4586.572266,-5.273618841
h,4597.338867,-10.52660385
h,4608.105469,-13.09815779
h,4618.87207,-17.02332339
h,4629.638672,-10.43225299
h,4640.405273,-12.25272678
h,4651.171875,-7.543875114
h,4661.938477,-7.444544549
h,4672.705078,-16.48378458
h,4683.47168,-9.905865668
h,4694.238281,-11.53672553
h,4705.004883,-17.74122476
h,4715.771484,-15.42033579
h,4726.538086,-13.10790355
h,4737.304688,-16.15084772
h,4748.071289,-28.32500436
h,4758.837891,-20.82451578
h,4769.604492,-27.81349678
h,4780.371094,-12.63432615
h,4791.137695,-8.390902816
h,4801.904297,-17.24653129
h,4812.670898,-8.276210133
h,4823.4375,-9.155913847
h,4834.204102,-8.834491822
h,4844.970703,-12.40148162
h,4855.737305,-23.6090586
h,4866.503906,-22.51256701
h,4877.270508,-14.29496977
h,4888.037109,-14.67174902
h,4898.803711,-21.91282778
h,4909.570313,-19.82720858
h,4920.336914,-25.0416277
h,4931.103516,-15.66717734
h,4941.870117,-15.51302071
h,4952.636719,-11.84218605
h,4963.40332,-23.10173964
h,4974.169922,-26.32301994
h,4984.936523,-19.44367036
h,4995.703125,-13.59528436
h,5006.469727,-15.94909641
h,5017.236328,-19.11569575
h,5028.00293,-16.75320455
h,5038.769531,-14.02404547
h,5049.536133,-15.74789354
h,5060.302734,-21.83711871
h,5071.069336,-17.11941331
h,5081.835938,-13.87791557
h,5092.602539,-22.57156029
h,5103.369141,-12.53966396
h,5114.135742,-10.22750015
h,5124.902344,-11.46387166
h,5135.668945,-18.33405763
h,5146.435547,-15.36600763
h,5157.202148,-19.9081549
h,5167.96875,-24.65924913
h,5178.735352,-23.59441839
h,5189.501953,-16.2079096
h,5200.268555,-9.422254071
h,5211.035156,-10.97957338
h,5221.801758,-17.61033082
h,5232.568359,-14.81034966
h,5243.334961,-12.17164523
h,5254.101563,-10.6456354
h,5264.868164,-9.413617699
h,5275.634766,-20.78823339
h,5286.401367,-19.52991515
h,5297.167969,-17.6196437
h,5307.93457,-12.40144855
h,5318.701172,-12.32999004
h,5329.467773,-10.68130384
h,5340.234375,-11.48346635
h,5351.000977,-16.98561656
h,5361.767578,-17.54940288
h,5372.53418,-21.52798698
h,5383.300781,-19.67012479
h,5394.067383,-16.71516125
h,5404.833984,-11.67998457
h,5415.600586,-17.54709936
h,5426.367188,-26.31393875
h,5437.133789,-12.85035945
h,5447.900391,-23.60604643
h,5458.666992,-17.80068225
h,5469.433594,-35.72018955
h,5480.200195,-16.59346459
h,5490.966797,-12.78127471
h,5501.733398,-12.56947961
h,5512.5,-15.53588391
h,5523.266602,-20.82133275
h,5534.033203,-33.48319559
h,5544.799805,-20.12862354
h,5555.566406,-23.42254126
h,5566.333008,-17.17841159
h,5577.099609,-10.50688268
h,5587.866211,-14.43569029
h,5598.632813,-30.25391118
h,5609.399414,-13.21414075
h,5620.166016,-10.69321472
h,5630.932617,-13.4769539
h,5641.699219,-9.423587946
h,5652.46582,-11.99481185
h,5663.232422,-29.5683658
h,5673.999023,-21.23307428
h,5684.765625,-14.28526509
h,5695.532227,-12.13262579
h,5706.298828,-12.83140452
h,5717.06543,-14.54004174
h,5727.832031,-11.05759895
h,5738.598633,-13.08586424
h,5749.365234,-13.36537345
h,5760.131836,-10.66660446
h,5770.898438,-15.93588264
h,5781.665039,-12.42054876
h,5792.431641,-11.28136212
h,5803.198242,-18.8920163
h,5813.964844,-14.80682456
h,5824.731445,-19.78383442
h,5835.498047,-10.29275604
h,5846.264648,-10.35676309
h,5857.03125,-18.02165094
h,5867.797852,-16.34322845
h,5878.564453,-10.00066897
h,5889.331055,-6.109518494
h,5900.097656,-5.641217458
h,5910.864258,-29.35426177
h,5921.630859,-5.954758601
h,5932.397461,-2.972248813
h,5943.164063,-4.207209775
h,5953.930664,-2.703339841
h,5964.697266,-4.963778832
h,5975.463867,-30.57414281
h,5986.230469,-11.08573882
h,5996.99707,-10.58762459
h,6007.763672,-13.85678238
h,6018.530273,-12.15379409
h,6029.296875,-12.40042023
h,6040.063477,-13.45994044
h,6050.830078,-5.903956513
h,6061.59668,-8.579093476
h,6072.363281,-14.54434262
h,6083.129883,-19.49697079
h,6093.896484,-10.94168159
h,6104.663086,-12.45422196
h,6115.429688,-19.90991932
h,6126.196289,-15.35198283
h,6136.962891,-7.479431447
h,6147.729492,-13.46816394
h,6158.496094,-11.4249972
h,6169.262695,-16.45388574
h,6180.029297,-19.50915136
h,6190.795898,-11.57898538
h,6201.5625,-11.39004026
h,6212.329102,-12.36394868
h,6223.095703,-13.15725746
h,6233.862305,-17.35740188
h,6244.628906,-30.15738927
h,6255.395508,-13.00051021
h,6266.162109,-15.18502938
h,6276.928711,-14.31766656
h,6287.695313,-17.45177884
h,6298.461914,-24.17975402
h,6309.228516,-15.96319716
h,6319.995117,-14.69375518
h,6330.761719,-19.01425802
h,6341.52832,-15.34530221
h,6352.294922,-12.73952957
h,6363.061523,-21.1002766
h,6373.828125,-22.41053466
h,6384.594727,-10.71194337
h,6395.361328,-9.909817707
h,6406.12793,-14.29124345
h,6416.894531,-16.9643172
h,6427.661133,-20.8811434
h,6438.427734,-26.73235083
h,6449.194336,-21.91623616
h,6459.960938,-24.6856197
h,6470.727539,-15.78569987
h,6481.494141,-21.2733756
h,6492.260742,-13.13916046
h,6503.027344,-15.01506173
h,6513.793945,-28.68668737
h,6524.560547,-17.07861945
h,6535.327148,-11.94053772
h,6546.09375,-10.27927661
h,6556.860352,-11.92634487
h,6567.626953,-18.74196896
h,6578.393555,-13.21891125
h,6589.160156,-11.53643881
h,6599.926758,-17.29140887
h,6610.693359,-19.44983481
h,6621.459961,-19.65071988
h,6632.226563,-17.18901209
h,6642.993164,-22.15206035
h,6653.759766,-15.48068673
h,6664.526367,-14.92394653
h,6675.292969,-13.84132408
h,6686.05957,-13.65742074
h,6696.826172,-20.81998575
h,6707.592773,-25.38150521
h,6718.359375,-14.46897022
h,6729.125977,-10.19933314
h,6739.892578,-15.27503172
h,6750.65918,-24.55294419
h,6761.425781,-16.20014289
h,6772.192383,-18.03020401
h,6782.958984,-15.26063046
h,6793.725586,-11.41463283
h,6804.492188,-12.70678592
h,6815.258789,-20.20231166
h,6826.025391,-23.82783369
h,6836.791992,-24.17065117
h,6847.558594,-34.27155843
h,6858.325195,-19.18717552
h,6869.091797,-15.826543
h,6879.858398,-11.80145469
h,6890.625,-11.64682949
h,6901.391602,-16.14888949
h,6912.158203,-11.9854061
h,6922.924805,-16.77143864
h,6933.691406,-16.92702804
h,6944.458008,-17.30949728
h,6955.224609,-14.47785441
h,6965.991211,-15.06946838
h,6976.757813,-14.98502156
h,6987.524414,-14.66146586
h,6998.291016,-12.78028531
h,7009.057617,-14.65345484
h,7019.824219,-45.12535437
h,7030.59082,-13.52872379
h,7041.357422,-10.64107414
h,7052.124023,-22.31140475
h,7062.890625,-21.1562008
h,7073.657227,-18.53260904
h,7084.423828,-20.99850433
h,7095.19043,-12.84412548
h,7105.957031,-14.76004054
h,7116.723633,-16.52796057
h,7127.490234,-14.89076652
h,7138.256836,-20.82993851
h,7149.023438,-18.01339494
h,7159.790039,-13.41140484
h,7170.556641,-13.5712259
h,7181.323242,-14.18506953
h,7192.089844,-15.23274699
h,7202.856445,-14.24933558
h,7213.623047,-13.07624196
h,7224.389648,-13.14387867
h,7235.15625,-15.70374714
h,7245.922852,-22.02632422
h,7256.689453,-23.09328228
h,7267.456055,-12.4648009
h,7278.222656,-16.51392062
h,7288.989258,-22.50255882
h,7299.755859,-12.94420223
h,7310.522461,-16.38794795
h,7321.289063,-17.20853485
h,7332.055664,-14.85679553
h,7342.822266,-17.54678304
h,7353.588867,-15.61230306
h,7364.355469,-18.41217987
h,7375.12207,-21.22315836
h,7385.888672,-11.88388226
h,7396.655273,-14.64384349
h,7407.421875,-17.12453203
h,7418.188477,-15.70310125
h,7428.955078,-15.81963673
h,7439.72168,-15.64597534
h,7450.488281,-23.14151515
h,7461.254883,-15.52916454
h,7472.021484,-13.59599899
h,7482.788086,-11.14673488
h,7493.554688,-13.21574373
h,7504.321289,-20.07659449
h,7515.087891,-28.40230472
h,7525.854492,-20.3355098
h,7536.621094,-13.16381181
h,7547.387695,-15.06135503
h,7558.154297,-22.05741345
h,7568.920898,-16.90361362
h,7579.6875,-11.0420061
h,7590.454102,-14.61548767
h,7601.220703,-20.01885004
h,7611.987305,-15.22864402
h,7622.753906,-17.24124624
h,7633.520508,-12.5387162
h,7644.287109,-8.837498885
h,7655.053711,-11.48876189
h,7665.820313,-18.37706255
h,7676.586914,-19.8104433
h,7687.353516,-11.60394509
h,7698.120117,-11.16007635
h,7708.886719,-17.84621761
h,7719.65332,-10.94852042
h,7730.419922,-10.45851336
h,7741.186523,-15.21031599
h,7751.953125,-12.86691685
h,7762.719727,-16.36813314
h,7773.486328,-12.51710836
h,7784.25293,-17.07452842
h,7795.019531,-22.05435553
h,7805.786133,-16.84170085
h,7816.552734,-16.62765219
h,7827.319336,-15.14924938
h,7838.085938,-22.31078255
h,7848.852539,-21.65426977
h,7859.619141,-12.2864849
h,7870.385742,-12.2648848
h,7881.152344,-11.31869527
h,7891.918945,-15.81181639
h,7902.685547,-39.64699406
h,7913.452148,-22.13719505
h,7924.21875,-24.28927263
h,7934.985352,-18.64380186
h,7945.751953,-26.86257653
h,7956.518555,-17.22837284
h,7967.285156,-11.53508731
h,7978.051758,-18.67607835
h,7988.818359,-27.71716244
h,7999.584961,-19.92839483
h,8010.351563,-15.15038512
h,8021.118164,-15.88099198
h,8031.884766,-16.1961472
h,8042.651367,-18.67103402
h,8053.417969,-12.21216948
h,8064.18457,-15.99748798
h,8074.951172,-10.27875899
h,8085.717773,-11.85767166
h,8096.484375,-17.84281411
h,8107.250977,-13.92426524
h,8118.017578,-14.46729593
h,8128.78418,-11.20568761
h,8139.550781,-12.55806882
h,8150.317383,-13.67919412
h,8161.083984,-13.98781454
h,8171.850586,-22.33324183
h,8182.617188,-10.78585082
h,8193.383789,-9.930815369
h,8204.150391,-10.10099644
h,8214.916992,-22.63436288
h,8225.683594,-17.89366886
h,8236.450195,-21.7352602
h,8247.216797,-18.1381721
h,8257.983398,-26.37230537
h,8268.75,-15.77373873
h,8279.516602,-13.97470603
h,8290.283203,-10.72959904
h,8301.049805,-20.00633946
h,8311.816406,-19.93610054
h,8322.583008,-17.49375038
h,8333.349609,-13.2562552
h,8344.116211,-14.02539272
h,8354.882813,-13.72405855
h,8365.649414,-25.02431585
h,8376.416016,-18.66913034
h,8387.182617,-15.25302778
h,8397.949219,-15.98114709
h,8408.71582,-13.40897902
h,8419.482422,-10.6886088
h,8430.249023,-15.14137369
h,8441.015625,-19.18383183
h,8451.782227,-13.65569631
h,8462.548828,-25.24425189
h,8473.31543,-17.44576251
h,8484.082031,-20.46982223
h,8494.848633,-44.24509794
h,8505.615234,-18.98173442
h,8516.381836,-14.38362432
h,8527.148438,-16.41106831
h,8537.915039,-27.58040854
h,8548.681641,-25.96928275
h,8559.448242,-24.29215139
h,8570.214844,-18.16152537
h,8580.981445,-22.90814676
h,8591.748047,-15.576165
h,8602.514648,-18.90090965
h,8613.28125,-27.24983165
h,8624.047852,-24.4447663
h,8634.814453,-12.48952894
h,8645.581055,-11.82539098
h,8656.347656,-20.21633072
h,8667.114258,-17.39251076
h,8677.880859,-19.5782767
h,8688.647461,-20.72371486
h,8699.414063,-16.65632662
h,8710.180664,-20.46849362
h,8720.947266,-26.74674191
h,8731.713867,-18.51089891
h,8742.480469,-26.21505974
h,8753.24707,-34.7174972
h,8764.013672,-26.58665924
h,8774.780273,-33.78374512
h,8785.546875,-19.49702269
h,8796.313477,-21.99031147
h,8807.080078,-22.55247425
h,8817.84668,-21.11365821
h,8828.613281,-25.36708049
h,8839.379883,-21.64033555
h,8850.146484,-14.16799018
h,8860.913086,-19.23084641
h,8871.679688,-23.62184838
h,8882.446289,-19.364207
h,8893.212891,-17.42158384
h,8903.979492,-19.88810713
h,8914.746094,-28.16136901
h,8925.512695,-34.6213505
h,8936.279297,-34.7305263
h,8947.045898,-29.13838341
h,8957.8125,-24.78594185
h,8968.579102,-20.7485149
h,8979.345703,-25.74619578
h,8990.112305,-18.5297109
h,9000.878906,-25.48694455
h,9011.645508,-22.68981791
h,9022.412109,-22.39111158
h,9033.178711,-19.95450539
h,9043.945313,-13.64519585
h,9054.711914,-8.932752547
h,9065.478516,-9.222558889
h,9076.245117,-8.720041584
h,9087.011719,-18.01829281
h,9097.77832,-17.94911534
h,9108.544922,-17.11697725
h,9119.311523,-33.11319543
h,9130.078125,-17.42401959
h,9140.844727,-16.24966782
h,9151.611328,-18.16760041
h,9162.37793,-24.80008878
h,9173.144531,-19.85503381
h,9183.911133,-19.30467369
h,9194.677734,-23.2272331
h,9205.444336,-26.67165701
h,9216.210938,-26.72982682
h,9226.977539,-25.99120412
h,9237.744141,-17.23835629
h,9248.510742,-21.89453715
h,9259.277344,-17.4721846
h,9270.043945,-28.23347111
h,9280.810547,-23.09272851
h,9291.577148,-19.79750665
h,9302.34375,-17.07921254
h,9313.110352,-20.19730485
h,9323.876953,-22.38705882
h,9334.643555,-22.14754105
h,9345.410156,-22.45443074
h,9356.176758,-20.0574595
h,9366.943359,-17.91821343
h,9377.709961,-20.79147818
h,9388.476563,-19.38797737
h,9399.243164,-16.92343752
h,9410.009766,-20.38537482
h,9420.776367,-22.68903984
h,9431.542969,-19.51472084
h,9442.30957,-18.90357911
h,9453.076172,-19.13279391
h,9463.842773,-25.11473282
h,9474.609375,-24.88670447
h,9485.375977,-17.80184056
h,9496.142578,-23.97725025
h,9506.90918,-21.50223604
h,9517.675781,-29.87474607
h,9528.442383,-18.73560451
h,9539.208984,-15.88812561
h,9549.975586,-21.7954212
h,9560.742188,-25.18206247
h,9571.508789,-28.43681903
h,9582.275391,-22.35240763
h,9593.041992,-21.55318172
h,9603.808594,-20.07229419
h,9614.575195,-18.76824791
h,9625.341797,-20.71784698
h,9636.108398,-15.82405555
h,9646.875,-23.13951544
h,9657.641602,-31.99241196
h,9668.408203,-19.13107389
h,9679.174805,-17.07697913
h,9689.941406,-18.3301951
h,9700.708008,-31.84977988
h,9711.474609,-33.72212738
h,9722.241211,-13.56202492
h,9733.007813,-9.78993191
h,9743.774414,-19.39974438
h,9754.541016,-17.01254999
h,9765.307617,-21.09773782
h,9776.074219,-40.54593
h,9786.84082,-31.04489353
h,9797.607422,-29.80602885
h,9808.374023,-24.80306759
h,9819.140625,-22.77698674
h,9829.907227,-22.63859727
h,9840.673828,-15.83574769
h,9851.44043,-22.70163555
h,9862.207031,-29.69096896
h,9872.973633,-29.37382876
h,9883.740234,-12.41213261
h,9894.506836,-12.75012989
h,9905.273438,-17.16980677
h,9916.040039,-37.13571375
h,9926.806641,-25.75889954
h,9937.573242,-24.08283986
h,9948.339844,-27.14471066
h,9959.106445,-25.52498532
h,9969.873047,-16.77862871
h,9980.639648,-11.61364938
h,9991.40625,-16.64189829
h,10002.17285,-16.8495636
h,10012.93945,-14.58651947
h,10023.70605,-23.30904281
h,10034.47266,-20.49633394
h,10045.23926,-22.50217472
h,10056.00586,-21.05522184
h,10066.77246,-14.72762379
h,10077.53906,-19.67871088
h,10088.30566,-22.92302799
h,10099.07227,-25.24938098
h,10109.83887,-19.62061146
h,10120.60547,-27.17373553
h,10131.37207,-14.98682788
h,10142.13867,-18.64184719
h,10152.90527,-31.48774804
h,10163.67188,-20.84934848
h,10174.43848,-15.15973383
h,10185.20508,-22.82062788
h,10195.97168,-21.27326287
h,10206.73828,-24.80414634
h,10217.50488,-18.06303638
h,10228.27148,-17.0865183
h,10239.03809,-19.26314621
h,10249.80469,-25.14103526
h,10260.57129,-15.30111305
h,10271.33789,-20.98501815
h,10282.10449,-24.63628411
h,10292.87109,-30.7987698
h,10303.6377,-19.56380528
h,10314.4043,-15.52236398
h,10325.1709,-20.3312828
h,10335.9375,-26.54420949
h,10346.7041,-22.61663487
h,10357.4707,-23.38095659
h,10368.2373,-31.91227728
h,10379.00391,-19.41158585
h,10389.77051,-28.11631676
h,10400.53711,-17.57187353
h,10411.30371,-19.12436156
h,10422.07031,-36.49523535
h,10432.83691,-27.99428288
h,10443.60352,-29.33387951
h,10454.37012,-27.24151016
h,10465.13672,-17.64706579
h,10475.90332,-15.94395364
h,10486.66992,-19.34504288
h,10497.43652,-22.17220523
h,10508.20313,-27.97325421
h,10518.96973,-25.29339484
h,10529.73633,-18.6676206
h,10540.50293,-23.23713566
h,10551.26953,-25.51462262
h,10562.03613,-26.94159707
h,10572.80273,-28.09728459
h,10583.56934,-26.96216989
h,10594.33594,-19.83946489
h,10605.10254,-18.75465099
h,10615.86914,-19.21827998
h,10626.63574,-22.27445771
h,10637.40234,-18.66628959
h,10648.16895,-23.50703696
h,10658.93555,-23.29073097
h,10669.70215,-24.44644896
h,10680.46875,-20.84934329
h,10691.23535,-20.792026
h,10702.00195,-26.8666332
h,10712.76855,-24.9629637
h,10723.53516,-19.59877194
h,10734.30176,-23.91276505
h,10745.06836,-21.64053979
h,10755.83496,-19.10432887
h,10766.60156,-25.45549256
h,10777.36816,-23.7222804
h,10788.13477,-24.83195478
h,10798.90137,-15.87096546
h,10809.66797,-15.75046342
h,10820.43457,-19.36305091
h,10831.20117,-19.98855436
h,10841.96777,-23.64651505
h,10852.73438,-17.84334633
h,10863.50098,-15.65460099
h,10874.26758,-19.9320253
h,10885.03418,-22.53094489
h,10895.80078,-30.25650896
h,10906.56738,-23.68928162
h,10917.33398,-33.70049734
h,10928.10059,-29.38669061
h,10938.86719,-22.06893155
h,10949.63379,-17.09194697
h,10960.40039,-14.6365098
h,10971.16699,-15.21010296
h,10981.93359,-30.37176367
h,10992.7002,-25.24033449
h,11003.4668,-22.75419261
h,11014.2334,-25.42988865
h,11025,-19.27630668
h,11035.7666,-22.20495049
h,11046.5332,-29.56783295
h,11057.2998,-37.57609631
h,11068.06641,-23.15029126
h,11078.83301,-16.20694192
h,11089.59961,-19.15013034
h,11100.36621,-41.84234624
h,11111.13281,-21.10954198
h,11121.89941,-24.42812691
h,11132.66602,-26.22475419
h,11143.43262,-30.46394687
h,11154.19922,-20.36164295
h,11164.96582,-18.8247184
h,11175.73242,-24.07381912
h,11186.49902,-18.77898168
h,11197.26563,-19.17950154
h,11208.03223,-22.3828674
h,11218.79883,-24.76207423
h,11229.56543,-18.44518803
h,11240.33203,-19.17229502
h,11251.09863,-14.46095631
h,11261.86523,-30.88932807
h,11272.63184,-26.49426505
h,11283.39844,-24.35080083
h,11294.16504,-22.58452623
h,11304.93164,-28.69491114
h,11315.69824,-19.00874875
h,11326.46484,-15.82272897
h,11337.23145,-19.8839933
h,11347.99805,-20.18789214
h,11358.76465,-15.62557128
h,11369.53125,-18.61398344
h,11380.29785,-22.99438506
h,11391.06445,-18.70932848
h,11401.83105,-42.24961349
h,11412.59766,-18.78421196
h,11423.36426,-13.51128408
h,11434.13086,-18.76951131
h,11444.89746,-27.20357495
h,11455.66406,-27.35168805
h,11466.43066,-29.31883728
h,11477.19727,-14.10899466
h,11487.96387,-13.794111
h,11498.73047,-19.44914969
h,11509.49707,-20.14997207
h,11520.26367,-20.25276324
h,11531.03027,-24.99597447
h,11541.79688,-17.84751425
h,11552.56348,-16.86929301
h,11563.33008,-19.48401058
h,11574.09668,-20.70770889
h,11584.86328,-20.01253096
h,11595.62988,-28.82374078
h,11606.39648,-21.95095578
h,11617.16309,-21.15107873
h,11627.92969,-18.8680688
h,11638.69629,-26.9104482
h,11649.46289,-33.81871867
h,11660.22949,-26.69064642
h,11670.99609,-17.91096143
h,11681.7627,-22.74369429
h,11692.5293,-17.51475238
h,11703.2959,-21.08633724
h,11714.0625,-31.04560623
h,11724.8291,-24.7896412
h,11735.5957,-22.2110826
h,11746.3623,-22.57285721
h,11757.12891,-15.70500206
h,11767.89551,-19.85373199
h,11778.66211,-21.74648127
h,11789.42871,-22.05394262
h,11800.19531,-20.89895846
h,11810.96191,-19.65793997
h,11821.72852,-18.09696455
h,11832.49512,-23.3399021
h,11843.26172,-20.84209513
h,11854.02832,-24.46396958
h,11864.79492,-17.72829821
h,11875.56152,-42.79973997
h,11886.32813,-25.01424181
h,11897.09473,-28.2762954
h,11907.86133,-26.43069938
h,11918.62793,-22.687708
h,11929.39453,-32.9195729
h,11940.16113,-19.47266388
h,11950.92773,-21.40245665
h,11961.69434,-28.1627277
h,11972.46094,-19.07900357
h,11983.22754,-22.25539656
h,11993.99414,-21.22574713
h,12004.76074,-22.45234132
h,12015.52734,-24.6864341
h,12026.29395,-16.20223794
h,12037.06055,-16.87513423
h,12047.82715,-24.80962234
h,12058.59375,-22.46743682
h,12069.36035,-27.9796125
h,12080.12695,-26.29412765
h,12090.89355,-41.58437643
h,12101.66016,-22.20352906
h,12112.42676,-18.29948508
h,12123.19336,-29.60706192
h,12133.95996,-22.03707612
h,12144.72656,-28.16798255
h,12155.49316,-21.3828075
h,12166.25977,-21.06814331
h,12177.02637,-23.53028417
h,12187.79297,-25.57565596
h,12198.55957,-24.4605193
h,12209.32617,-21.10622102
h,12220.09277,-22.54967303
h,12230.85938,-20.82755702
h,12241.62598,-21.61866852
h,12252.39258,-25.22093474
h,12263.15918,-20.74973449
h,12273.92578,-26.70219751
h,12284.69238,-42.87102739
h,12295.45898,-24.95544628
h,12306.22559,-46.62816069
h,12316.99219,-20.43344055
h,12327.75879,-21.79631304
h,12338.52539,-24.75443456
h,12349.29199,-17.09764239
h,12360.05859,-17.78294673
h,12370.8252,-19.61021665
h,12381.5918,-22.94435071
h,12392.3584,-34.22895521
h,12403.125,-33.03343629
h,12413.8916,-20.65845464
h,12424.6582,-21.50779359
h,12435.4248,-29.56847822
h,12446.19141,-19.97065713
h,12456.95801,-20.11203915
h,12467.72461,-23.27955423
h,12478.49121,-31.17881901
h,12489.25781,-25.80789507
h,12500.02441,-33.83231541
h,12510.79102,-44.6207034
h,12521.55762,-26.67550914
h,12532.32422,-23.8690958
h,12543.09082,-31.93722649
h,12553.85742,-28.62321908
h,12564.62402,-25.11244969
h,12575.39063,-21.59607258
h,12586.15723,-30.93285541
h,12596.92383,-28.02696535
h,12607.69043,-21.72184782
h,12618.45703,-23.34186784
h,12629.22363,-20.280126
h,12639.99023,-22.40063786
h,12650.75684,-19.34612176
h,12661.52344,-14.79765665
h,12672.29004,-24.25185897
h,12683.05664,-25.5591419
h,12693.82324,-22.40547733
h,12704.58984,-31.30930889
h,12715.35645,-29.98521911
h,12726.12305,-31.13472544
h,12736.88965,-30.00975908
h,12747.65625,-24.92804983
h,12758.42285,-27.31066704
h,12769.18945,-30.59405392
h,12779.95605,-26.36318335
h,12790.72266,-19.53061102
h,12801.48926,-22.12172673
h,12812.25586,-20.7117046
h,12823.02246,-37.498401
h,12833.78906,-33.25201573
h,12844.55566,-24.24733134
h,12855.32227,-28.05711674
h,12866.08887,-26.24909434
h,12876.85547,-35.26894777
h,12887.62207,-30.12930122
h,12898.38867,-25.59504546
h,12909.15527,-30.01980551
h,12919.92188,-19.38605313
h,12930.68848,-17.77235565
h,12941.45508,-17.66421702
h,12952.22168,-22.68330183
h,12962.98828,-26.3560061
h,12973.75488,-24.64442843
h,12984.52148,-23.77320493
h,12995.28809,-20.65453012
h,13006.05469,-16.10724517
h,13016.82129,-17.38725313
h,13027.58789,-29.76507987
h,13038.35449,-29.60515761
h,13049.12109,-22.60664926
h,13059.8877,-21.62684764
h,13070.6543,-57.58779117
h,13081.4209,-22.38063467
h,13092.1875,-18.62487763
h,13102.9541,-17.00343005
h,13113.7207,-18.7583809
h,13124.4873,-31.512463
h,13135.25391,-29.42471635
h,13146.02051,-24.09078617
h,13156.78711,-24.54435894
h,13167.55371,-20.46491413
h,13178.32031,-21.53190634
h,13189.08691,-18.02440946
h,13199.85352,-16.67312353
h,13210.62012,-23.38445176
h,13221.38672,-25.56525521
h,13232.15332,-27.57110428
h,13242.91992,-31.0243626
h,13253.68652,-23.87127429
h,13264.45313,-32.12198567
h,13275.21973,-15.88246424
h,13285.98633,-14.94110242
h,13296.75293,-15.17415425
h,13307.51953,-17.8919818
h,13318.28613,-32.26552258
h,13329.05273,-20.74281608
h,13339.81934,-22.78031835
h,13350.58594,-28.46861861
h,13361.35254,-28.00788964
h,13372.11914,-25.65983459
h,13382.88574,-22.77969959
h,13393.65234,-24.65689824
h,13404.41895,-22.38817019
h,13415.18555,-19.80071525
h,13425.95215,-26.6524967
h,13436.71875,-31.55046173
h,13447.48535,-20.59829622
h,13458.25195,-26.84226949
h,13469.01855,-31.34230764
h,13479.78516,-20.39159482
h,13490.55176,-29.56678082
h,13501.31836,-30.39875535
h,13512.08496,-17.2579692
h,13522.85156,-23.75319623
h,13533.61816,-35.7535633
h,13544.38477,-27.05178071
h,13555.15137,-20.38389386
h,13565.91797,-21.13162741
h,13576.68457,-21.65168098
h,13587.45117,-43.25107662
h,13598.21777,-30.0572538
h,13608.98438,-27.98429471
h,13619.75098,-29.53240559
h,13630.51758,-29.64396731
h,13641.28418,-33.2682615
h,13652.05078,-24.91942054
h,13662.81738,-21.69329133
h,13673.58398,-20.29817161
h,13684.35059,-21.4638406
h,13695.11719,-27.26915886
h,13705.88379,-25.96208615
h,13716.65039,-27.49928808
h,13727.41699,-24.77318299
h,13738.18359,-20.60625886
h,13748.9502,-22.35806715
h,13759.7168,-23.48152641
h,13770.4834,-25.42036261
h,13781.25,-19.69283844
h,13792.0166,-22.22895938
h,13802.7832,-24.51789779
h,13813.5498,-24.69121588
h,13824.31641,-29.43772983
h,13835.08301,-18.93918475
h,13845.84961,-16.80860306
h,13856.61621,-17.79889149
h,13867.38281,-20.24523468
h,13878.14941,-19.03489525
h,13888.91602,-25.87921962
h,13899.68262,-24.69646826
h,13910.44922,-23.26945993
h,13921.21582,-31.36296332
h,13931.98242,-32.22672986
h,13942.74902,-31.93499036
h,13953.51563,-21.87247543
h,13964.28223,-20.42451474
h,13975.04883,-17.403233
h,13985.81543,-16.77061047
h,13996.58203,-22.3747006
h,14007.34863,-31.26482912
h,14018.11523,-26.58605709
h,14028.88184,-27.50139021
h,14039.64844,-23.46115656
h,14050.41504,-22.17552354
h,14061.18164,-20.89839069
h,14071.94824,-22.90746294
h,14082.71484,-24.62970219
h,14093.48145,-22.86283452
h,14104.24805,-25.67996892
h,14115.01465,-26.36538866
h,14125.78125,-22.31639521
h,14136.54785,-27.12561373
h,14147.31445,-20.73241715
h,14158.08105,-23.52920294
h,14168.84766,-20.18133989
h,14179.61426,-21.09576533
h,14190.38086,-18.60196809
h,14201.14746,-25.86001064
h,14211.91406,-21.21265877
h,14222.68066,-22.91772167
h,14233.44727,-16.23535425
h,14244.21387,-17.02593918
h,14254.98047,-20.97582836
h,14265.74707,-21.11239197
h,14276.51367,-19.8523288
h,14287.28027,-23.67005259
h,14298.04688,-22.50703732
h,14308.81348,-22.42455652
h,14319.58008,-26.54502329
h,14330.34668,-28.61576243
h,14341.11328,-23.99610082
h,14351.87988,-16.65427762
h,14362.64648,-21.86075282
h,14373.41309,-26.3133081
h,14384.17969,-22.7396668
h,14394.94629,-32.81126534
h,14405.71289,-30.19102663
h,14416.47949,-30.16054401
h,14427.24609,-23.494405
h,14438.0127,-20.9147702
h,14448.7793,-22.93378423
h,14459.5459,-19.94432555
h,14470.3125,-37.12798986
h,14481.0791,-21.0536481
h,14491.8457,-23.87665843
h,14502.6123,-17.49805117
h,14513.37891,-20.28729707
h,14524.14551,-19.17480865
h,14534.91211,-17.87356476
h,14545.67871,-23.97764273
h,14556.44531,-23.51204937
h,14567.21191,-22.00771979
h,14577.97852,-22.91989301
h,14588.74512,-26.7822566
h,14599.51172,-22.15253881
h,14610.27832,-21.70532431
h,14621.04492,-23.67042933
h,14631.81152,-23.78075283
h,14642.57813,-25.58076149
h,14653.34473,-29.16477716
h,14664.11133,-23.5000495
h,14674.87793,-31.15828847
h,14685.64453,-29.5452807
h,14696.41113,-26.32152414
h,14707.17773,-32.71509928
h,14717.94434,-17.36990737
h,14728.71094,-18.18081284
h,14739.47754,-25.41760596
h,14750.24414,-17.98901461
h,14761.01074,-19.06559563
h,14771.77734,-34.05368451
h,14782.54395,-25.77825051
h,14793.31055,-21.14259929
h,14804.07715,-20.02146566
h,14814.84375,-26.8047265
h,14825.61035,-26.26920545
h,14836.37695,-26.46117972
h,14847.14355,-22.74340661
h,14857.91016,-20.40693446
h,14868.67676,-31.11038836
h,14879.44336,-20.57040496
h,14890.20996,-25.71101956
h,14900.97656,-26.73054344
h,14911.74316,-24.78875114
h,14922.50977,-26.31936141
h,14933.27637,-35.03270151
h,14944.04297,-24.5417211
h,14954.80957,-25.76588229
h,14965.57617,-26.83125773
h,14976.34277,-27.14734168
h,14987.10938,-26.79300474
h,14997.87598,-25.01774567
h,15008.64258,-19.5478388
h,15019.40918,-18.24043085
h,15030.17578,-21.34468227
h,15040.94238,-25.59730711
h,15051.70898,-31.7886791
h,15062.47559,-25.20900326
h,15073.24219,-38.23028468
h,15084.00879,-31.72885466
h,15094.77539,-27.14603474
h,15105.54199,-28.6105362
h,15116.30859,-26.00978475
h,15127.0752,-31.62073671
h,15137.8418,-25.99916407
h,15148.6084,-24.98621389
h,15159.375,-23.25259873
h,15170.1416,-31.92350885
h,15180.9082,-21.51252787
h,15191.6748,-33.54562205
h,15202.44141,-25.96285108
h,15213.20801,-25.17327537
h,15223.97461,-31.96674842
h,15234.74121,-23.60471051
h,15245.50781,-23.76740924
h,15256.27441,-25.52503105
h,15267.04102,-29.25031151
h,15277.80762,-33.60895227
h,15288.57422,-24.48964492
h,15299.34082,-33.4434802
h,15310.10742,-27.58443347
h,15320.87402,-31.44412807
h,15331.64063,-26.84976254
h,15342.40723,-26.38820893
h,15353.17383,-21.48437711
h,15363.94043,-20.2635973
h,15374.70703,-16.72384513
h,15385.47363,-25.90757458
h,15396.24023,-26.94985953
h,15407.00684,-25.89351281
h,15417.77344,-23.7567724
h,15428.54004,-26.29946649
h,15439.30664,-27.87897917
h,15450.07324,-23.02036118
h,15460.83984,-23.92715365
h,15471.60645,-32.15336346
h,15482.37305,-21.35133475
h,15493.13965,-28.2446
h,15503.90625,-18.85944846
h,15514.67285,-31.0167991
h,15525.43945,-22.84979646
h,15536.20605,-19.83471326
h,15546.97266,-19.41038179
h,15557.73926,-29.56044635
h,15568.50586,-26.05325122
h,15579.27246,-24.28814595
h,15590.03906,-24.80345934
h,15600.80566,-24.55635247
h,15611.57227,-24.60852911
h,15622.33887,-20.56877696
h,15633.10547,-20.72331358
h,15643.87207,-24.90364585
h,15654.63867,-35.32589741
h,15665.40527,-17.59373029
h,15676.17188,-18.91167286
h,15686.93848,-22.44116406
h,15697.70508,-21.49999467
h,15708.47168,-23.82983139
h,15719.23828,-37.55798892
h,15730.00488,-20.52938344
h,15740.77148,-24.62407189
h,15751.53809,-27.24329834
h,15762.30469,-26.8826442
h,15773.07129,-28.31572441
h,15783.83789,-26.64890765
h,15794.60449,-22.43425056
h,15805.37109,-26.34969088
h,15816.1377,-33.51871179
h,15826.9043,-17.5033482
h,15837.6709,-21.1906264
h,15848.4375,-21.89174614
h,15859.2041,-22.66109366
h,15869.9707,-23.5452718
h,15880.7373,-28.1995668
h,15891.50391,-24.07028469
h,15902.27051,-17.60170232
h,15913.03711,-20.20279035
h,15923.80371,-21.34923104
h,15934.57031,-21.25205097
h,15945.33691,-30.1533698
h,15956.10352,-31.46524369
h,15966.87012,-34.12169928
h,15977.63672,-25.21099674
h,15988.40332,-25.14180761
h,15999.16992,-27.26529239
h,16009.93652,-24.83183417
h,16020.70313,-22.2342948
h,16031.46973,-23.24030471
h,16042.23633,-20.36974713
h,16053.00293,-28.65388754
h,16063.76953,-27.40183371
h,16074.53613,-28.76349177
h,16085.30273,-24.81343914
h,16096.06934,-23.05087861
h,16106.83594,-28.77942029
h,16117.60254,-35.17194866
h,16128.36914,-27.50004645
h,16139.13574,-30.71336522
h,16149.90234,-21.1893513
h,16160.66895,-20.78769726
h,16171.43555,-24.43638879
h,16182.20215,-41.26870425
h,16192.96875,-20.90677526
h,16203.73535,-27.56436705
h,16214.50195,-26.26991963
h,16225.26855,-23.48353303
h,16236.03516,-25.90992322
h,16246.80176,-20.90368696
h,16257.56836,-23.31660594
h,16268.33496,-25.61527019
h,16279.10156,-25.47997787
h,16289.86816,-28.18257258
h,16300.63477,-24.43394587
h,16311.40137,-23.78812852
h,16322.16797,-23.80773579
h,16332.93457,-40.97360554
h,16343.70117,-24.41869624
h,16354.46777,-28.67561003
h,16365.23438,-23.38034156
h,16376.00098,-21.45205119
h,16386.76758,-25.66783091
h,16397.53418,-26.73523344
h,16408.30078,-24.56392208
h,16419.06738,-24.66024265
h,16429.83398,-23.6984762
h,16440.60059,-24.38152808
h,16451.36719,-26.87581316
h,16462.13379,-33.39052403
h,16472.90039,-32.85546382
h,16483.66699,-24.23449991
h,16494.43359,-23.1356947
h,16505.2002,-23.45826721
h,16515.9668,-20.80676325
h,16526.7334,-25.83852985
h,16537.5,-14.85382614
h,16548.2666,-23.017293
h,16559.0332,-19.50682427
h,16569.7998,-25.27423989
h,16580.56641,-30.54274621
h,16591.33301,-19.46116673
h,16602.09961,-20.94307382
h,16612.86621,-22.83714282
h,16623.63281,-22.1608718
h,16634.39941,-18.67329264
h,16645.16602,-27.84584927
h,16655.93262,-32.11056803
h,16666.69922,-22.36440221
h,16677.46582,-19.8564818
h,16688.23242,-22.68108522
h,16698.99902,-29.49760955
h,16709.76563,-31.54931093
h,16720.53223,-17.07090097
h,16731.29883,-16.41409475
h,16742.06543,-28.92104765
h,16752.83203,-26.8695732
h,16763.59863,-27.08055371
h,16774.36523,-24.45381283
h,16785.13184,-27.07205493
h,16795.89844,-26.91439441
h,16806.66504,-21.53234975
h,16817.43164,-42.44883134
h,16828.19824,-23.13058502
h,16838.96484,-22.44589183
h,16849.73145,-29.78125578
h,16860.49805,-19.48622405
h,16871.26465,-20.72848996
h,16882.03125,-22.86648375
h,16892.79785,-36.73478286
h,16903.56445,-37.10308648
h,16914.33105,-32.10700571
h,16925.09766,-21.25718927
h,16935.86426,-20.75452776
h,16946.63086,-22.86047285
h,16957.39746,-35.47241068
h,16968.16406,-23.37837627
h,16978.93066,-26.14272898
h,16989.69727,-34.25590361
h,17000.46387,-30.3678269
h,17011.23047,-41.64762189
h,17021.99707,-29.72006111
h,17032.76367,-33.14019477
h,17043.53027,-26.62771158
h,17054.29688,-24.55838273
h,17065.06348,-25.54977571
h,17075.83008,-19.15349541
h,17086.59668,-22.74516394
h,17097.36328,-21.17141357
h,17108.12988,-22.53445243
h,17118.89648,-17.21022338
h,17129.66309,-22.27638914
h,17140.42969,-22.37989895
h,17151.19629,-23.94570759
h,17161.96289,-20.74009888
h,17172.72949,-26.81267688
h,17183.49609,-18.41943538
h,17194.2627,-22.82118504
h,17205.0293,-17.99718315
h,17215.7959,-22.5926962
h,17226.5625,-35.23742438
h,17237.3291,-19.72918171
h,17248.0957,-22.25140262
h,17258.8623,-26.92781741
h,17269.62891,-31.90621793
h,17280.39551,-29.61986189
h,17291.16211,-27.01487743
h,17301.92871,-25.5229352
h,17312.69531,-27.25482156
h,17323.46191,-25.39877052
h,17334.22852,-33.01491345
h,17344.99512,-34.92168748
h,17355.76172,-21.97272242
h,17366.52832,-19.29058663
h,17377.29492,-24.25781229
h,17388.06152,-22.40193145
h,17398.82813,-19.7503665
h,17409.59473,-42.77390644
h,17420.36133,-36.56083588
h,17431.12793,-23.3568481
h,17441.89453,-39.12121266
h,17452.66113,-40.08290462
h,17463.42773,-28.33414431
h,17474.19434,-25.24478725
h,17484.96094,-28.24262259
h,17495.72754,-22.56716558
h,17506.49414,-35.11882609
h,17517.26074,-29.2510271
h,17528.02734,-21.562322
h,17538.79395,-23.70288006
h,17549.56055,-25.80706167
h,17560.32715,-20.40546664
h,17571.09375,-23.23738528
h,17581.86035,-21.51882488
h,17592.62695,-27.65321476
h,17603.39355,-32.70768524
h,17614.16016,-21.71407653
h,17624.92676,-26.58381115
h,17635.69336,-20.37461632
h,17646.45996,-23.74129328
h,17657.22656,-16.84084518
h,17667.99316,-17.12813734
h,17678.75977,-21.1676869
h,17689.52637,-20.66564031
h,17700.29297,-26.00339961
h,17711.05957,-28.0612038
h,17721.82617,-19.17951897
h,17732.59277,-20.38671659
h,17743.35938,-27.52523278
h,17754.12598,-27.88026084
h,17764.89258,-21.9893914
h,17775.65918,-30.39892907
h,17786.42578,-20.51438067
h,17797.19238,-22.92033214
h,17807.95898,-32.25014799
h,17818.72559,-18.23246011
h,17829.49219,-21.83362067
h,17840.25879,-26.54954436
h,17851.02539,-27.21724018
h,17861.79199,-21.9364563
h,17872.55859,-26.22663386
h,17883.3252,-20.18651262
h,17894.0918,-24.09926286
h,17904.8584,-27.99869267
h,17915.625,-20.03226894
h,17926.3916,-18.02283161
h,17937.1582,-23.31722054
h,17947.9248,-19.35854469
h,17958.69141,-23.2668115
h,17969.45801,-32.32579485
h,17980.22461,-15.89774945
h,17990.99121,-30.21644706
h,18001.75781,-19.82652547
h,18012.52441,-30.40926617
h,18023.29102,-35.04836234
h,18034.05762,-26.3836419
h,18044.82422,-31.39277124
h,18055.59082,-23.56462874
h,18066.35742,-28.32915884
h,18077.12402,-32.50269042
h,18087.89063,-23.16300134
h,18098.65723,-23.46700083
h,18109.42383,-23.56890032
h,18120.19043,-25.06892806
h,18130.95703,-26.93889193
h,18141.72363,-27.84917313
h,18152.49023,-20.18958356
h,18163.25684,-22.88047028
h,18174.02344,-17.91114191
h,18184.79004,-28.67237169
h,18195.55664,-26.20526819
h,18206.32324,-24.58414069
h,18217.08984,-16.26374838
h,18227.85645,-21.00003917
h,18238.62305,-24.04595857
h,18249.38965,-21.92413709
h,18260.15625,-28.06778238
h,18270.92285,-27.23408927
h,18281.68945,-26.98438795
h,18292.45605,-30.14880357
h,18303.22266,-24.55600294
h,18313.98926,-19.31472451
h,18324.75586,-22.00195785
h,18335.52246,-17.10930046
h,18346.28906,-12.54840994
h,18357.05566,-18.84356289
h,18367.82227,-26.77980571
h,18378.58887,-37.98313751
h,18389.35547,-31.87452687
h,18400.12207,-32.06725257
h,18410.88867,-29.03189068
h,18421.65527,-25.25759751
h,18432.42188,-30.83395543
h,18443.18848,-22.79738726
h,18453.95508,-19.53215125
h,18464.72168,-21.93749892
h,18475.48828,-24.7392559
h,18486.25488,-21.04636245
h,18497.02148,-24.74311806
h,18507.78809,-19.1286246
h,18518.55469,-17.40059826
h,18529.32129,-19.77149243
h,18540.08789,-25.36606145
h,18550.85449,-33.1441858
h,18561.62109,-21.74511862
h,18572.3877,-25.22520663
h,18583.1543,-53.76886077
h,18593.9209,-18.20547268
h,18604.6875,-29.57044091
h,18615.4541,-28.64784182
h,18626.2207,-17.25578716
h,18636.9873,-23.6438362
h,18647.75391,-26.84155883
h,18658.52051,-20.61087843
h,18669.28711,-26.81968501
h,18680.05371,-22.44916328
h,18690.82031,-37.92346247
h,18701.58691,-20.42564085
h,18712.35352,-27.96182202
h,18723.12012,-34.65628462
h,18733.88672,-25.91048139
h,18744.65332,-16.97458271
h,18755.41992,-22.66207999
h,18766.18652,-32.65345379
h,18776.95313,-23.11408848
h,18787.71973,-27.31755179
h,18798.48633,-24.64759615
h,18809.25293,-23.12605802
h,18820.01953,-24.53853325
h,18830.78613,-25.1500087
h,18841.55273,-29.26840896
h,18852.31934,-25.85703543
h,18863.08594,-23.03470519
h,18873.85254,-26.57865576
h,18884.61914,-25.24191693
h,18895.38574,-26.70210331
h,18906.15234,-24.39313342
h,18916.91895,-20.31818409
h,18927.68555,-22.73046908
h,18938.45215,-28.80104075
h,18949.21875,-24.90953562
h,18959.98535,-19.82878877
h,18970.75195,-21.19732324
h,18981.51855,-26.87482644
h,18992.28516,-24.3803556
h,19003.05176,-23.09289576
h,19013.81836,-35.47218182
h,19024.58496,-28.44708701
h,19035.35156,-22.58070826
h,19046.11816,-23.22859016
h,19056.88477,-30.10141459
h,19067.65137,-28.29352351
h,19078.41797,-31.24652154
h,19089.18457,-27.82330654
h,19099.95117,-24.52001588
h,19110.71777,-20.42060515
h,19121.48438,-18.08136624
h,19132.25098,-23.27910288
h,19143.01758,-32.97920737
h,19153.78418,-27.50870678
h,19164.55078,-19.67772401
h,19175.31738,-19.32158388
h,19186.08398,-23.90522087
h,19196.85059,-29.2431323
h,19207.61719,-20.70356957
h,19218.38379,-24.79356999
h,19229.15039,-26.35742075
h,19239.91699,-22.66893317
h,19250.68359,-28.22079347
h,19261.4502,-17.26109767
h,19272.2168,-23.858334
h,19282.9834,-20.19760851
h,19293.75,-21.70495577
h,19304.5166,-21.98880398
h,19315.2832,-25.14517434
h,19326.0498,-22.16122605
h,19336.81641,-23.28654674
h,19347.58301,-27.99058793
h,19358.34961,-27.2408355
h,19369.11621,-22.7137666
h,19379.88281,-19.98857208
h,19390.64941,-25.55647327
h,19401.41602,-27.22576638
h,19412.18262,-25.41687939
h,19422.94922,-36.18693909
h,19433.71582,-19.39074978
h,19444.48242,-19.43452484
h,19455.24902,-22.33466405
h,19466.01563,-42.28877883
h,19476.78223,-19.95068538
h,19487.54883,-16.57433279
h,19498.31543,-17.35965636
h,19509.08203,-23.88162376
h,19519.84863,-18.80042582
h,19530.61523,-28.94150088
h,19541.38184,-25.72745849
h,19552.14844,-25.88465263
h,19562.91504,-21.6802152
h,19573.68164,-21.56675085
h,19584.44824,-24.69734229
h,19595.21484,-28.98975685
h,19605.98145,-24.59669043
h,19616.74805,-25.91960535
h,19627.51465,-21.5538913
h,19638.28125,-27.51295629
h,19649.04785,-25.9363106
h,19659.81445,-33.83154213
h,19670.58105,-22.45245715
h,19681.34766,-23.13865504
h,19692.11426,-21.95884335
h,19702.88086,-23.24797936
h,19713.64746,-21.21055524
h,19724.41406,-19.04093296
h,19735.18066,-24.94246602
h,19745.94727,-32.33694088
h,19756.71387,-36.5811791
h,19767.48047,-26.44701244
h,19778.24707,-27.91168233
h,19789.01367,-27.88513594
h,19799.78027,-18.98386449
h,19810.54688,-20.9896367
h,19821.31348,-20.69203703
h,19832.08008,-18.92349454
h,19842.84668,-20.19859568
h,19853.61328,-19.67405675
h,19864.37988,-26.40271886
h,19875.14648,-32.96193866
h,19885.91309,-32.01324124
h,19896.67969,-33.26623692
h,19907.44629,-23.20156885
h,19918.21289,-20.16663007
h,19928.97949,-33.2847723
h,19939.74609,-22.35305717
h,19950.5127,-33.59701547
h,19961.2793,-24.56215087
h,19972.0459,-24.24309284
h,19982.8125,-29.61961012
h,19993.5791,-26.17343797
h,20004.3457,-23.38589595
h,20015.1123,-20.17998943
h,20025.87891,-23.60069247
h,20036.64551,-25.06999216
h,20047.41211,-24.18733319
h,20058.17871,-23.17133898
h,20068.94531,-19.1412732
h,20079.71191,-31.40390776
h,20090.47852,-21.58848401
h,20101.24512,-27.30537744
h,20112.01172,-23.57385191
h,20122.77832,-19.56417136
h,20133.54492,-31.71497201
h,20144.31152,-25.35343605
h,20155.07813,-24.65421788
h,20165.84473,-25.81308278
h,20176.61133,-21.61437258
h,20187.37793,-33.13436629
h,20198.14453,-23.77117388
h,20208.91113,-32.32914537
h,20219.67773,-30.7676726
h,20230.44434,-25.79253019
h,20241.21094,-27.81053168
h,20251.97754,-39.86622964
h,20262.74414,-29.6446107
h,20273.51074,-33.19502429
h,20284.27734,-23.71189723
h,20295.04395,-31.37480777
h,20305.81055,-26.19094955
h,20316.57715,-22.38008649
h,20327.34375,-17.73295478
h,20338.11035,-23.48200685
h,20348.87695,-26.23644108
h,20359.64355,-28.36454107
h,20370.41016,-22.20939097
h,20381.17676,-20.74311691
h,20391.94336,-34.54012212
h,20402.70996,-19.38223032
h,20413.47656,-21.29305845
h,20424.24316,-19.47245527
h,20435.00977,-28.28113974
h,20445.77637,-24.66892233
h,20456.54297,-27.82740215
h,20467.30957,-22.97593741
h,20478.07617,-22.76361116
h,20488.84277,-21.6764655
h,20499.60938,-27.42347638
h,20510.37598,-21.75302197
h,20521.14258,-15.06274397
h,20531.90918,-25.72507175
h,20542.67578,-30.75467585
h,20553.44238,-30.26014271
h,20564.20898,-31.51907231
h,20574.97559,-36.86887066
h,20585.74219,-23.67486265
h,20596.50879,-28.12925536
h,20607.27539,-20.40453498
h,20618.04199,-23.44298399
h,20628.80859,-24.39796754
h,20639.5752,-26.9349195
h,20650.3418,-18.71363272
h,20661.1084,-25.12601507
h,20671.875,-29.3619657
h,20682.6416,-21.59580756
h,20693.4082,-33.09294167
h,20704.1748,-18.38435846
h,20714.94141,-20.95307044
h,20725.70801,-21.13774432
h,20736.47461,-22.44759664
h,20747.24121,-19.33145772
h,20758.00781,-24.81907539
h,20768.77441,-24.17694918
h,20779.54102,-29.54923046
h,20790.30762,-21.09137389
h,20801.07422,-22.80966255
h,20811.84082,-19.853376
h,20822.60742,-32.40989428
h,20833.37402,-22.50675688
h,20844.14063,-21.78142108
h,20854.90723,-29.6415813
h,20865.67383,-21.75949975
h,20876.44043,-20.92540801
h,20887.20703,-22.93282177
h,20897.97363,-27.25211446
h,20908.74023,-20.74877748
h,20919.50684,-22.16145597
h,20930.27344,-20.96736221
h,20941.04004,-19.99904841
h,20951.80664,-20.76101327
h,20962.57324,-16.03534201
h,20973.33984,-17.91353616
h,20984.10645,-17.59029756
h,20994.87305,-18.27288078
h,21005.63965,-24.68848997
h,21016.40625,-18.04731108
h,21027.17285,-20.99923028
h,21037.93945,-27.24244498
h,21048.70605,-30.6034846
h,21059.47266,-16.8692985
h,21070.23926,-17.60968476
h,21081.00586,-37.56164722
h,21091.77246,-29.54309049
h,21102.53906,-24.15585326
h,21113.30566,-30.25419569
h,21124.07227,-24.56398806
h,21134.83887,-16.84575025
h,21145.60547,-18.94456059
h,21156.37207,-19.91348354
h,21167.13867,-36.12356086
h,21177.90527,-31.84161698
h,21188.67188,-38.04330861
h,21199.43848,-21.21272839
h,21210.20508,-19.4166363
h,21220.97168,-35.95779363
h,21231.73828,-21.81119285
h,21242.50488,-23.73239722
h,21253.27148,-19.79281775
h,21264.03809,-27.16460128
h,21274.80469,-23.04350846
h,21285.57129,-20.90525691
h,21296.33789,-30.69853942
h,21307.10449,-37.17867211
h,21317.87109,-38.93353101
h,21328.6377,-24.90715507
h,21339.4043,-45.39224057
h,21350.1709,-33.77064331
h,21360.9375,-30.27256246
h,21371.7041,-23.33669297
h,21382.4707,-21.23661892
h,21393.2373,-23.86220821
h,21404.00391,-20.56617928
h,21414.77051,-22.09854393
h,21425.53711,-19.31838895
h,21436.30371,-29.17224265
h,21447.07031,-22.88944809
h,21457.83691,-26.5562075
h,21468.60352,-16.38930065
h,21479.37012,-24.83057431
h,21490.13672,-23.67862434
h,21500.90332,-35.91939165
h,21511.66992,-25.5373569
h,21522.43652,-26.6287579
h,21533.20313,-22.7666493
h,21543.96973,-20.03408394
h,21554.73633,-18.62693931
h,21565.50293,-18.67908409
h,21576.26953,-25.65887269
h,21587.03613,-30.43532907
h,21597.80273,-22.12744174
h,21608.56934,-17.93394317
h,21619.33594,-36.55534769
h,21630.10254,-23.25816324
h,21640.86914,-28.45144695
h,21651.63574,-19.04176891
h,21662.40234,-25.8492527
h,21673.16895,-18.00750159
h,21683.93555,-24.23944975
h,21694.70215,-25.29751949
h,21705.46875,-28.00087468
h,21716.23535,-23.46685889
h,21727.00195,-17.82090711
h,21737.76855,-25.102532
h,21748.53516,-22.57781805
h,21759.30176,-20.90930077
h,21770.06836,-39.16827583
h,21780.83496,-16.34059853
h,21791.60156,-23.9712382
h,21802.36816,-23.98534448
h,21813.13477,-22.53031573
h,21823.90137,-22.97213925
h,21834.66797,-27.99161497
h,21845.43457,-32.33505113
h,21856.20117,-23.60004618
h,21866.96777,-21.50495762
h,21877.73438,-34.68180277
h,21888.50098,-16.82585477
h,21899.26758,-21.20467475
h,21910.03418,-23.48531273
h,21920.80078,-18.93488065
h,21931.56738,-25.58071224
h,21942.33398,-19.39341818
h,21953.10059,-34.0758826
h,21963.86719,-23.68291562
h,21974.63379,-22.08149723
h,21985.40039,-24.56923105
h,21996.16699,-18.03305102
h,22006.93359,-28.12528756
h,22017.7002,-24.62875576
h,22028.4668,-18.90965866
h,22039.2334,-20.19630033
h,22050,-26.03207625
f,0,19.13413892
f,10.76660156,22.67956317
f,21.53320313,20.54177155
f,32.29980469,14.62031328
f,43.06640625,11.45611585
f,53.83300781,20.95706761
f,64.59960938,25.0009785
f,75.36621094,22.77537405
f,86.1328125,22.97206539
f,96.89941406,23.45946084
f,107.6660156,22.33025284
f,118.4326172,20.59024396
f,129.1992188,26.50421075
f,139.9658203,24.55294265
f,150.7324219,16.98458831
f,161.4990234,12.51291893
f,172.265625,12.81412989
f,183.0322266,11.4290725
f,193.7988281,11.18107898
f,204.5654297,8.95003237
f,215.3320313,8.585356437
f,226.0986328,14.16002687
f,236.8652344,21.14030407
f,247.6318359,20.20318511
f,258.3984375,13.76866302
f,269.1650391,22.483914
f,279.9316406,21.76354567
f,290.6982422,12.33570563
f,301.4648438,22.51404088
f,312.2314453,-3.723648369
f,322.9980469,14.1921251
f,333.7646484,12.18879321
f,344.53125,13.89355899
f,355.2978516,13.77834943
f,366.0644531,16.7194569
f,376.8310547,4.487327082
f,387.5976563,14.38792124
f,398.3642578,2.893790509
f,409.1308594,14.19868
f,419.8974609,2.732294819
f,430.6640625,13.80567129
f,441.4306641,10.55762575
f,452.1972656,1.947646767
f,462.9638672,14.02642418
f,473.7304688,17.7443613
f,484.4970703,12.40856567
f,495.2636719,14.67864908
f,506.0302734,8.677097265
f,516.796875,15.42999049
f,527.5634766,14.45828464
f,538.3300781,6.659065834
f,549.0966797,16.86204165
f,559.8632813,18.04274603
f,570.6298828,19.814612
f,581.3964844,16.72783282
f,592.1630859,9.612988414
f,602.9296875,13.02205372
f,613.6962891,10.87717234
f,624.4628906,11.78175015
f,635.2294922,11.78366494
f,645.9960938,-1.989165711
f,656.7626953,8.740172408
f,667.5292969,13.6653837
f,678.2958984,12.64363451
f,689.0625,9.061652343
f,699.8291016,18.06038903
f,710.5957031,14.68018127
f,721.3623047,17.90896204
f,732.1289063,14.62659316
f,742.8955078,7.95895093
f,753.6621094,15.14707141
f,764.4287109,11.34334553
f,775.1953125,15.31582038
f,785.9619141,2.271309735
f,796.7285156,10.82171232
f,807.4951172,3.273324618
f,818.2617188,13.54899274
f,829.0283203,10.84561178
f,839.7949219,14.74614086
f,850.5615234,14.08835743
f,861.328125,15.39467398
f,872.0947266,11.12161977
f,882.8613281,14.90616143
f,893.6279297,9.130811903
f,904.3945313,2.578887325
f,915.1611328,5.545121925
f,925.9277344,7.819917626
f,936.6943359,12.53993837
f,947.4609375,16.09680866
f,958.2275391,19.32894855
f,968.9941406,18.98823525
f,979.7607422,21.70754432
f,990.5273438,17.36803337
f,1001.293945,13.87521274
f,1012.060547,10.84145047
f,1022.827148,13.33249933
f,1033.59375,14.37777536
f,1044.360352,19.74897878
f,1055.126953,13.0782104
f,1065.893555,16.91364533
f,1076.660156,15.19340166
f,1087.426758,6.011224785
f,1098.193359,13.26789623
f,1108.959961,13.38517169
f,1119.726563,15.96895574
f,1130.493164,16.02611329
f,1141.259766,13.80049492
f,1152.026367,16.66284201
f,1162.792969,13.87599378
f,1173.55957,13.23217494
f,1184.326172,16.62562734
f,1195.092773,16.2456304
f,1205.859375,11.57197528
f,1216.625977,17.22091438
f,1227.392578,11.23047164
f,1238.15918,17.86722114
f,1248.925781,15.30174841
f,1259.692383,14.80200137
f,1270.458984,-10.84157371
f,1281.225586,17.35480822
f,1291.992188,15.96361361
f,1302.758789,10.39540789
f,1313.525391,12.36087699
f,1324.291992,13.00245717
f,1335.058594,11.19535029
f,1345.825195,8.432199163
f,1356.591797,7.63962771
f,1367.358398,12.52937591
f,1378.125,11.85502561
f,1388.891602,14.74753757
f,1399.658203,12.34683548
f,1410.424805,8.727967606
f,1421.191406,13.16961626
f,1431.958008,15.18644676
f,1442.724609,6.230659808
f,1453.491211,9.313519731
f,1464.257813,13.22096003
f,1475.024414,14.9130938
f,1485.791016,16.00844567
f,1496.557617,13.96166943
f,1507.324219,12.42666518
f,1518.09082,18.2873709
f,1528.857422,19.8667731
f,1539.624023,14.44104605
f,1550.390625,10.97581222
f,1561.157227,14.236809
f,1571.923828,11.1620156
f,1582.69043,14.99957719
f,1593.457031,8.217722798
f,1604.223633,-11.67202709
f,1614.990234,14.35545715
f,1625.756836,12.03997626
f,1636.523438,20.26596697
f,1647.290039,17.22861246
f,1658.056641,13.63717972
f,1668.823242,13.12573875
f,1679.589844,16.20537884
f,1690.356445,16.93991255
f,1701.123047,12.32963823
f,1711.889648,15.14614915
f,1722.65625,17.42634783
f,1733.422852,19.37847034
f,1744.189453,16.38823173
f,1754.956055,20.51949152
f,1765.722656,16.02541739
f,1776.489258,4.351173565
f,1787.255859,15.80944548
f,1798.022461,11.96031761
f,1808.789063,8.765945392
f,1819.555664,14.74586849
f,1830.322266,13.58913945
f,1841.088867,12.76613856
f,1851.855469,8.905485134
f,1862.62207,14.86647404
f,1873.388672,11.20080156
f,1884.155273,15.62083246
f,1894.921875,13.95776323
f,1905.688477,11.45678661
f,1916.455078,10.75643023
f,1927.22168,13.71255178
f,1937.988281,13.18455814
f,1948.754883,5.71370474
f,1959.521484,5.046061542
f,1970.288086,10.94122768
f,1981.054688,-3.648638237
f,1991.821289,7.034152301
f,2002.587891,13.33598618
f,2013.354492,9.072346704
f,2024.121094,8.077402753
f,2034.887695,16.47070046
f,2045.654297,9.214049106
f,2056.420898,10.98677705
f,2067.1875,9.776004581
f,2077.954102,10.19565135
f,2088.720703,8.786092934
f,2099.487305,-3.35415827
f,2110.253906,3.051598633
f,2121.020508,8.261091975
f,2131.787109,7.488052304
f,2142.553711,8.339770469
f,2153.320313,12.36754784
f,2164.086914,1.199679134
f,2174.853516,-0.524174542
f,2185.620117,5.825518866
f,2196.386719,3.797877178
f,2207.15332,7.123278392
f,2217.919922,10.95296954
f,2228.686523,13.36127589
f,2239.453125,8.345805279
f,2250.219727,-0.039186653
f,2260.986328,9.24277192
f,2271.75293,11.75216276
f,2282.519531,11.25068353
f,2293.286133,3.865248679
f,2304.052734,2.664432759
f,2314.819336,-8.070639641
f,2325.585938,6.915010464
f,2336.352539,4.6308107
f,2347.119141,5.431076619
f,2357.885742,3.573709894
f,2368.652344,-5.891631683
f,2379.418945,13.82413548
f,2390.185547,11.50723112
f,2400.952148,5.183000282
f,2411.71875,0.03355146
f,2422.485352,14.0334761
f,2433.251953,-0.697253462
f,2444.018555,3.241407426
f,2454.785156,-2.151138516
f,2465.551758,13.59845329
f,2476.318359,8.4114235
f,2487.084961,8.210011141
f,2497.851563,10.67235108
f,2508.618164,8.081792783
f,2519.384766,6.778051038
f,2530.151367,11.32866944
f,2540.917969,8.449891315
f,2551.68457,3.567687632
f,2562.451172,3.695818916
f,2573.217773,10.84839632
f,2583.984375,8.401832823
f,2594.750977,8.593529921
f,2605.517578,9.124756807
f,2616.28418,3.218618358
f,2627.050781,13.54770399
f,2637.817383,6.248153963
f,2648.583984,8.347381251
f,2659.350586,10.68249757
f,2670.117188,12.54446427
f,2680.883789,14.84142936
f,2691.650391,13.52509377
f,2702.416992,12.57301504
f,2713.183594,3.169474856
f,2723.950195,6.863613577
f,2734.716797,12.42105003
f,2745.483398,13.86595945
f,2756.25,15.75217161
f,2767.016602,6.681570272
f,2777.783203,13.71162443
f,2788.549805,14.77743792
f,2799.316406,14.93398052
f,2810.083008,12.38430618
f,2820.849609,14.07205841
f,2831.616211,12.08261635
f,2842.382813,8.403185612
f,2853.149414,10.61646248
f,2863.916016,12.94132478
f,2874.682617,7.131821412
f,2885.449219,10.63620794
f,2896.21582,11.17511717
f,2906.982422,7.881439235
f,2917.749023,2.711960264
f,2928.515625,9.152250811
f,2939.282227,6.556744653
f,2950.048828,8.903956415
f,2960.81543,0.350570399
f,2971.582031,10.08131341
f,2982.348633,-6.661558684
f,2993.115234,14.8239949
f,3003.881836,10.62701467
f,3014.648438,14.55131391
f,3025.415039,12.65124364
f,3036.181641,7.63099679
f,3046.948242,9.856432557
f,3057.714844,9.70393186
f,3068.481445,9.730417433
f,3079.248047,5.809636709
f,3090.014648,-10.78039085
f,3100.78125,-2.141788133
f,3111.547852,12.56272344
f,3122.314453,2.067698984
f,3133.081055,-2.770851848
f,3143.847656,7.16507045
f,3154.614258,9.504338845
f,3165.380859,11.62005616
f,3176.147461,14.16795061
f,3186.914063,9.788930902
f,3197.680664,7.639190852
f,3208.447266,10.6910731
f,3219.213867,9.762045399
f,3229.980469,9.094308606
f,3240.74707,-5.846251123
f,3251.513672,-8.012328399
f,3262.280273,8.948104795
f,3273.046875,12.51101814
f,3283.813477,3.463869141
f,3294.580078,10.79397789
f,3305.34668,8.366614304
f,3316.113281,-3.811572885
f,3326.879883,3.690032854
f,3337.646484,12.55034147
f,3348.413086,-1.393001349
f,3359.179688,8.286609719
f,3369.946289,11.63298352
f,3380.712891,8.803996325
f,3391.479492,11.15286433
f,3402.246094,1.335889587
f,3413.012695,1.529316505
f,3423.779297,9.851743872
f,3434.545898,8.384115726
f,3445.3125,9.136978936
f,3456.079102,16.18934623
f,3466.845703,15.1466275
f,3477.612305,6.627368902
f,3488.378906,8.832886166
f,3499.145508,-0.666468062
f,3509.912109,14.45151493
f,3520.678711,14.27968027
f,3531.445313,15.0064738
f,3542.211914,9.3612754
f,3552.978516,6.234630426
f,3563.745117,12.20705627
f,3574.511719,15.65784889
f,3585.27832,9.27671135
f,3596.044922,11.03728175
f,3606.811523,2.048475828
f,3617.578125,5.263805384
f,3628.344727,11.05100856
f,3639.111328,-2.982922054
f,3649.87793,1.533877408
f,3660.644531,-3.105288431
f,3671.411133,5.618100613
f,3682.177734,10.95059285
f,3692.944336,3.3394887
f,3703.710938,1.198476495
f,3714.477539,10.14452517
f,3725.244141,12.40123549
f,3736.010742,13.38143049
f,3746.777344,11.28883079
f,3757.543945,3.750483359
f,3768.310547,2.660049298
f,3779.077148,12.54765042
f,3789.84375,10.87140836
f,3800.610352,8.123631701
f,3811.376953,-8.028416629
f,3822.143555,8.847453544
f,3832.910156,5.103902814
f,3843.676758,11.24589778
f,3854.443359,6.463201592
f,3865.209961,1.854954998
f,3875.976563,-1.186219254
f,3886.743164,4.003352929
f,3897.509766,7.2249251
f,3908.276367,5.250995616
f,3919.042969,1.639259546
f,3929.80957,6.771222829
f,3940.576172,13.01591736
f,3951.342773,6.900723547
f,3962.109375,11.43573087
f,3972.875977,7.961221558
f,3983.642578,15.28139855
f,3994.40918,15.47287973
f,4005.175781,9.898083176
f,4015.942383,-2.574328998
f,4026.708984,8.820255856
f,4037.475586,11.34137245
f,4048.242188,4.294991489
f,4059.008789,9.534713243
f,4069.775391,3.021485144
f,4080.541992,6.396088248
f,4091.308594,9.227298022
f,4102.075195,12.41095414
f,4112.841797,13.4183586
f,4123.608398,2.55320839
f,4134.375,4.764265506
f,4145.141602,7.101665884
f,4155.908203,-0.382003225
f,4166.674805,7.304096043
f,4177.441406,7.705874678
f,4188.208008,0.981340971
f,4198.974609,11.1473489
f,4209.741211,6.095393136
f,4220.507813,6.999276195
f,4231.274414,-5.420053197
f,4242.041016,4.123209628
f,4252.807617,3.151526281
f,4263.574219,11.41469081
f,4274.34082,11.9648475
f,4285.107422,-9.030018311
f,4295.874023,-8.463836265
f,4306.640625,1.645635383
f,4317.407227,6.731254797
f,4328.173828,14.14114038
f,4338.94043,10.9022574
f,4349.707031,4.075230747
f,4360.473633,-0.985126229
f,4371.240234,3.059910797
f,4382.006836,13.23794569
f,4392.773438,7.082064866
f,4403.540039,9.629866069
f,4414.306641,-2.300164792
f,4425.073242,1.86803275
f,4435.839844,4.79932977
f,4446.606445,-7.988050315
f,4457.373047,5.351135532
f,4468.139648,10.23595243
f,4478.90625,-7.314600879
f,4489.672852,11.65382326
f,4500.439453,10.90375259
f,4511.206055,-0.631836662
f,4521.972656,10.95893795
f,4532.739258,6.24822863
f,4543.505859,6.604662397
f,4554.272461,-10.06028163
f,4565.039063,-9.845052897
f,4575.805664,1.429629249
f,4586.572266,2.735293361
f,4597.338867,3.135639817
f,4608.105469,2.475314217
f,4618.87207,2.541768567
f,4629.638672,2.179085022
f,4640.405273,2.688852912
f,4651.171875,-9.414760629
f,4661.938477,6.498249416
f,4672.705078,1.421216763
f,4683.47168,4.932441592
f,4694.238281,-4.537640686
f,4705.004883,5.015540315
f,4715.771484,8.041641582
f,4726.538086,4.207755527
f,4737.304688,6.661705709
f,4748.071289,3.874659739
f,4758.837891,6.156850493
f,4769.604492,1.72235757
f,4780.371094,7.922887404
f,4791.137695,-3.479643202
f,4801.904297,2.821283693
f,4812.670898,-3.003282043
f,4823.4375,6.419716587
f,4834.204102,6.486570625
f,4844.970703,7.168130827
f,4855.737305,7.456331767
f,4866.503906,0.694771517
f,4877.270508,0.563149333
f,4888.037109,2.321068685
f,4898.803711,-6.847098471
f,4909.570313,1.848917526
f,4920.336914,7.272110435
f,4931.103516,1.846116835
f,4941.870117,7.039255416
f,4952.636719,6.116713329
f,4963.40332,6.122696717
f,4974.169922,-9.206842964
f,4984.936523,6.874962891
f,4995.703125,-0.644272028
f,5006.469727,7.368711238
f,5017.236328,9.12649273
f,5028.00293,4.818134375
f,5038.769531,3.694727336
f,5049.536133,-11.83827077
f,5060.302734,14.00393857
f,5071.069336,6.316027849
f,5081.835938,-1.464100897
f,5092.602539,9.030936168
f,5103.369141,-0.512616374
f,5114.135742,-1.909965724
f,5124.902344,-1.660546828
f,5135.668945,0.783482562
f,5146.435547,1.460983261
f,5157.202148,6.101396424
f,5167.96875,10.32041426
f,5178.735352,-10.66607419
f,5189.501953,-1.504481611
f,5200.268555,0.44233932
f,5211.035156,-9.72427515
f,5221.801758,1.720109615
f,5232.568359,9.454617217
f,5243.334961,-4.288432483
f,5254.101563,-6.650272535
f,5264.868164,0.639754097
f,5275.634766,4.542460492
f,5286.401367,-11.81089032
f,5297.167969,6.556401279
f,5307.93457,9.249177631
f,5318.701172,4.855871871
f,5329.467773,-9.920380425
f,5340.234375,8.958674007
f,5351.000977,8.296445223
f,5361.767578,10.18382618
f,5372.53418,11.94846291
f,5383.300781,10.32564788
f,5394.067383,8.109999502
f,5404.833984,5.771754385
f,5415.600586,1.001065685
f,5426.367188,8.519789099
f,5437.133789,-0.505414179
f,5447.900391,3.825833828
f,5458.666992,4.565989001
f,5469.433594,-4.815551197
f,5480.200195,-21.27362496
f,5490.966797,6.534834939
f,5501.733398,6.81061669
f,5512.5,1.43039331
f,5523.266602,-0.861810744
f,5534.033203,5.98572965
f,5544.799805,7.724379806
f,5555.566406,-4.450284598
f,5566.333008,7.570758438
f,5577.099609,-2.895192696
f,5587.866211,6.613718186
f,5598.632813,0.085950237
f,5609.399414,-0.770295429
f,5620.166016,5.935178835
f,5630.932617,-0.397927001
f,5641.699219,2.42524125
f,5652.46582,-0.644867155
f,5663.232422,-2.135562582
f,5673.999023,7.118286192
f,5684.765625,-1.423332338
f,5695.532227,-1.29982694
f,5706.298828,-5.247975292
f,5717.06543,-5.057244392
f,5727.832031,3.258011426
f,5738.598633,2.516338445
f,5749.365234,1.518428141
f,5760.131836,3.387537324
f,5770.898438,6.781531651
f,5781.665039,3.638402174
f,5792.431641,9.97474353
f,5803.198242,0.12876275
f,5813.964844,-20.00257706
f,5824.731445,3.367262165
f,5835.498047,1.78041969
f,5846.264648,10.57758433
f,5857.03125,4.626040803
f,5867.797852,3.896016454
f,5878.564453,8.4761663
f,5889.331055,9.632752419
f,5900.097656,4.309290672
f,5910.864258,2.890874263
f,5921.630859,-3.524987196
f,5932.397461,5.683737913
f,5943.164063,7.356858055
f,5953.930664,0.543139015
f,5964.697266,-0.983124561
f,5975.463867,-7.919611417
f,5986.230469,-5.909146744
f,5996.99707,8.650302064
f,6007.763672,0.303558519
f,6018.530273,10.2592142
f,6029.296875,4.699568935
f,6040.063477,7.317260712
f,6050.830078,-0.449980183
f,6061.59668,3.039905419
f,6072.363281,7.541952741
f,6083.129883,-13.24353899
f,6093.896484,-15.80367364
f,6104.663086,0.781682406
f,6115.429688,-0.735794738
f,6126.196289,-5.735065512
f,6136.962891,7.29870322
f,6147.729492,0.585497041
f,6158.496094,-0.404776874
f,6169.262695,1.302227547
f,6180.029297,2.843454567
f,6190.795898,-2.881769464
f,6201.5625,-0.107645733
f,6212.329102,-1.188306913
f,6223.095703,-13.16508686
f,6233.862305,-0.368405401
f,6244.628906,7.088269286
f,6255.395508,8.966284505
f,6266.162109,-10.70426153
f,6276.928711,-0.614873967
f,6287.695313,-4.495533932
f,6298.461914,-1.652072549
f,6309.228516,5.309798983
f,6319.995117,-0.717771624
f,6330.761719,-4.16406305
f,6341.52832,2.171579461
f,6352.294922,1.305739974
f,6363.061523,7.381360556
f,6373.828125,-8.018588571
f,6384.594727,-13.67156632
f,6395.361328,2.83575085
f,6406.12793,3.80650249
f,6416.894531,-3.744428651
f,6427.661133,2.29984725
f,6438.427734,-4.062825319
f,6449.194336,-3.5888632
f,6459.960938,-5.372072831
f,6470.727539,-8.441736773
f,6481.494141,-4.414004407
f,6492.260742,1.816260512
f,6503.027344,-9.451419973
f,6513.793945,0.532920535
f,6524.560547,-15.71912552
f,6535.327148,4.908356365
f,6546.09375,2.771582731
f,6556.860352,3.21306964
f,6567.626953,0.111608224
f,6578.393555,-3.471851685
f,6589.160156,-3.138766478
f,6599.926758,0.248045603
f,6610.693359,-0.845655427
f,6621.459961,3.505573797
f,6632.226563,-2.177446552
f,6642.993164,0.742062616
f,6653.759766,5.193491539
f,6664.526367,6.917140756
f,6675.292969,3.619632069
f,6686.05957,-4.30729555
f,6696.826172,5.380765159
f,6707.592773,-7.526453502
f,6718.359375,-13.38683465
f,6729.125977,1.047893841
f,6739.892578,2.916459567
f,6750.65918,0.034136134
f,6761.425781,1.735434013
f,6772.192383,4.289094345
f,6782.958984,6.769196746
f,6793.725586,-3.576865484
f,6804.492188,-1.783880614
f,6815.258789,-1.969386454
f,6826.025391,-7.796809165
f,6836.791992,5.311122034
f,6847.558594,6.576409837
f,6858.325195,7.306983933
f,6869.091797,7.954543274
f,6879.858398,11.44447243
f,6890.625,-7.02638567
f,6901.391602,-7.425437105
f,6912.158203,-0.587742982
f,6922.924805,-3.21000857
f,6933.691406,-3.278663465
f,6944.458008,-3.785783505
f,6955.224609,-0.427491402
f,6965.991211,-4.915891725
f,6976.757813,-0.981255381
f,6987.524414,5.931874804
f,6998.291016,2.409847713
f,7009.057617,8.074893457
f,7019.824219,11.48835363
f,7030.59082,2.383869187
f,7041.357422,-11.84907138
f,7052.124023,7.162873535
f,7062.890625,2.178844197
f,7073.657227,-3.14334684
f,7084.423828,4.040699923
f,7095.19043,-14.40114432
f,7105.957031,-3.109712336
f,7116.723633,-6.60748716
f,7127.490234,-2.329728205
f,7138.256836,-0.430185066
f,7149.023438,0.090892885
f,7159.790039,-0.37662437
f,7170.556641,-4.929091481
f,7181.323242,-12.18399875
f,7192.089844,8.005575817
f,7202.856445,7.768144364
f,7213.623047,4.196026954
f,7224.389648,0.462275722
f,7235.15625,5.945406927
f,7245.922852,10.36404775
f,7256.689453,3.109225339
f,7267.456055,5.802088096
f,7278.222656,4.080075991
f,7288.989258,6.899531607
f,7299.755859,-4.91071705
f,7310.522461,-1.155779098
f,7321.289063,4.526788316
f,7332.055664,4.010338301
f,7342.822266,4.150231357
f,7353.588867,1.131311029
f,7364.355469,1.294221782
f,7375.12207,2.991646911
f,7385.888672,-2.683834005
f,7396.655273,-8.499455167
f,7407.421875,4.279663407
f,7418.188477,3.97575741
f,7428.955078,2.877593149
f,7439.72168,4.199385511
f,7450.488281,-4.008888302
f,7461.254883,0.778346152
f,7472.021484,0.004939231
f,7482.788086,3.729447542
f,7493.554688,-0.034004313
f,7504.321289,-2.120929128
f,7515.087891,-1.216310266
f,7525.854492,1.494322405
f,7536.621094,-3.445829043
f,7547.387695,0.448008338
f,7558.154297,-17.6196849
f,7568.920898,3.891753404
f,7579.6875,3.486107644
f,7590.454102,-0.373216342
f,7601.220703,4.737103012
f,7611.987305,-2.367709874
f,7622.753906,-4.981864299
f,7633.520508,-8.048311382
f,7644.287109,3.696562459
f,7655.053711,3.117968173
f,7665.820313,4.214935007
f,7676.586914,4.056580216
f,7687.353516,6.43720065
f,7698.120117,-1.005667047
f,7708.886719,1.010497643
f,7719.65332,-1.187185186
f,7730.419922,0.97805789
f,7741.186523,2.409971518
f,7751.953125,5.559915179
f,7762.719727,-19.25624611
f,7773.486328,4.353272741
f,7784.25293,5.236055571
f,7795.019531,3.465014696
f,7805.786133,5.560964796
f,7816.552734,8.039848033
f,7827.319336,6.539756104
f,7838.085938,6.485418582
f,7848.852539,-3.383705995
f,7859.619141,5.153081359
f,7870.385742,10.06164162
f,7881.152344,-3.597120685
f,7891.918945,0.705652913
f,7902.685547,9.053487845
f,7913.452148,-15.49676974
f,7924.21875,0.238011556
f,7934.985352,-7.118144588
f,7945.751953,2.621013199
f,7956.518555,5.890410813
f,7967.285156,1.990345418
f,7978.051758,3.05314798
f,7988.818359,-0.985034867
f,7999.584961,-3.349376064
f,8010.351563,4.76234096
f,8021.118164,1.661520525
f,8031.884766,-8.272860513
f,8042.651367,-0.971551125
f,8053.417969,0.126601669
f,8064.18457,4.252615713
f,8074.951172,3.172016837
f,8085.717773,4.87909716
f,8096.484375,-7.174531598
f,8107.250977,-3.026510026
f,8118.017578,-0.798827743
f,8128.78418,-0.011267028
f,8139.550781,-2.154733154
f,8150.317383,-3.849951995
f,8161.083984,-3.646696124
f,8171.850586,1.726573055
f,8182.617188,0.512352936
f,8193.383789,-3.327716757
f,8204.150391,5.928654903
f,8214.916992,5.868836115
f,8225.683594,7.761303811
f,8236.450195,2.643260228
f,8247.216797,1.399228039
f,8257.983398,2.669818494
f,8268.75,2.490703178
f,8279.516602,3.188401144
f,8290.283203,-13.1220162
f,8301.049805,-0.941225201
f,8311.816406,5.578622038
f,8322.583008,7.919101087
f,8333.349609,-2.894550276
f,8344.116211,-8.473018591
f,8354.882813,7.638158186
f,8365.649414,10.02369849
f,8376.416016,6.755696263
f,8387.182617,10.60650725
f,8397.949219,4.530636925
f,8408.71582,-8.423406282
f,8419.482422,5.442077927
f,8430.249023,6.580874217
f,8441.015625,6.37014343
f,8451.782227,12.14426048
f,8462.548828,2.574553385
f,8473.31543,1.813899443
f,8484.082031,6.199645483
f,8494.848633,9.803532447
f,8505.615234,6.027252605
f,8516.381836,5.779733995
f,8527.148438,3.861046131
f,8537.915039,9.8723457
f,8548.681641,5.260932704
f,8559.448242,7.781055341
f,8570.214844,2.605891775
f,8580.981445,-4.171380649
f,8591.748047,2.612556003
f,8602.514648,0.932409166
f,8613.28125,9.587750503
f,8624.047852,7.488548106
f,8634.814453,2.153577429
f,8645.581055,5.725292189
f,8656.347656,6.768264221
f,8667.114258,4.121102275
f,8677.880859,12.40373642
f,8688.647461,0.179316075
f,8699.414063,8.704737984
f,8710.180664,9.040313302
f,8720.947266,4.396497504
f,8731.713867,-5.119663161
f,8742.480469,4.940537502
f,8753.24707,0.336949121
f,8764.013672,1.924510994
f,8774.780273,14.6851232
f,8785.546875,7.692031576
f,8796.313477,10.27340599
f,8807.080078,4.901714031
f,8817.84668,1.261056878
f,8828.613281,1.258757726
f,8839.379883,-2.915053264
f,8850.146484,9.508733061
f,8860.913086,3.430776072
f,8871.679688,-9.282166893
f,8882.446289,2.098931469
f,8893.212891,-24.5587994
f,8903.979492,1.94863862
f,8914.746094,1.249452422
f,8925.512695,10.33198347
f,8936.279297,2.95865274
f,8947.045898,1.307920323
f,8957.8125,1.122027039
f,8968.579102,-2.327330808
f,8979.345703,-0.770502755
f,8990.112305,0.818516428
f,9000.878906,5.904909724
f,9011.645508,9.943565392
f,9022.412109,-6.33244433
f,9033.178711,9.080905093
f,9043.945313,8.891159453
f,9054.711914,11.48967949
f,9065.478516,7.151892592
f,9076.245117,-0.713896151
f,9087.011719,-4.98589469
f,9097.77832,6.869153125
f,9108.544922,7.044192425
f,9119.311523,3.932526226
f,9130.078125,0.158755734
f,9140.844727,3.5977489
f,9151.611328,0.478609155
f,9162.37793,8.42663609
f,9173.144531,-6.541872046
f,9183.911133,4.283061649
f,9194.677734,-4.474234437
f,9205.444336,1.200085524
f,9216.210938,10.41778982
f,9226.977539,5.993107505
f,9237.744141,1.024532916
f,9248.510742,1.096533579
f,9259.277344,-1.164344336
f,9270.043945,0.844704695
f,9280.810547,5.910685744
f,9291.577148,7.852423957
f,9302.34375,11.53830884
f,9313.110352,3.410921635
f,9323.876953,6.93860424
f,9334.643555,9.750085582
f,9345.410156,5.836137046
f,9356.176758,6.480298458
f,9366.943359,-4.39662768
f,9377.709961,-3.373159175
f,9388.476563,4.53086115
f,9399.243164,-4.443480765
f,9410.009766,-3.468392339
f,9420.776367,-2.351732029
f,9431.542969,2.203701941
f,9442.30957,-1.032365617
f,9453.076172,7.555997811
f,9463.842773,10.55650488
f,9474.609375,4.595008061
f,9485.375977,2.352488456
f,9496.142578,7.07965029
f,9506.90918,3.586185215
f,9517.675781,5.841678739
f,9528.442383,9.439923466
f,9539.208984,-6.821663118
f,9549.975586,7.217196086
f,9560.742188,0.412995529
f,9571.508789,2.369763275
f,9582.275391,4.427608722
f,9593.041992,12.87773506
f,9603.808594,8.646646593
f,9614.575195,5.342501826
f,9625.341797,-2.190957738
f,9636.108398,3.233440131
f,9646.875,9.748983125
f,9657.641602,4.001669781
f,9668.408203,6.963422726
f,9679.174805,1.156574913
f,9689.941406,3.519431686
f,9700.708008,6.384837379
f,9711.474609,7.775976989
f,9722.241211,0.253117508
f,9733.007813,12.89813988
f,9743.774414,12.93091258
f,9754.541016,4.628894195
f,9765.307617,6.045151555
f,9776.074219,3.038167449
f,9786.84082,0.48100353
f,9797.607422,6.153814646
f,9808.374023,7.831370394
f,9819.140625,5.45453475
f,9829.907227,3.039257876
f,9840.673828,12.18707898
f,9851.44043,7.575540031
f,9862.207031,9.554582275
f,9872.973633,16.4476318
f,9883.740234,13.33940115
f,9894.506836,8.959991715
f,9905.273438,13.91218376
f,9916.040039,1.347311635
f,9926.806641,15.89619323
f,9937.573242,6.916484475
f,9948.339844,0.207300859
f,9959.106445,1.860891403
f,9969.873047,5.826215017
f,9980.639648,8.305154844
f,9991.40625,9.4685712
f,10002.17285,11.09100018
f,10012.93945,11.25521363
f,10023.70605,8.132193615
f,10034.47266,6.054402808
f,10045.23926,9.86498909
f,10056.00586,13.29841484
f,10066.77246,3.464869641
f,10077.53906,10.74817497
f,10088.30566,11.4775842
f,10099.07227,6.469041023
f,10109.83887,9.250478971
f,10120.60547,10.85247625
f,10131.37207,3.820735702
f,10142.13867,13.49178669
f,10152.90527,10.27307344
f,10163.67188,10.76705604
f,10174.43848,10.51241547
f,10185.20508,10.18452048
f,10195.97168,10.0893585
f,10206.73828,1.476439692
f,10217.50488,9.073893277
f,10228.27148,8.937729164
f,10239.03809,9.184012337
f,10249.80469,5.509254315
f,10260.57129,13.19871598
f,10271.33789,-0.940568665
f,10282.10449,-2.076128547
f,10292.87109,12.60816907
f,10303.6377,11.90117906
f,10314.4043,3.498061173
f,10325.1709,11.57092835
f,10335.9375,10.94677367
f,10346.7041,10.4369666
f,10357.4707,13.74528386
f,10368.2373,10.14035287
f,10379.00391,7.881915062
f,10389.77051,10.54282448
f,10400.53711,10.90245315
f,10411.30371,14.65889434
f,10422.07031,12.58084197
f,10432.83691,5.948030303
f,10443.60352,13.91581092
f,10454.37012,6.395017092
f,10465.13672,9.525715136
f,10475.90332,4.773196303
f,10486.66992,6.510998983
f,10497.43652,7.148406389
f,10508.20313,9.227454438
f,10518.96973,-0.280759717
f,10529.73633,6.588794834
f,10540.50293,4.065918073
f,10551.26953,-0.844970737
f,10562.03613,10.56388552
f,10572.80273,5.712420875
f,10583.56934,2.302310486
f,10594.33594,5.568320738
f,10605.10254,5.184666605
f,10615.86914,6.658699845
f,10626.63574,-0.074320466
f,10637.40234,4.835413644
f,10648.16895,0.940720735
f,10658.93555,2.266208089
f,10669.70215,10.32206465
f,10680.46875,4.477107841
f,10691.23535,15.49075365
f,10702.00195,9.360757779
f,10712.76855,13.35698919
f,10723.53516,-19.62183703
f,10734.30176,-12.13600824
f,10745.06836,10.40973497
f,10755.83496,6.403344327
f,10766.60156,6.410322736
f,10777.36816,10.06228765
f,10788.13477,4.773687605
f,10798.90137,9.180912514
f,10809.66797,10.87316054
f,10820.43457,16.72082355
f,10831.20117,10.99308705
f,10841.96777,13.21502169
f,10852.73438,16.04509037
f,10863.50098,0.747458116
f,10874.26758,6.489802672
f,10885.03418,11.35110839
f,10895.80078,-6.779244956
f,10906.56738,6.247974349
f,10917.33398,3.305917354
f,10928.10059,0.378267905
f,10938.86719,3.003405556
f,10949.63379,5.292302746
f,10960.40039,-4.623937885
f,10971.16699,5.392735791
f,10981.93359,9.387982077
f,10992.7002,-4.129773852
f,11003.4668,6.468060426
f,11014.2334,0.6251673
f,11025,2.844046559
f,11035.7666,8.561383827
f,11046.5332,9.054615936
f,11057.2998,-2.082595523
f,11068.06641,4.436284538
f,11078.83301,6.019223195
f,11089.59961,6.097022586
f,11100.36621,6.579388313
f,11111.13281,15.41509674
f,11121.89941,8.475666958
f,11132.66602,10.03513751
f,11143.43262,7.615322562
f,11154.19922,7.174055113
f,11164.96582,-13.21505303
f,11175.73242,0.716654142
f,11186.49902,2.629407335
f,11197.26563,0.339283811
f,11208.03223,-2.71695421
f,11218.79883,4.821741058
f,11229.56543,3.950016553
f,11240.33203,5.226590676
f,11251.09863,6.851331334
f,11261.86523,2.089873019
f,11272.63184,8.865686336
f,11283.39844,-11.82399828
f,11294.16504,8.905553483
f,11304.93164,9.563494837
f,11315.69824,-0.074406533
f,11326.46484,8.261548386
f,11337.23145,10.85002561
f,11347.99805,12.33168833
f,11358.76465,8.453964296
f,11369.53125,-2.994157786
f,11380.29785,-13.60396881
f,11391.06445,7.219902194
f,11401.83105,12.05726568
f,11412.59766,7.512503784
f,11423.36426,13.00974834
f,11434.13086,11.09443674
f,11444.89746,12.71061379
f,11455.66406,9.899705403
f,11466.43066,6.800151836
f,11477.19727,12.78513755
f,11487.96387,-3.059664226
f,11498.73047,11.4504992
f,11509.49707,5.489736141
f,11520.26367,10.48696333
f,11531.03027,6.47320607
f,11541.79688,14.16689252
f,11552.56348,6.7144423
f,11563.33008,11.32761943
f,11574.09668,8.622219648
f,11584.86328,-2.456985364
f,11595.62988,-3.281190675
f,11606.39648,11.07989655
f,11617.16309,0.826700814
f,11627.92969,5.779606448
f,11638.69629,11.77185579
f,11649.46289,1.874939601
f,11660.22949,9.215285758
f,11670.99609,11.65502522
f,11681.7627,-3.153139141
f,11692.5293,7.617397372
f,11703.2959,12.77325587
f,11714.0625,3.627380332
f,11724.8291,8.665261548
f,11735.5957,0.360605386
f,11746.3623,-5.332634083
f,11757.12891,5.37909127
f,11767.89551,3.679546507
f,11778.66211,10.24248267
f,11789.42871,4.474120088
f,11800.19531,-7.49150184
f,11810.96191,10.97506683
f,11821.72852,3.533986471
f,11832.49512,10.55045405
f,11843.26172,11.63245072
f,11854.02832,11.37548371
f,11864.79492,1.678637445
f,11875.56152,2.995269697
f,11886.32813,12.82893635
f,11897.09473,9.470027477
f,11907.86133,8.744963562
f,11918.62793,10.91111081
f,11929.39453,2.053794589
f,11940.16113,9.995646102
f,11950.92773,-0.5430368
f,11961.69434,13.85891747
f,11972.46094,3.611707477
f,11983.22754,9.174688655
f,11993.99414,9.772320044
f,12004.76074,14.02760849
f,12015.52734,16.50279715
f,12026.29395,-11.31541652
f,12037.06055,9.167226398
f,12047.82715,6.012971243
f,12058.59375,9.73467185
f,12069.36035,0.288914639
f,12080.12695,9.137206634
f,12090.89355,9.12673019
f,12101.66016,4.47056229
f,12112.42676,8.044297207
f,12123.19336,15.06002508
f,12133.95996,6.127497872
f,12144.72656,5.042871066
f,12155.49316,5.981306395
f,12166.25977,12.19234573
f,12177.02637,6.075681007
f,12187.79297,8.57177389
f,12198.55957,9.594038432
f,12209.32617,6.857022943
f,12220.09277,5.435271416
f,12230.85938,6.793129706
f,12241.62598,9.876288071
f,12252.39258,6.182905777
f,12263.15918,5.750308885
f,12273.92578,4.669817747
f,12284.69238,5.56346478
f,12295.45898,1.693732932
f,12306.22559,11.72477788
f,12316.99219,9.590153079
f,12327.75879,13.16025179
f,12338.52539,3.240430353
f,12349.29199,15.63729619
f,12360.05859,14.40420153
f,12370.8252,7.525541608
f,12381.5918,10.31819638
f,12392.3584,13.97667121
f,12403.125,12.33438473
f,12413.8916,9.767062275
f,12424.6582,10.29256842
f,12435.4248,0.62514741
f,12446.19141,10.12414695
f,12456.95801,10.72990589
f,12467.72461,-4.507803783
f,12478.49121,-5.830344851
f,12489.25781,7.862852846
f,12500.02441,3.090122344
f,12510.79102,10.42695546
f,12521.55762,11.63004857
f,12532.32422,12.34217805
f,12543.09082,10.85467586
f,12553.85742,10.10696913
f,12564.62402,13.19299158
f,12575.39063,6.0756397
f,12586.15723,5.360021725
f,12596.92383,8.43296524
f,12607.69043,15.15497955
f,12618.45703,13.93877491
f,12629.22363,-4.570189343
f,12639.99023,5.108864935
f,12650.75684,16.53605713
f,12661.52344,14.94763739
f,12672.29004,11.96617184
f,12683.05664,13.53524295
f,12693.82324,8.572158658
f,12704.58984,7.295518782
f,12715.35645,11.42578667
f,12726.12305,10.4191591
f,12736.88965,12.95995872
f,12747.65625,-0.665315838
f,12758.42285,10.11511631
f,12769.18945,-1.347750091
f,12779.95605,16.94085074
f,12790.72266,12.16260684
f,12801.48926,5.319874231
f,12812.25586,2.818768635
f,12823.02246,14.93970927
f,12833.78906,2.936269846
f,12844.55566,11.30056955
f,12855.32227,11.42191204
f,12866.08887,12.24795864
f,12876.85547,7.817439144
f,12887.62207,13.95230215
f,12898.38867,7.323073313
f,12909.15527,9.755124164
f,12919.92188,11.86591667
f,12930.68848,11.48005471
f,12941.45508,2.305115838
f,12952.22168,-1.49518306
f,12962.98828,7.877913031
f,12973.75488,6.872427064
f,12984.52148,2.778672991
f,12995.28809,2.023295451
f,13006.05469,1.341716558
f,13016.82129,8.671080834
f,13027.58789,6.001829946
f,13038.35449,4.924096826
f,13049.12109,10.13842676
f,13059.8877,2.074852996
f,13070.6543,14.38895658
f,13081.4209,5.743263233
f,13092.1875,11.24238803
f,13102.9541,-10.86457586
f,13113.7207,11.87722007
f,13124.4873,13.2899205
f,13135.25391,-3.989184802
f,13146.02051,10.89481565
f,13156.78711,12.34162139
f,13167.55371,-0.840446508
f,13178.32031,12.8946127
f,13189.08691,11.39563028
f,13199.85352,10.88357867
f,13210.62012,5.874420608
f,13221.38672,11.55602671
f,13232.15332,-2.802196772
f,13242.91992,13.32802262
f,13253.68652,11.91124243
f,13264.45313,11.69719334
f,13275.21973,5.956052163
f,13285.98633,4.201435265
f,13296.75293,9.77037658
f,13307.51953,0.417774161
f,13318.28613,5.161351186
f,13329.05273,10.91342075
f,13339.81934,9.245509961
f,13350.58594,14.62847326
f,13361.35254,9.934703737
f,13372.11914,1.512714012
f,13382.88574,0.043583684
f,13393.65234,7.70708572
f,13404.41895,9.01562526
f,13415.18555,7.238394444
f,13425.95215,5.984691836
f,13436.71875,5.38106606
f,13447.48535,8.867770206
f,13458.25195,-4.37573857
f,13469.01855,3.683255605
f,13479.78516,9.183117355
f,13490.55176,5.861128512
f,13501.31836,5.044004509
f,13512.08496,6.558178313
f,13522.85156,7.560123266
f,13533.61816,-1.198235101
f,13544.38477,11.37086262
f,13555.15137,2.239580029
f,13565.91797,7.829283097
f,13576.68457,10.67714265
f,13587.45117,10.12079117
f,13598.21777,10.13524099
f,13608.98438,12.01540206
f,13619.75098,6.22187141
f,13630.51758,11.64771063
f,13641.28418,10.55893477
f,13652.05078,8.525932083
f,13662.81738,11.47101043
f,13673.58398,8.218693678
f,13684.35059,13.90212835
f,13695.11719,3.722404985
f,13705.88379,12.62729957
f,13716.65039,13.11033958
f,13727.41699,6.984933288
f,13738.18359,-6.283943571
f,13748.9502,8.024191456
f,13759.7168,11.37594917
f,13770.4834,9.754258746
f,13781.25,0.139657604
f,13792.0166,4.523926638
f,13802.7832,-5.742020707
f,13813.5498,2.959454527
f,13824.31641,15.46507725
f,13835.08301,10.13826147
f,13845.84961,18.33606111
f,13856.61621,-8.39930675
f,13867.38281,9.978897739
f,13878.14941,9.804046562
f,13888.91602,7.904358168
f,13899.68262,7.649453274
f,13910.44922,1.792207874
f,13921.21582,8.782927738
f,13931.98242,9.528370464
f,13942.74902,5.15724148
f,13953.51563,8.677582053
f,13964.28223,16.09967652
f,13975.04883,11.84351007
f,13985.81543,2.468685571
f,13996.58203,10.40134381
f,14007.34863,-19.88733733
f,14018.11523,9.351970467
f,14028.88184,5.690004651
f,14039.64844,3.865950901
f,14050.41504,12.38928806
f,14061.18164,8.882041289
f,14071.94824,13.65232121
f,14082.71484,13.0424228
f,14093.48145,8.059999467
f,14104.24805,13.19683544
f,14115.01465,3.672910968
f,14125.78125,10.4824122
f,14136.54785,14.73300996
f,14147.31445,8.03338116
f,14158.08105,11.6475314
f,14168.84766,3.336537997
f,14179.61426,12.50038018
f,14190.38086,8.387741756
f,14201.14746,11.16348619
f,14211.91406,12.24175092
f,14222.68066,2.940821347
f,14233.44727,7.393102943
f,14244.21387,11.0357281
f,14254.98047,-9.68049666
f,14265.74707,6.252899712
f,14276.51367,9.939797105
f,14287.28027,11.75700191
f,14298.04688,2.928531835
f,14308.81348,5.495929684
f,14319.58008,4.282134593
f,14330.34668,-6.675967642
f,14341.11328,3.117748438
f,14351.87988,7.411277276
f,14362.64648,-5.361922258
f,14373.41309,2.958889138
f,14384.17969,-3.064958392
f,14394.94629,6.594083367
f,14405.71289,6.563117454
f,14416.47949,-6.261175731
f,14427.24609,4.927443767
f,14438.0127,5.232268747
f,14448.7793,7.175553742
f,14459.5459,-0.750768025
f,14470.3125,7.604670534
f,14481.0791,12.14410909
f,14491.8457,8.61231736
f,14502.6123,8.240577941
f,14513.37891,1.674639004
f,14524.14551,10.86671692
f,14534.91211,5.121221257
f,14545.67871,8.685459356
f,14556.44531,6.002034533
f,14567.21191,-2.217490672
f,14577.97852,-14.10792122
f,14588.74512,9.796239833
f,14599.51172,10.20033245
f,14610.27832,10.22021636
f,14621.04492,11.58374826
f,14631.81152,10.46307616
f,14642.57813,8.743252239
f,14653.34473,1.851543741
f,14664.11133,5.677039871
f,14674.87793,12.68442978
f,14685.64453,11.80698795
f,14696.41113,13.12079829
f,14707.17773,2.766959337
f,14717.94434,-5.531737531
f,14728.71094,-21.37199879
f,14739.47754,4.034245125
f,14750.24414,-8.660865242
f,14761.01074,-7.560403497
f,14771.77734,-4.885973235
f,14782.54395,7.037537377
f,14793.31055,1.058560064
f,14804.07715,6.443697598
f,14814.84375,5.722260666
f,14825.61035,8.502402757
f,14836.37695,7.425325393
f,14847.14355,-1.224321531
f,14857.91016,-4.189724881
f,14868.67676,2.811818437
f,14879.44336,8.61503361
f,14890.20996,-6.361900803
f,14900.97656,0.236915449
f,14911.74316,7.695517295
f,14922.50977,-7.684074716
f,14933.27637,-27.91547247
f,14944.04297,9.434006134
f,14954.80957,6.344192627
f,14965.57617,3.625843145
f,14976.34277,9.940316167
f,14987.10938,-1.667124365
f,14997.87598,5.7360687
f,15008.64258,8.423312315
f,15019.40918,-8.273684669
f,15030.17578,7.650343501
f,15040.94238,11.77667954
f,15051.70898,6.919593236
f,15062.47559,3.040855078
f,15073.24219,5.755856846
f,15084.00879,10.34012315
f,15094.77539,11.86942838
f,15105.54199,6.016270929
f,15116.30859,7.781322879
f,15127.0752,11.36615099
f,15137.8418,6.946515473
f,15148.6084,-3.045814793
f,15159.375,5.149944406
f,15170.1416,-9.422459296
f,15180.9082,2.568647134
f,15191.6748,10.5105895
f,15202.44141,2.958140713
f,15213.20801,9.219611523
f,15223.97461,5.36898716
f,15234.74121,2.361394569
f,15245.50781,11.95281402
f,15256.27441,9.132720713
f,15267.04102,10.37820376
f,15277.80762,5.296874578
f,15288.57422,15.15823453
f,15299.34082,6.737169354
f,15310.10742,12.65268746
f,15320.87402,-3.20171845
f,15331.64063,8.917252299
f,15342.40723,13.27805121
f,15353.17383,7.446738007
f,15363.94043,15.49446081
f,15374.70703,7.070221055
f,15385.47363,14.88135212
f,15396.24023,6.814225774
f,15407.00684,3.623492463
f,15417.77344,11.63631147
f,15428.54004,13.58210561
f,15439.30664,3.978252917
f,15450.07324,8.403725208
f,15460.83984,5.534858229
f,15471.60645,12.71204684
f,15482.37305,6.260305051
f,15493.13965,9.668039915
f,15503.90625,13.06264902
f,15514.67285,11.15137695
f,15525.43945,-4.251215533
f,15536.20605,6.228510267
f,15546.97266,3.705396462
f,15557.73926,5.845234347
f,15568.50586,-9.961485372
f,15579.27246,-7.130678635
f,15590.03906,5.866099655
f,15600.80566,8.657392689
f,15611.57227,0.330461617
f,15622.33887,10.01750121
f,15633.10547,7.631044521
f,15643.87207,11.77314981
f,15654.63867,14.11483659
f,15665.40527,16.38653928
f,15676.17188,11.01151732
f,15686.93848,13.28160638
f,15697.70508,12.44352116
f,15708.47168,9.212395032
f,15719.23828,10.42596128
f,15730.00488,13.09933252
f,15740.77148,4.068210405
f,15751.53809,4.835468962
f,15762.30469,7.378714514
f,15773.07129,4.53187127
f,15783.83789,-2.018737899
f,15794.60449,6.126491431
f,15805.37109,5.522300276
f,15816.1377,9.200653164
f,15826.9043,-3.150919437
f,15837.6709,-0.930205997
f,15848.4375,5.587835726
f,15859.2041,6.516749526
f,15869.9707,8.708026297
f,15880.7373,8.916770808
f,15891.50391,-0.294061481
f,15902.27051,12.60331725
f,15913.03711,9.369478823
f,15923.80371,10.97254998
f,15934.57031,7.291332083
f,15945.33691,16.10634083
f,15956.10352,-9.97555103
f,15966.87012,9.570075988
f,15977.63672,3.120828396
f,15988.40332,3.463773286
f,15999.16992,-8.779087283
f,16009.93652,5.181453866
f,16020.70313,0.976248493
f,16031.46973,9.439272826
f,16042.23633,3.869771266
f,16053.00293,5.489448863
f,16063.76953,4.490350765
f,16074.53613,2.670619451
f,16085.30273,-1.578721638
f,16096.06934,10.89652379
f,16106.83594,1.745528506
f,16117.60254,-12.0101835
f,16128.36914,5.99733257
f,16139.13574,9.500419216
f,16149.90234,-0.981365898
f,16160.66895,4.193748497
f,16171.43555,12.63087165
f,16182.20215,9.328982466
f,16192.96875,4.577656494
f,16203.73535,-3.134677433
f,16214.50195,5.304130222
f,16225.26855,1.596909597
f,16236.03516,2.308785109
f,16246.80176,6.73551101
f,16257.56836,-8.133262909
f,16268.33496,3.10516059
f,16279.10156,-24.38905526
f,16289.86816,1.519610769
f,16300.63477,9.696644011
f,16311.40137,6.879096918
f,16322.16797,10.12242583
f,16332.93457,2.858720879
f,16343.70117,2.114977534
f,16354.46777,7.472203699
f,16365.23438,0.532205615
f,16376.00098,12.65146793
f,16386.76758,6.258183861
f,16397.53418,7.967358015
f,16408.30078,13.47526966
f,16419.06738,6.002333115
f,16429.83398,7.83762059
f,16440.60059,-5.924963586
f,16451.36719,6.217778915
f,16462.13379,-0.553594916
f,16472.90039,-7.458277351
f,16483.66699,0.490088029
f,16494.43359,7.890622816
f,16505.2002,5.738793178
f,16515.9668,3.557596434
f,16526.7334,-11.15501116
f,16537.5,4.781167165
f,16548.2666,0.824665932
f,16559.0332,12.23909669
f,16569.7998,6.987324004
f,16580.56641,8.46932087
f,16591.33301,9.024504443
f,16602.09961,9.934288179
f,16612.86621,1.68788516
f,16623.63281,6.531333055
f,16634.39941,2.144096029
f,16645.16602,4.820534664
f,16655.93262,6.759368991
f,16666.69922,2.846630989
f,16677.46582,-6.505469421
f,16688.23242,-2.685251347
f,16698.99902,3.559407957
f,16709.76563,-1.33083049
f,16720.53223,7.982032314
f,16731.29883,8.203846772
f,16742.06543,5.23065068
f,16752.83203,-3.074980312
f,16763.59863,2.559852726
f,16774.36523,10.09060243
f,16785.13184,6.402112973
f,16795.89844,8.096827653
f,16806.66504,7.641934532
f,16817.43164,10.14301451
f,16828.19824,-2.282248283
f,16838.96484,1.850495579
f,16849.73145,4.892181157
f,16860.49805,0.663041213
f,16871.26465,6.399633322
f,16882.03125,9.959480245
f,16892.79785,4.300247217
f,16903.56445,-6.096767751
f,16914.33105,-0.09929713
f,16925.09766,1.799110235
f,16935.86426,5.971053552
f,16946.63086,9.332614877
f,16957.39746,-0.021891871
f,16968.16406,8.678063515
f,16978.93066,3.685413211
f,16989.69727,0.580683877
f,17000.46387,1.501355642
f,17011.23047,-3.972999976
f,17021.99707,0.324630704
f,17032.76367,-2.986829216
f,17043.53027,2.897396004
f,17054.29688,6.836873665
f,17065.06348,2.017645172
f,17075.83008,8.152353023
f,17086.59668,-8.054009353
f,17097.36328,8.361663443
f,17108.12988,2.981587977
f,17118.89648,-2.10951936
f,17129.66309,5.344733058
f,17140.42969,3.595798765
f,17151.19629,-5.481148419
f,17161.96289,5.724096208
f,17172.72949,1.830228025
f,17183.49609,-1.067644242
f,17194.2627,5.641481025
f,17205.0293,4.644621221
f,17215.7959,6.444436912
f,17226.5625,6.573517263
f,17237.3291,-0.487476478
f,17248.0957,2.638664828
f,17258.8623,-4.996270328
f,17269.62891,4.676928338
f,17280.39551,9.179792507
f,17291.16211,3.751641086
f,17301.92871,7.180766935
f,17312.69531,8.217414169
f,17323.46191,6.07093973
f,17334.22852,7.800694839
f,17344.99512,-12.53673927
f,17355.76172,4.762745792
f,17366.52832,4.685031887
f,17377.29492,-0.37373381
f,17388.06152,11.96395081
f,17398.82813,0.182166357
f,17409.59473,1.342895748
f,17420.36133,-12.40691548
f,17431.12793,3.250325801
f,17441.89453,6.535495677
f,17452.66113,-16.12756203
f,17463.42773,5.915439413
f,17474.19434,7.073838243
f,17484.96094,4.937555454
f,17495.72754,4.976098579
f,17506.49414,5.982223046
f,17517.26074,3.232010291
f,17528.02734,-10.92659965
f,17538.79395,-2.994861848
f,17549.56055,1.395088191
f,17560.32715,-0.278689877
f,17571.09375,3.310453677
f,17581.86035,3.667726917
f,17592.62695,4.163971468
f,17603.39355,4.35596921
f,17614.16016,-0.249536569
f,17624.92676,4.014477061
f,17635.69336,3.183514829
f,17646.45996,-21.3924936
f,17657.22656,2.165489126
f,17667.99316,1.583325112
f,17678.75977,1.360480577
f,17689.52637,4.490238651
f,17700.29297,-5.030043579
f,17711.05957,-5.682457112
f,17721.82617,1.850524213
f,17732.59277,3.624100774
f,17743.35938,7.950499333
f,17754.12598,6.470573702
f,17764.89258,3.450920552
f,17775.65918,4.752488379
f,17786.42578,3.469783947
f,17797.19238,0.837259216
f,17807.95898,-0.500626072
f,17818.72559,5.244891641
f,17829.49219,-0.376096316
f,17840.25879,-2.134902617
f,17851.02539,6.85577184
f,17861.79199,6.459085939
f,17872.55859,-0.807534823
f,17883.3252,6.688496561
f,17894.0918,2.549932584
f,17904.8584,2.75564279
f,17915.625,-6.386162401
f,17926.3916,4.413924829
f,17937.1582,0.427244066
f,17947.9248,-4.940809411
f,17958.69141,2.888953012
f,17969.45801,6.740448194
f,17980.22461,-8.07583456
f,17990.99121,4.578153823
f,18001.75781,0.09956505
f,18012.52441,-1.445897037
f,18023.29102,-2.829431058
f,18034.05762,9.791825376
f,18044.82422,3.041074629
f,18055.59082,2.494803907
f,18066.35742,3.523940733
f,18077.12402,7.913208512
f,18087.89063,-4.883065279
f,18098.65723,-14.58277595
f,18109.42383,0.451721753
f,18120.19043,2.253159448
f,18130.95703,2.416048237
f,18141.72363,3.293344079
f,18152.49023,-3.801702685
f,18163.25684,2.97678166
f,18174.02344,-5.216087896
f,18184.79004,-2.789628375
f,18195.55664,2.452594219
f,18206.32324,3.33777029
f,18217.08984,-11.60209747
f,18227.85645,-9.983217691
f,18238.62305,-9.424351274
f,18249.38965,6.519126159
f,18260.15625,-2.873932083
f,18270.92285,-0.205534146
f,18281.68945,-14.05727865
f,18292.45605,-1.708323202
f,18303.22266,2.55424731
f,18313.98926,3.554395814
f,18324.75586,-4.29309434
f,18335.52246,6.473771179
f,18346.28906,2.912066494
f,18357.05566,1.291970434
f,18367.82227,1.48838258
f,18378.58887,5.944574677
f,18389.35547,5.708574713
f,18400.12207,1.299113511
f,18410.88867,1.680570021
f,18421.65527,-1.792164069
f,18432.42188,2.666849745
f,18443.18848,4.103903083
f,18453.95508,-9.938807563
f,18464.72168,-0.379305478
f,18475.48828,-4.737165427
f,18486.25488,1.202428451
f,18497.02148,-1.421973537
f,18507.78809,-1.217598573
f,18518.55469,-7.834326351
f,18529.32129,-1.013069979
f,18540.08789,-2.093481003
f,18550.85449,-0.075951858
f,18561.62109,-25.40820134
f,18572.3877,-5.831089115
f,18583.1543,1.800507648
f,18593.9209,-7.402485327
f,18604.6875,-3.868361842
f,18615.4541,-11.96175183
f,18626.2207,-6.753293478
f,18636.9873,-8.412570813
f,18647.75391,-2.959001359
f,18658.52051,-13.26755505
f,18669.28711,0.558434598
f,18680.05371,4.704577637
f,18690.82031,-0.32559033
f,18701.58691,3.63330494
f,18712.35352,-5.765285452
f,18723.12012,-6.385734474
f,18733.88672,3.558025441
f,18744.65332,-1.322080991
f,18755.41992,-0.3524233
f,18766.18652,3.124981265
f,18776.95313,3.848561866
f,18787.71973,0.524033326
f,18798.48633,-2.887653827
f,18809.25293,-10.89464371
f,18820.01953,-2.207996486
f,18830.78613,4.19471288
f,18841.55273,-2.57691226
f,18852.31934,1.356965339
f,18863.08594,1.319939141
f,18873.85254,-20.28414912
f,18884.61914,0.576342787
f,18895.38574,3.838481002
f,18906.15234,0.228424071
f,18916.91895,5.238109485
f,18927.68555,-0.913231659
f,18938.45215,-3.560387596
f,18949.21875,-0.455492642
f,18959.98535,-1.870318323
f,18970.75195,-6.305273745
f,18981.51855,-3.813999519
f,18992.28516,-5.339333859
f,19003.05176,0.436395865
f,19013.81836,-0.115278039
f,19024.58496,-14.42997101
f,19035.35156,1.890605454
f,19046.11816,-1.366798039
f,19056.88477,1.533366635
f,19067.65137,1.795169596
f,19078.41797,3.680873151
f,19089.18457,1.603428842
f,19099.95117,3.271780029
f,19110.71777,-14.02541773
f,19121.48438,-1.413702893
f,19132.25098,2.911945073
f,19143.01758,-7.235030641
f,19153.78418,1.690583646
f,19164.55078,-1.205139779
f,19175.31738,-7.686641746
f,19186.08398,-2.284184564
f,19196.85059,-7.026371394
f,19207.61719,1.254276755
f,19218.38379,-2.77559998
f,19229.15039,-2.677596057
f,19239.91699,4.373262898
f,19250.68359,7.956624529
f,19261.4502,3.922110641
f,19272.2168,-5.474837884
f,19282.9834,0.557340873
f,19293.75,-3.551500482
f,19304.5166,-1.634260948
f,19315.2832,-7.626175232
f,19326.0498,-2.749439688
f,19336.81641,-1.868023785
f,19347.58301,6.279377046
f,19358.34961,1.297080657
f,19369.11621,-0.115658375
f,19379.88281,-7.910544653
f,19390.64941,3.447994651
f,19401.41602,-3.002143256
f,19412.18262,0.02089529
f,19422.94922,3.783165849
f,19433.71582,3.96710856
f,19444.48242,-3.147447496
f,19455.24902,-0.800485971
f,19466.01563,3.968250516
f,19476.78223,-7.208238576
f,19487.54883,6.162299433
f,19498.31543,5.7376841
f,19509.08203,4.779085428
f,19519.84863,-3.478629833
f,19530.61523,-5.224727629
f,19541.38184,-2.094357635
f,19552.14844,-7.459263303
f,19562.91504,3.701838688
f,19573.68164,-6.869478379
f,19584.44824,0.96339711
f,19595.21484,3.167789528
f,19605.98145,2.695585473
f,19616.74805,1.962548278
f,19627.51465,6.133827724
f,19638.28125,-10.93429556
f,19649.04785,3.027722905
f,19659.81445,7.303067825
f,19670.58105,-0.047799486
f,19681.34766,2.770918076
f,19692.11426,-0.023353724
f,19702.88086,6.817794548
f,19713.64746,1.169705317
f,19724.41406,-12.57739223
f,19735.18066,-17.50981324
f,19745.94727,6.669570299
f,19756.71387,8.38779314
f,19767.48047,-6.870110204
f,19778.24707,-2.442598219
f,19789.01367,-3.723064026
f,19799.78027,4.085125798
f,19810.54688,2.734049068
f,19821.31348,2.97025116
f,19832.08008,6.188235261
f,19842.84668,4.227926412
f,19853.61328,-2.857190208
f,19864.37988,1.014213301
f,19875.14648,1.438540846
f,19885.91309,3.856182904
f,19896.67969,-14.39761549
f,19907.44629,-5.865277576
f,19918.21289,-7.004460977
f,19928.97949,1.050569992
f,19939.74609,-5.198717486
f,19950.5127,-7.601339141
f,19961.2793,5.103733113
f,19972.0459,1.751224726
f,19982.8125,-4.355350703
f,19993.5791,-1.657649175
f,20004.3457,2.848951615
f,20015.1123,2.675774322
f,20025.87891,-7.250295066
f,20036.64551,3.767246774
f,20047.41211,-3.252398236
f,20058.17871,-0.710173597
f,20068.94531,-7.916319279
f,20079.71191,0.562444698
f,20090.47852,-3.153855714
f,20101.24512,0.581737778
f,20112.01172,2.572643685
f,20122.77832,2.619887221
f,20133.54492,-1.545503525
f,20144.31152,-0.61837292
f,20155.07813,-9.673334662
f,20165.84473,8.03760168
f,20176.61133,1.350327072
f,20187.37793,-6.423988746
f,20198.14453,-25.850097
f,20208.91113,7.845370559
f,20219.67773,1.980791292
f,20230.44434,-0.026762975
f,20241.21094,2.802232478
f,20251.97754,-0.786106672
f,20262.74414,0.433018827
f,20273.51074,-10.31051037
f,20284.27734,6.602803364
f,20295.04395,2.874107002
f,20305.81055,7.738707444
f,20316.57715,-0.056882581
f,20327.34375,-8.233387927
f,20338.11035,-0.682436321
f,20348.87695,-10.12342015
f,20359.64355,1.359659141
f,20370.41016,-8.196799904
f,20381.17676,2.227110712
f,20391.94336,-6.56054338
f,20402.70996,4.36325203
f,20413.47656,0.367142589
f,20424.24316,3.318169864
f,20435.00977,-4.342501915
f,20445.77637,1.853323584
f,20456.54297,0.8195649
f,20467.30957,0.917855806
f,20478.07617,-16.15364397
f,20488.84277,-3.167914037
f,20499.60938,-2.102986843
f,20510.37598,-1.487782832
f,20521.14258,-1.56032427
f,20531.90918,1.525440237
f,20542.67578,-5.233856195
f,20553.44238,-6.700951009
f,20564.20898,-8.380474157
f,20574.97559,7.189498346
f,20585.74219,4.141690916
f,20596.50879,-1.445172005
f,20607.27539,3.975180186
f,20618.04199,-3.920154326
f,20628.80859,0.50919523
f,20639.5752,8.022054803
f,20650.3418,2.517847801
f,20661.1084,2.716128662
f,20671.875,0.05938688
f,20682.6416,6.654484276
f,20693.4082,0.60324639
f,20704.1748,2.44175893
f,20714.94141,6.318983557
f,20725.70801,9.492517543
f,20736.47461,2.058500872
f,20747.24121,10.34786776
f,20758.00781,-10.45331477
f,20768.77441,0.654314039
f,20779.54102,1.968610651
f,20790.30762,2.421669505
f,20801.07422,-0.215953759
f,20811.84082,-17.90034165
f,20822.60742,-8.377716322
f,20833.37402,-0.78668753
f,20844.14063,-7.189921414
f,20854.90723,2.229782947
f,20865.67383,-8.508460583
f,20876.44043,1.661983608
f,20887.20703,-7.571726345
f,20897.97363,0.539766759
f,20908.74023,7.092906017
f,20919.50684,0.207188611
f,20930.27344,3.800073862
f,20941.04004,-4.367855595
f,20951.80664,-1.106025193
f,20962.57324,-9.327089273
f,20973.33984,-1.591017549
f,20984.10645,-9.628945475
f,20994.87305,-1.191304228
f,21005.63965,-3.81222153
f,21016.40625,-2.893156227
f,21027.17285,-7.260739446
f,21037.93945,3.598566828
f,21048.70605,-18.44394079
f,21059.47266,0.802893028
f,21070.23926,2.251541917
f,21081.00586,-2.799128498
f,21091.77246,3.925677916
f,21102.53906,-2.654681259
f,21113.30566,-2.594880905
f,21124.07227,4.298562417
f,21134.83887,3.612275581
f,21145.60547,5.81751816
f,21156.37207,1.576637014
f,21167.13867,-1.700406111
f,21177.90527,-3.48223901
f,21188.67188,-0.761919189
f,21199.43848,-7.172530553
f,21210.20508,3.768003905
f,21220.97168,-0.286911051
f,21231.73828,2.369628314
f,21242.50488,-10.20686941
f,21253.27148,3.580982645
f,21264.03809,4.179301041
f,21274.80469,3.414184397
f,21285.57129,-8.012286922
f,21296.33789,-12.45346354
f,21307.10449,-0.821727868
f,21317.87109,1.440000424
f,21328.6377,2.063404243
f,21339.4043,-5.641677458
f,21350.1709,6.75646105
f,21360.9375,5.296044816
f,21371.7041,3.32825232
f,21382.4707,-6.67517448
f,21393.2373,5.681449899
f,21404.00391,-13.89934978
f,21414.77051,0.238694635
f,21425.53711,-4.369256136
f,21436.30371,5.457748427
f,21447.07031,-6.026863609
f,21457.83691,-17.46529235
f,21468.60352,4.202537154
f,21479.37012,4.053276211
f,21490.13672,1.682293155
f,21500.90332,-4.632776059
f,21511.66992,-0.963655683
f,21522.43652,4.54621111
f,21533.20313,0.494040789
f,21543.96973,-4.476105633
f,21554.73633,0.487887638
f,21565.50293,1.525438703
f,21576.26953,2.760671528
f,21587.03613,-2.118985601
f,21597.80273,7.178617301
f,21608.56934,1.518402742
f,21619.33594,-2.852963344
f,21630.10254,-10.65154344
f,21640.86914,-5.933560164
f,21651.63574,-1.714586728
f,21662.40234,3.055222262
f,21673.16895,4.897211481
f,21683.93555,-11.93480824
f,21694.70215,-7.679991787
f,21705.46875,-1.54367047
f,21716.23535,-24.3479861
f,21727.00195,5.195710757
f,21737.76855,8.568661623
f,21748.53516,-1.02740055
f,21759.30176,2.63578785
f,21770.06836,7.214593101
f,21780.83496,-6.279182693
f,21791.60156,-1.860091415
f,21802.36816,0.973993809
f,21813.13477,5.153363243
f,21823.90137,7.226770568
f,21834.66797,3.398871624
f,21845.43457,6.236404893
f,21856.20117,2.060115458
f,21866.96777,-1.954933289
f,21877.73438,3.619897999
f,21888.50098,2.049243872
f,21899.26758,-9.588609566
f,21910.03418,0.561981952
f,21920.80078,2.220774707
f,21931.56738,-4.682680663
f,21942.33398,5.13630756
f,21953.10059,1.767304835
f,21963.86719,-2.390028722
f,21974.63379,-1.706012449
f,21985.40039,-1.079409611
f,21996.16699,-2.870906074
f,22006.93359,-5.100561685
f,22017.7002,-6.697573869
f,22028.4668,-1.112690768
f,22039.2334,5.527153789
f,22050,-7.110110842
s,0,5.842048195
s,10.76660156,13.60051316
s,21.53320313,15.02779606
s,32.29980469,6.045984528
s,43.06640625,9.491116964
s,53.83300781,9.452457677
s,64.59960938,3.627586184
s,75.36621094,-9.592885615
s,86.1328125,-2.071830009
s,96.89941406,7.720827436
s,107.6660156,9.004248635
s,118.4326172,5.20576505
s,129.1992188,11.770604
s,139.9658203,10.48428092
s,150.7324219,5.23729579
s,161.4990234,3.971413482
s,172.265625,-7.134128873
s,183.0322266,1.573014937
s,193.7988281,-1.035894208
s,204.5654297,6.689137123
s,215.3320313,5.374240425
s,226.0986328,-3.099794065
s,236.8652344,0.148078446
s,247.6318359,4.549968421
s,258.3984375,-10.53476275
s,269.1650391,-3.147541852
s,279.9316406,0.014377877
s,290.6982422,-4.821584083
s,301.4648438,-5.218330541
s,312.2314453,-2.962287582
s,322.9980469,3.372078118
s,333.7646484,-0.788039853
s,344.53125,4.7638257
s,355.2978516,6.932871396
s,366.0644531,10.54213375
s,376.8310547,9.133263304
s,387.5976563,2.293416362
s,398.3642578,-6.5672394
s,409.1308594,6.67256141
s,419.8974609,4.705416524
s,430.6640625,5.81505807
s,441.4306641,3.419874782
s,452.1972656,-2.355423844
s,462.9638672,-3.072001091
s,473.7304688,-7.094764317
s,484.4970703,2.409739023
s,495.2636719,1.742926559
s,506.0302734,4.032358447
s,516.796875,8.282142112
s,527.5634766,5.285854406
s,538.3300781,-5.263773802
s,549.0966797,-6.074054364
s,559.8632813,-15.51800701
s,570.6298828,5.537018069
s,581.3964844,4.471546213
s,592.1630859,-10.88165504
s,602.9296875,1.607388686
s,613.6962891,2.446874258
s,624.4628906,3.481198855
s,635.2294922,7.87527542
s,645.9960938,-0.072946616
s,656.7626953,3.861575452
s,667.5292969,5.747928457
s,678.2958984,-12.30777967
s,689.0625,5.377583123
s,699.8291016,-7.131253524
s,710.5957031,-10.72612013
s,721.3623047,-0.507047189
s,732.1289063,-1.857374011
s,742.8955078,-3.337803712
s,753.6621094,-19.64050222
s,764.4287109,-2.154907057
s,775.1953125,-3.197488438
s,785.9619141,-13.21762831
s,796.7285156,2.588512341
s,807.4951172,-7.935074457
s,818.2617188,-11.84953215
s,829.0283203,4.234148844
s,839.7949219,5.688401121
s,850.5615234,-0.287862622
s,861.328125,-2.232195167
s,872.0947266,6.968586313
s,882.8613281,4.401744653
s,893.6279297,-5.41808177
s,904.3945313,3.128327836
s,915.1611328,1.106051337
s,925.9277344,2.534000184
s,936.6943359,0.774650329
s,947.4609375,5.474911245
s,958.2275391,8.582010094
s,968.9941406,9.715622969
s,979.7607422,6.607655237
s,990.5273438,-0.682187828
s,1001.293945,3.012775033
s,1012.060547,5.566666788
s,1022.827148,6.915784852
s,1033.59375,-0.756662642
s,1044.360352,-0.965076299
s,1055.126953,-0.677896864
s,1065.893555,7.116378108
s,1076.660156,-12.63876823
s,1087.426758,4.261539917
s,1098.193359,3.672385802
s,1108.959961,4.083615074
s,1119.726563,6.231264159
s,1130.493164,7.394354994
s,1141.259766,0.044162746
s,1152.026367,-3.960756514
s,1162.792969,6.319557369
s,1173.55957,-13.52673625
s,1184.326172,4.485685477
s,1195.092773,6.738214147
s,1205.859375,-7.874109928
s,1216.625977,-1.440760382
s,1227.392578,2.59750079
s,1238.15918,7.184534107
s,1248.925781,-0.196952954
s,1259.692383,2.643354605
s,1270.458984,-5.630885981
s,1281.225586,-0.073165846
s,1291.992188,-0.388080462
s,1302.758789,1.885201071
s,1313.525391,1.029997259
s,1324.291992,1.667995613
s,1335.058594,5.648562787
s,1345.825195,3.761380068
s,1356.591797,1.312597187
s,1367.358398,6.350170563
s,1378.125,-1.494605195
s,1388.891602,2.651310589
s,1399.658203,9.290970404
s,1410.424805,8.484898064
s,1421.191406,-19.04333179
s,1431.958008,0.015487668
s,1442.724609,1.367353915
s,1453.491211,3.336844946
s,1464.257813,9.200086516
s,1475.024414,4.821960296
s,1485.791016,2.826993259
s,1496.557617,4.289178299
s,1507.324219,3.952103184
s,1518.09082,6.918515229
s,1528.857422,7.848724961
s,1539.624023,7.306117455
s,1550.390625,11.43804342
s,1561.157227,6.872306427
s,1571.923828,0.686368708
s,1582.69043,5.654774241
s,1593.457031,0.831566971
s,1604.223633,8.858445272
s,1614.990234,9.545010939
s,1625.756836,4.95471094
s,1636.523438,8.768866194
s,1647.290039,4.774227771
s,1658.056641,-7.842982503
s,1668.823242,7.339937104
s,1679.589844,-5.777455746
s,1690.356445,6.951930674
s,1701.123047,9.853491338
s,1711.889648,2.29711667
s,1722.65625,7.574958393
s,1733.422852,7.312791745
s,1744.189453,-1.156928369
s,1754.956055,-2.826198205
s,1765.722656,2.134083688
s,1776.489258,1.78902124
s,1787.255859,3.572336658
s,1798.022461,3.884896847
s,1808.789063,6.200832283
s,1819.555664,2.703952959
s,1830.322266,6.954791961
s,1841.088867,3.64772226
s,1851.855469,10.16139711
s,1862.62207,10.60887
s,1873.388672,7.863344509
s,1884.155273,4.057146798
s,1894.921875,-3.231341569
s,1905.688477,3.429883514
s,1916.455078,6.561942283
s,1927.22168,1.690409458
s,1937.988281,2.063851418
s,1948.754883,5.293069048
s,1959.521484,3.536149161
s,1970.288086,-5.632305542
s,1981.054688,5.144270969
s,1991.821289,-4.166676267
s,2002.587891,6.799591748
s,2013.354492,3.732685382
s,2024.121094,3.721526381
s,2034.887695,4.403107078
s,2045.654297,8.238528437
s,2056.420898,-7.052621644
s,2067.1875,6.973663508
s,2077.954102,8.183657391
s,2088.720703,11.20792488
s,2099.487305,2.447775106
s,2110.253906,-0.682892863
s,2121.020508,-12.43857946
s,2131.787109,-0.937313162
s,2142.553711,8.855566618
s,2153.320313,7.17105525
s,2164.086914,2.379703032
s,2174.853516,-1.30945812
s,2185.620117,0.372469158
s,2196.386719,3.187822576
s,2207.15332,6.77230378
s,2217.919922,4.208179291
s,2228.686523,0.565142146
s,2239.453125,-0.705351772
s,2250.219727,-1.082870785
s,2260.986328,3.930978788
s,2271.75293,9.750691515
s,2282.519531,7.325399246
s,2293.286133,-3.867970573
s,2304.052734,2.381461916
s,2314.819336,2.976666421
s,2325.585938,-0.878535314
s,2336.352539,4.859006199
s,2347.119141,3.406543969
s,2357.885742,8.091492451
s,2368.652344,-11.30224031
s,2379.418945,-7.759686606
s,2390.185547,-11.15626501
s,2400.952148,8.004733966
s,2411.71875,-5.555099513
s,2422.485352,-0.259685457
s,2433.251953,-2.643017146
s,2444.018555,5.814357042
s,2454.785156,-2.455163125
s,2465.551758,-0.868867394
s,2476.318359,3.791589929
s,2487.084961,3.563438852
s,2497.851563,2.989814135
s,2508.618164,-5.426955134
s,2519.384766,2.881888499
s,2530.151367,4.614081721
s,2540.917969,-4.685731957
s,2551.68457,-0.595136247
s,2562.451172,0.247012511
s,2573.217773,7.060023341
s,2583.984375,2.03936683
s,2594.750977,-7.650571109
s,2605.517578,-3.970137646
s,2616.28418,-5.492908417
s,2627.050781,8.422434954
s,2637.817383,9.87766697
s,2648.583984,9.534114213
s,2659.350586,10.70712017
s,2670.117188,10.27918742
s,2680.883789,12.62454867
s,2691.650391,7.395081264
s,2702.416992,6.294492877
s,2713.183594,9.077365433
s,2723.950195,4.332314844
s,2734.716797,2.441932921
s,2745.483398,-1.111696257
s,2756.25,2.640708549
s,2767.016602,-0.328860765
s,2777.783203,-1.108013181
s,2788.549805,9.092429734
s,2799.316406,5.747841367
s,2810.083008,2.919101966
s,2820.849609,3.950288341
s,2831.616211,-2.139070124
s,2842.382813,2.986383465
s,2853.149414,5.935632357
s,2863.916016,2.105996739
s,2874.682617,6.059758993
s,2885.449219,-4.898754503
s,2896.21582,7.287320717
s,2906.982422,1.027156367
s,2917.749023,5.111236868
s,2928.515625,5.941696738
s,2939.282227,5.971016543
s,2950.048828,1.902290346
s,2960.81543,6.803983923
s,2971.582031,5.921920892
s,2982.348633,-8.50188207
s,2993.115234,7.887756728
s,3003.881836,0.11673334
s,3014.648438,7.412069505
s,3025.415039,1.541175702
s,3036.181641,-2.6774207
s,3046.948242,-0.755409351
s,3057.714844,4.992293235
s,3068.481445,-0.094578538
s,3079.248047,9.499581369
s,3090.014648,-9.723031163
s,3100.78125,3.578767176
s,3111.547852,-1.585061296
s,3122.314453,-0.482563279
s,3133.081055,3.773991252
s,3143.847656,9.608293475
s,3154.614258,-2.956507444
s,3165.380859,-5.337469163
s,3176.147461,6.986818811
s,3186.914063,7.288458097
s,3197.680664,-5.989997488
s,3208.447266,-2.397851015
s,3219.213867,5.071512775
s,3229.980469,5.03269191
s,3240.74707,-1.526722627
s,3251.513672,2.777213153
s,3262.280273,3.660883166
s,3273.046875,-3.733933832
s,3283.813477,-0.579445583
s,3294.580078,1.114247054
s,3305.34668,-8.453389843
s,3316.113281,-12.48008609
s,3326.879883,1.071318618
s,3337.646484,-1.759723176
s,3348.413086,2.51386049
s,3359.179688,-0.166207784
s,3369.946289,11.59049592
s,3380.712891,3.628437125
s,3391.479492,7.726665469
s,3402.246094,7.408322495
s,3413.012695,-1.022687701
s,3423.779297,-14.13430287
s,3434.545898,8.171314825
s,3445.3125,3.104094151
s,3456.079102,-7.655367479
s,3466.845703,-1.570360541
s,3477.612305,2.23219398
s,3488.378906,4.794434858
s,3499.145508,5.464622582
s,3509.912109,8.00634387
s,3520.678711,6.822468592
s,3531.445313,0.607058275
s,3542.211914,0.060349282
s,3552.978516,7.688969414
s,3563.745117,3.535779484
s,3574.511719,12.28458497
s,3585.27832,3.477488131
s,3596.044922,5.224649095
s,3606.811523,10.20883263
s,3617.578125,2.814468469
s,3628.344727,13.0709348
s,3639.111328,8.464553924
s,3649.87793,9.079404854
s,3660.644531,12.96155985
s,3671.411133,16.66417355
s,3682.177734,13.00545112
s,3692.944336,11.17735632
s,3703.710938,6.67852679
s,3714.477539,10.26085487
s,3725.244141,11.16175636
s,3736.010742,9.304459077
s,3746.777344,9.464797382
s,3757.543945,8.514851037
s,3768.310547,9.086522634
s,3779.077148,6.344892538
s,3789.84375,8.823978383
s,3800.610352,7.117312818
s,3811.376953,7.960937591
s,3822.143555,-0.753927216
s,3832.910156,0.009043344
s,3843.676758,2.105674447
s,3854.443359,5.48695361
s,3865.209961,0.029751747
s,3875.976563,2.850349223
s,3886.743164,-0.188227015
s,3897.509766,-4.238349962
s,3908.276367,2.23116359
s,3919.042969,1.330280387
s,3929.80957,-9.160650217
s,3940.576172,-2.889335763
s,3951.342773,8.124382816
s,3962.109375,1.557191144
s,3972.875977,3.910606552
s,3983.642578,-1.330198555
s,3994.40918,1.145628281
s,4005.175781,6.759397465
s,4015.942383,8.104134136
s,4026.708984,9.070096632
s,4037.475586,3.858989995
s,4048.242188,8.705187087
s,4059.008789,4.490795824
s,4069.775391,5.979006979
s,4080.541992,9.534839132
s,4091.308594,6.332216077
s,4102.075195,1.963761815
s,4112.841797,9.220267507
s,4123.608398,11.12186297
s,4134.375,12.05351853
s,4145.141602,10.03318222
s,4155.908203,9.219109504
s,4166.674805,13.29977554
s,4177.441406,12.16226272
s,4188.208008,14.59566329
s,4198.974609,-5.139568609
s,4209.741211,8.426286574
s,4220.507813,11.26730647
s,4231.274414,9.35738995
s,4242.041016,13.96253072
s,4252.807617,-2.416251592
s,4263.574219,2.827093137
s,4274.34082,2.506770132
s,4285.107422,4.984279158
s,4295.874023,-2.198648136
s,4306.640625,-0.733320009
s,4317.407227,14.5016744
s,4328.173828,1.737887293
s,4338.94043,16.51093964
s,4349.707031,15.22490533
s,4360.473633,13.71308235
s,4371.240234,9.807986635
s,4382.006836,13.08829196
s,4392.773438,12.46865449
s,4403.540039,-2.824182166
s,4414.306641,9.024880342
s,4425.073242,17.01950826
s,4435.839844,12.84244294
s,4446.606445,-5.521662873
s,4457.373047,15.51136613
s,4468.139648,14.06126274
s,4478.90625,7.642134651
s,4489.672852,16.4447901
s,4500.439453,14.40696929
s,4511.206055,16.94154684
s,4521.972656,16.3793552
s,4532.739258,15.24919162
s,4543.505859,13.9226301
s,4554.272461,7.56409386
s,4565.039063,18.98104296
s,4575.805664,23.33139526
s,4586.572266,13.76052189
s,4597.338867,15.96281064
s,4608.105469,8.472108458
s,4618.87207,16.52330976
s,4629.638672,14.83746767
s,4640.405273,17.54538582
s,4651.171875,-2.476350923
s,4661.938477,1.73397702
s,4672.705078,15.03438061
s,4683.47168,18.31056523
s,4694.238281,17.8873946
s,4705.004883,19.2813318
s,4715.771484,11.65554171
s,4726.538086,9.978381199
s,4737.304688,15.94096264
s,4748.071289,22.60550065
s,4758.837891,22.3028526
s,4769.604492,14.97268687
s,4780.371094,20.05360625
s,4791.137695,12.44947947
s,4801.904297,16.5858438
s,4812.670898,23.19104112
s,4823.4375,9.453773091
s,4834.204102,11.54603965
s,4844.970703,13.82984697
s,4855.737305,10.51438845
s,4866.503906,16.09784097
s,4877.270508,15.41657519
s,4888.037109,17.83681633
s,4898.803711,8.18710208
s,4909.570313,23.90180707
s,4920.336914,19.55776555
s,4931.103516,7.320006578
s,4941.870117,17.04751371
s,4952.636719,15.38408874
s,4963.40332,21.2934228
s,4974.169922,17.90975345
s,4984.936523,20.78511372
s,4995.703125,26.04747772
s,5006.469727,18.28198109
s,5017.236328,9.517170034
s,5028.00293,1.472995106
s,5038.769531,17.94082284
s,5049.536133,20.87368556
s,5060.302734,17.64117296
s,5071.069336,16.50910268
s,5081.835938,22.55629452
s,5092.602539,12.08252406
s,5103.369141,19.91326576
s,5114.135742,9.228750183
s,5124.902344,6.504271951
s,5135.668945,14.18695441
s,5146.435547,7.237634343
s,5157.202148,14.94579816
s,5167.96875,18.86050792
s,5178.735352,19.25654095
s,5189.501953,4.339091283
s,5200.268555,12.86329486
s,5211.035156,1.820583675
s,5221.801758,-9.893810842
s,5232.568359,7.589358799
s,5243.334961,15.08954252
s,5254.101563,7.668967802
s,5264.868164,21.36179884
s,5275.634766,14.98137971
s,5286.401367,11.05722065
s,5297.167969,15.79450784
s,5307.93457,8.364650059
s,5318.701172,15.63950139
s,5329.467773,12.6552979
s,5340.234375,19.66225268
s,5351.000977,19.43392481
s,5361.767578,17.74250779
s,5372.53418,12.85864203
s,5383.300781,3.460260652
s,5394.067383,12.80278577
s,5404.833984,10.40764448
s,5415.600586,21.33029466
s,5426.367188,2.49692388
s,5437.133789,14.01242553
s,5447.900391,7.604529765
s,5458.666992,11.40877953
s,5469.433594,18.59160066
s,5480.200195,22.53016691
s,5490.966797,21.97811235
s,5501.733398,16.82437824
s,5512.5,3.876711064
s,5523.266602,13.16326845
s,5534.033203,17.80240244
s,5544.799805,22.90309166
s,5555.566406,18.33272116
s,5566.333008,11.87089179
s,5577.099609,18.59916101
s,5587.866211,14.25862577
s,5598.632813,12.04962627
s,5609.399414,12.53462621
s,5620.166016,18.68941016
s,5630.932617,15.68059065
s,5641.699219,11.47876397
s,5652.46582,9.259213856
s,5663.232422,-1.634746589
s,5673.999023,16.92993888
s,5684.765625,5.595583614
s,5695.532227,18.29538842
s,5706.298828,13.89477241
s,5717.06543,17.77786887
s,5727.832031,17.91262841
s,5738.598633,8.886665044
s,5749.365234,21.99386623
s,5760.131836,16.15139008
s,5770.898438,13.59830543
s,5781.665039,13.93520494
s,5792.431641,20.03351837
s,5803.198242,14.84925186
s,5813.964844,12.62583851
s,5824.731445,3.419627999
s,5835.498047,16.6693071
s,5846.264648,6.436516408
s,5857.03125,10.59896025
s,5867.797852,8.589951653
s,5878.564453,14.3074452
s,5889.331055,2.021018106
s,5900.097656,13.18586839
s,5910.864258,8.281233052
s,5921.630859,15.92816144
s,5932.397461,12.97082356
s,5943.164063,14.3699482
s,5953.930664,0.978602659
s,5964.697266,15.78292042
s,5975.463867,11.01947327
s,5986.230469,15.30837496
s,5996.99707,5.813888474
s,6007.763672,13.3439424
s,6018.530273,17.9781496
s,6029.296875,18.14768217
s,6040.063477,19.23199967
s,6050.830078,20.68542734
s,6061.59668,12.49878341
s,6072.363281,17.60247747
s,6083.129883,16.79277831
s,6093.896484,14.68420547
s,6104.663086,9.527511946
s,6115.429688,14.76076765
s,6126.196289,16.40613964
s,6136.962891,18.95415426
s,6147.729492,18.75948818
s,6158.496094,18.4302669
s,6169.262695,19.09625964
s,6180.029297,8.328803079
s,6190.795898,19.49524375
s,6201.5625,19.58111803
s,6212.329102,19.08903767
s,6223.095703,19.69462238
s,6233.862305,18.01613278
s,6244.628906,15.40388208
s,6255.395508,19.39334706
s,6266.162109,16.66519771
s,6276.928711,23.91752622
s,6287.695313,18.91667383
s,6298.461914,9.900025651
s,6309.228516,16.33114809
s,6319.995117,17.12341509
s,6330.761719,16.36530928
s,6341.52832,5.993499914
s,6352.294922,17.44924761
s,6363.061523,5.733063923
s,6373.828125,21.15498188
s,6384.594727,17.07955984
s,6395.361328,16.82862997
s,6406.12793,9.767657627
s,6416.894531,19.6376788
s,6427.661133,2.606132493
s,6438.427734,22.64527207
s,6449.194336,17.31865293
s,6459.960938,21.99828634
s,6470.727539,20.81165261
s,6481.494141,11.58654909
s,6492.260742,11.47338557
s,6503.027344,11.76530018
s,6513.793945,16.51771295
s,6524.560547,5.75694159
s,6535.327148,7.138781545
s,6546.09375,10.62929675
s,6556.860352,10.28172828
s,6567.626953,8.825012448
s,6578.393555,15.11546509
s,6589.160156,9.657090361
s,6599.926758,16.28562708
s,6610.693359,16.88248871
s,6621.459961,22.22274395
s,6632.226563,2.522133168
s,6642.993164,6.188905244
s,6653.759766,8.069911343
s,6664.526367,13.16834937
s,6675.292969,11.10575608
s,6686.05957,12.52869705
s,6696.826172,15.67174993
s,6707.592773,17.44483646
s,6718.359375,18.33300461
s,6729.125977,19.4418274
s,6739.892578,9.524047318
s,6750.65918,19.09438053
s,6761.425781,15.75729608
s,6772.192383,13.81007014
s,6782.958984,13.86002828
s,6793.725586,8.273982701
s,6804.492188,14.16658708
s,6815.258789,16.91854149
s,6826.025391,22.79842368
s,6836.791992,21.78758357
s,6847.558594,22.35872347
s,6858.325195,12.10885579
s,6869.091797,20.85636802
s,6879.858398,18.15210689
s,6890.625,19.64677937
s,6901.391602,10.30516584
s,6912.158203,22.81504511
s,6922.924805,7.397426599
s,6933.691406,15.74445577
s,6944.458008,17.99258865
s,6955.224609,16.09170101
s,6965.991211,3.66446903
s,6976.757813,19.57286859
s,6987.524414,15.83465319
s,6998.291016,15.88685695
s,7009.057617,21.75531844
s,7019.824219,17.81693122
s,7030.59082,15.83193745
s,7041.357422,14.88267968
s,7052.124023,17.57633579
s,7062.890625,13.98159294
s,7073.657227,9.895539612
s,7084.423828,12.47920374
s,7095.19043,11.40630907
s,7105.957031,10.34866902
s,7116.723633,17.12352756
s,7127.490234,-3.582798303
s,7138.256836,17.95328593
s,7149.023438,16.6375661
s,7159.790039,19.51931119
s,7170.556641,15.22427095
s,7181.323242,13.72540032
s,7192.089844,20.70109893
s,7202.856445,5.45858937
s,7213.623047,23.2558766
s,7224.389648,25.65720795
s,7235.15625,22.06271913
s,7245.922852,22.83943433
s,7256.689453,24.29715252
s,7267.456055,8.744387939
s,7278.222656,18.75707664
s,7288.989258,17.04715349
s,7299.755859,16.49556144
s,7310.522461,9.665790956
s,7321.289063,16.17124116
s,7332.055664,18.22964551
s,7342.822266,11.94484947
s,7353.588867,24.14176074
s,7364.355469,17.37195273
s,7375.12207,18.198387
s,7385.888672,17.11125482
s,7396.655273,14.06257069
s,7407.421875,17.80765958
s,7418.188477,27.04427914
s,7428.955078,13.45120139
s,7439.72168,18.05766983
s,7450.488281,10.58418083
s,7461.254883,12.89748438
s,7472.021484,7.475800789
s,7482.788086,24.29940977
s,7493.554688,14.60317904
s,7504.321289,4.323408986
s,7515.087891,14.18078726
s,7525.854492,23.26240388
s,7536.621094,10.03709502
s,7547.387695,18.8039881
s,7558.154297,16.58126081
s,7568.920898,18.38906911
s,7579.6875,18.61686705
s,7590.454102,7.880885319
s,7601.220703,20.01286785
s,7611.987305,18.21930711
s,7622.753906,6.246718461
s,7633.520508,18.09132088
s,7644.287109,14.43123325
s,7655.053711,7.915165773
s,7665.820313,13.31583798
s,7676.586914,21.04296165
s,7687.353516,14.74980436
s,7698.120117,16.63218509
s,7708.886719,18.68452587
s,7719.65332,12.269216
s,7730.419922,13.48300823
s,7741.186523,5.507434009
s,7751.953125,11.02847395
s,7762.719727,20.76973609
s,7773.486328,22.27424906
s,7784.25293,19.08224978
s,7795.019531,23.5790427
s,7805.786133,25.14088229
s,7816.552734,17.34192353
s,7827.319336,24.88988859
s,7838.085938,24.55363544
s,7848.852539,16.53293108
s,7859.619141,18.66993244
s,7870.385742,24.85404887
s,7881.152344,17.02692141
s,7891.918945,21.49158521
s,7902.685547,1.074384842
s,7913.452148,13.27106875
s,7924.21875,21.48787411
s,7934.985352,16.22258555
s,7945.751953,26.62005056
s,7956.518555,24.79311904
s,7967.285156,20.00773516
s,7978.051758,25.88444525
s,7988.818359,5.967054092
s,7999.584961,21.1421647
s,8010.351563,18.64286829
s,8021.118164,21.01224915
s,8031.884766,19.57430315
s,8042.651367,20.13581566
s,8053.417969,21.50728381
s,8064.18457,22.28500692
s,8074.951172,24.13887378
s,8085.717773,24.45579286
s,8096.484375,18.73728817
s,8107.250977,21.55729001
s,8118.017578,14.18254464
s,8128.78418,13.11232686
s,8139.550781,14.42134732
s,8150.317383,-3.605402064
s,8161.083984,15.43344281
s,8171.850586,17.48958486
s,8182.617188,20.25414403
s,8193.383789,18.46029691
s,8204.150391,17.52784795
s,8214.916992,16.9107764
s,8225.683594,22.58525694
s,8236.450195,19.77690192
s,8247.216797,16.76478037
s,8257.983398,15.31853439
s,8268.75,21.3983494
s,8279.516602,16.3905164
s,8290.283203,21.80678958
s,8301.049805,9.248786454
s,8311.816406,15.12397945
s,8322.583008,12.37250849
s,8333.349609,25.04328794
s,8344.116211,16.55401379
s,8354.882813,23.39127101
s,8365.649414,25.64939395
s,8376.416016,27.68481678
s,8387.182617,18.21054233
s,8397.949219,23.10973906
s,8408.71582,25.21727861
s,8419.482422,20.09035518
s,8430.249023,22.43589331
s,8441.015625,23.52926517
s,8451.782227,24.30585388
s,8462.548828,22.44687449
s,8473.31543,12.10212174
s,8484.082031,16.36727159
s,8494.848633,17.87781763
s,8505.615234,17.01516784
s,8516.381836,21.37903855
s,8527.148438,7.477115314
s,8537.915039,17.79958431
s,8548.681641,11.43636413
s,8559.448242,19.74595069
s,8570.214844,14.93213924
s,8580.981445,26.75427626
s,8591.748047,27.63502536
s,8602.514648,21.82674062
s,8613.28125,27.7920042
s,8624.047852,25.08785128
s,8634.814453,27.21247477
s,8645.581055,14.66145613
s,8656.347656,24.83420573
s,8667.114258,6.090224338
s,8677.880859,20.92078294
s,8688.647461,25.42773029
s,8699.414063,26.55213661
s,8710.180664,23.78456287
s,8720.947266,22.28179622
s,8731.713867,28.76336034
s,8742.480469,29.51310025
s,8753.24707,23.60562533
s,8764.013672,14.44689549
s,8774.780273,23.75397485
s,8785.546875,26.78029116
s,8796.313477,20.48770934
s,8807.080078,20.73546362
s,8817.84668,24.34197369
s,8828.613281,23.22529938
s,8839.379883,25.69501268
s,8850.146484,23.21341996
s,8860.913086,26.71014719
s,8871.679688,25.83546748
s,8882.446289,27.04162982
s,8893.212891,19.34675558
s,8903.979492,10.58122886
s,8914.746094,24.10321356
s,8925.512695,24.34894345
s,8936.279297,23.69050453
s,8947.045898,22.19271569
s,8957.8125,24.35425423
s,8968.579102,11.37665636
s,8979.345703,9.809970669
s,8990.112305,25.09027749
s,9000.878906,21.18229854
s,9011.645508,16.07318611
s,9022.412109,25.95331083
s,9033.178711,22.43743307
s,9043.945313,25.23972322
s,9054.711914,12.54086359
s,9065.478516,26.49755206
s,9076.245117,19.23557846
s,9087.011719,23.29056954
s,9097.77832,25.62820027
s,9108.544922,30.4987861
s,9119.311523,32.65753188
s,9130.078125,23.27783177
s,9140.844727,24.78653599
s,9151.611328,16.79262333
s,9162.37793,26.63079659
s,9173.144531,25.27497499
s,9183.911133,15.01857281
s,9194.677734,5.644179921
s,9205.444336,16.58432832
s,9216.210938,24.3322953
s,9226.977539,11.06584208
s,9237.744141,21.00068265
s,9248.510742,19.57763539
s,9259.277344,20.87581389
s,9270.043945,20.22967828
s,9280.810547,24.06251749
s,9291.577148,18.35602387
s,9302.34375,17.69677996
s,9313.110352,25.39882662
s,9323.876953,11.34762765
s,9334.643555,16.30474804
s,9345.410156,22.55888619
s,9356.176758,2.589923565
s,9366.943359,19.04470874
s,9377.709961,21.16979023
s,9388.476563,22.06530269
s,9399.243164,13.95221779
s,9410.009766,13.58915312
s,9420.776367,14.04808146
s,9431.542969,23.58507074
s,9442.30957,20.43147118
s,9453.076172,28.07113622
s,9463.842773,18.00069161
s,9474.609375,24.66676134
s,9485.375977,24.69595532
s,9496.142578,18.3460616
s,9506.90918,24.93110548
s,9517.675781,18.65189574
s,9528.442383,20.93107568
s,9539.208984,16.53500859
s,9549.975586,11.13041099
s,9560.742188,23.66127155
s,9571.508789,23.94793238
s,9582.275391,22.7891309
s,9593.041992,24.55590149
s,9603.808594,18.05000009
s,9614.575195,24.74477105
s,9625.341797,24.43562023
s,9636.108398,16.73213666
s,9646.875,17.09507221
s,9657.641602,14.5078995
s,9668.408203,13.34560859
s,9679.174805,21.12307505
s,9689.941406,23.09906363
s,9700.708008,19.7197188
s,9711.474609,22.40247048
s,9722.241211,23.53650647
s,9733.007813,19.81507074
s,9743.774414,18.70181487
s,9754.541016,18.64651784
s,9765.307617,26.48754064
s,9776.074219,27.08934823
s,9786.84082,23.23053444
s,9797.607422,21.80997245
s,9808.374023,20.79114789
s,9819.140625,19.55957909
s,9829.907227,6.126904994
s,9840.673828,3.987248931
s,9851.44043,19.98378785
s,9862.207031,22.44629409
s,9872.973633,23.19694476
s,9883.740234,28.78538149
s,9894.506836,20.90582334
s,9905.273438,26.37060711
s,9916.040039,20.41842787
s,9926.806641,18.19396248
s,9937.573242,20.07609445
s,9948.339844,12.63305828
s,9959.106445,19.53221764
s,9969.873047,13.65313484
s,9980.639648,9.359972716
s,9991.40625,19.09285957
s,10002.17285,19.49067661
s,10012.93945,6.342617102
s,10023.70605,22.3723242
s,10034.47266,11.55927568
s,10045.23926,14.26015256
s,10056.00586,12.12319971
s,10066.77246,21.97790324
s,10077.53906,26.60984101
s,10088.30566,20.21846264
s,10099.07227,22.84953184
s,10109.83887,14.99061777
s,10120.60547,23.31810621
s,10131.37207,23.17762178
s,10142.13867,22.29172312
s,10152.90527,25.06539305
s,10163.67188,12.70662574
s,10174.43848,20.93928789
s,10185.20508,0.281907093
s,10195.97168,21.05170822
s,10206.73828,24.55501507
s,10217.50488,15.89873035
s,10228.27148,26.83697245
s,10239.03809,22.27397227
s,10249.80469,13.72478254
s,10260.57129,15.22115011
s,10271.33789,10.17319503
s,10282.10449,18.95131458
s,10292.87109,18.22984536
s,10303.6377,14.99085875
s,10314.4043,14.89219737
s,10325.1709,22.87809184
s,10335.9375,17.0017257
s,10346.7041,16.8048606
s,10357.4707,15.57018014
s,10368.2373,20.66568963
s,10379.00391,28.86640624
s,10389.77051,10.4090513
s,10400.53711,5.947948092
s,10411.30371,19.96164051
s,10422.07031,20.2820343
s,10432.83691,15.54042424
s,10443.60352,23.24105641
s,10454.37012,22.47926729
s,10465.13672,18.63187031
s,10475.90332,21.66081655
s,10486.66992,25.76697706
s,10497.43652,21.70279894
s,10508.20313,12.15383905
s,10518.96973,18.91897786
s,10529.73633,13.69411501
s,10540.50293,15.0816674
s,10551.26953,-1.765534931
s,10562.03613,16.12760002
s,10572.80273,12.39041708
s,10583.56934,21.15245417
s,10594.33594,13.86130824
s,10605.10254,14.67509349
s,10615.86914,24.40957533
s,10626.63574,13.36387784
s,10637.40234,18.05038884
s,10648.16895,6.410921163
s,10658.93555,19.56758559
s,10669.70215,13.98160365
s,10680.46875,3.798281805
s,10691.23535,16.44873935
s,10702.00195,19.43349387
s,10712.76855,22.18008297
s,10723.53516,18.63696266
s,10734.30176,9.452940694
s,10745.06836,12.50628629
s,10755.83496,21.83542793
s,10766.60156,21.00478845
s,10777.36816,16.53767568
s,10788.13477,4.737038495
s,10798.90137,16.63396406
s,10809.66797,15.05197181
s,10820.43457,17.3588496
s,10831.20117,21.32948738
s,10841.96777,21.2415306
s,10852.73438,16.77041647
s,10863.50098,11.5256716
s,10874.26758,15.61774096
s,10885.03418,7.566420353
s,10895.80078,19.64548335
s,10906.56738,15.13377339
s,10917.33398,13.69635226
s,10928.10059,3.534170791
s,10938.86719,22.78297285
s,10949.63379,20.70300211
s,10960.40039,19.71797433
s,10971.16699,24.34702973
s,10981.93359,12.48912665
s,10992.7002,15.22719462
s,11003.4668,18.61210969
s,11014.2334,10.75637801
s,11025,13.16906214
s,11035.7666,22.76968138
s,11046.5332,20.29997253
s,11057.2998,-2.070725254
s,11068.06641,19.20094611
s,11078.83301,17.33481072
s,11089.59961,20.08242606
s,11100.36621,22.18050336
s,11111.13281,17.84348832
s,11121.89941,23.13771425
s,11132.66602,25.32440666
s,11143.43262,20.71476227
s,11154.19922,22.0020082
s,11164.96582,10.52623664
s,11175.73242,17.80645366
s,11186.49902,12.13308238
s,11197.26563,20.61896692
s,11208.03223,12.95803082
s,11218.79883,17.00947216
s,11229.56543,16.54739386
s,11240.33203,17.24642329
s,11251.09863,19.28714018
s,11261.86523,12.24727006
s,11272.63184,5.718280215
s,11283.39844,8.274483311
s,11294.16504,21.44619763
s,11304.93164,10.79358994
s,11315.69824,16.94050475
s,11326.46484,17.98264403
s,11337.23145,23.82182048
s,11347.99805,14.76005555
s,11358.76465,9.90018325
s,11369.53125,13.58294928
s,11380.29785,17.32097257
s,11391.06445,18.57499307
s,11401.83105,17.00551731
s,11412.59766,16.93695874
s,11423.36426,6.148978903
s,11434.13086,6.441518573
s,11444.89746,-3.269162371
s,11455.66406,9.298363165
s,11466.43066,6.099125641
s,11477.19727,13.42895295
s,11487.96387,6.545017924
s,11498.73047,16.54673235
s,11509.49707,15.97426912
s,11520.26367,13.63089247
s,11531.03027,17.03171548
s,11541.79688,7.528649361
s,11552.56348,16.30780376
s,11563.33008,12.44288784
s,11574.09668,5.54392835
s,11584.86328,9.401345538
s,11595.62988,9.967522374
s,11606.39648,11.4728683
s,11617.16309,15.08423998
s,11627.92969,13.34882881
s,11638.69629,12.32555188
s,11649.46289,19.69158764
s,11660.22949,16.82928503
s,11670.99609,16.45665791
s,11681.7627,4.529924837
s,11692.5293,16.92971891
s,11703.2959,16.33884092
s,11714.0625,9.723990724
s,11724.8291,13.8578299
s,11735.5957,13.34900065
s,11746.3623,9.613737795
s,11757.12891,15.82676516
s,11767.89551,5.966247244
s,11778.66211,13.54840725
s,11789.42871,11.41279829
s,11800.19531,10.55194182
s,11810.96191,17.66466256
s,11821.72852,13.76536787
s,11832.49512,10.85822905
s,11843.26172,15.72015684
s,11854.02832,-5.663371421
s,11864.79492,12.23192747
s,11875.56152,11.67398367
s,11886.32813,18.04032971
s,11897.09473,18.77074625
s,11907.86133,20.29294105
s,11918.62793,18.65046114
s,11929.39453,7.8990268
s,11940.16113,-1.222703496
s,11950.92773,7.926749703
s,11961.69434,3.4513564
s,11972.46094,9.58721003
s,11983.22754,4.534099028
s,11993.99414,-0.375893103
s,12004.76074,6.650815417
s,12015.52734,-12.20886446
s,12026.29395,-3.139362058
s,12037.06055,10.67056327
s,12047.82715,7.469344025
s,12058.59375,-2.319167224
s,12069.36035,8.16280196
s,12080.12695,10.98809755
s,12090.89355,10.89999013
s,12101.66016,10.09556222
s,12112.42676,6.535518874
s,12123.19336,15.15791391
s,12133.95996,-2.168182481
s,12144.72656,0.11106966
s,12155.49316,6.573124346
s,12166.25977,9.534095329
s,12177.02637,7.599648083
s,12187.79297,12.99475219
s,12198.55957,11.22869561
s,12209.32617,11.97077961
s,12220.09277,11.38993933
s,12230.85938,5.050625745
s,12241.62598,0.825716144
s,12252.39258,12.47945045
s,12263.15918,-10.86306823
s,12273.92578,7.504331394
s,12284.69238,1.324779617
s,12295.45898,8.020581579
s,12306.22559,10.11259338
s,12316.99219,5.949470074
s,12327.75879,10.73177759
s,12338.52539,-5.777403982
s,12349.29199,12.4090121
s,12360.05859,-10.71689047
s,12370.8252,3.125721641
s,12381.5918,-3.441890159
s,12392.3584,4.464972543
s,12403.125,4.67050762
s,12413.8916,2.121150358
s,12424.6582,6.656866266
s,12435.4248,5.918865407
s,12446.19141,-4.544831041
s,12456.95801,9.505652973
s,12467.72461,11.03267575
s,12478.49121,6.178963615
s,12489.25781,4.459443649
s,12500.02441,12.24400063
s,12510.79102,5.018621782
s,12521.55762,3.040280095
s,12532.32422,6.209836569
s,12543.09082,-8.136497609
s,12553.85742,-0.494197488
s,12564.62402,0.701390398
s,12575.39063,5.542926048
s,12586.15723,1.908528602
s,12596.92383,6.462409778
s,12607.69043,-8.511673778
s,12618.45703,10.08925181
s,12629.22363,-6.326774951
s,12639.99023,5.540773738
s,12650.75684,9.009179278
s,12661.52344,-0.578652368
s,12672.29004,8.299671677
s,12683.05664,12.35973178
s,12693.82324,11.8726037
s,12704.58984,14.2859131
s,12715.35645,14.18902348
s,12726.12305,9.118997782
s,12736.88965,3.85013357
s,12747.65625,2.170280375
s,12758.42285,-6.863629786
s,12769.18945,1.850575575
s,12779.95605,5.229941859
s,12790.72266,2.148724801
s,12801.48926,8.642475955
s,12812.25586,-5.137329599
s,12823.02246,-2.693122465
s,12833.78906,-3.195482847
s,12844.55566,0.255873543
s,12855.32227,1.034277907
s,12866.08887,4.147804762
s,12876.85547,8.12059013
s,12887.62207,4.804950449
s,12898.38867,-16.92862274
s,12909.15527,-0.698360917
s,12919.92188,-3.220674366
s,12930.68848,5.570015898
s,12941.45508,7.800233455
s,12952.22168,10.97717031
s,12962.98828,12.83280635
s,12973.75488,8.169698771
s,12984.52148,-0.045407246
s,12995.28809,11.08495499
s,13006.05469,3.638975395
s,13016.82129,2.242971407
s,13027.58789,5.34967102
s,13038.35449,2.956244332
s,13049.12109,6.097343784
s,13059.8877,4.91885522
s,13070.6543,4.202310253
s,13081.4209,-6.625631193
s,13092.1875,1.871581411
s,13102.9541,4.219159068
s,13113.7207,11.11555797
s,13124.4873,-3.437962751
s,13135.25391,9.389653177
s,13146.02051,15.48754066
s,13156.78711,8.447913346
s,13167.55371,4.120505209
s,13178.32031,7.784109736
s,13189.08691,7.990303482
s,13199.85352,-1.672222881
s,13210.62012,4.16565736
s,13221.38672,-7.494801401
s,13232.15332,3.603899695
s,13242.91992,7.502304231
s,13253.68652,12.60351299
s,13264.45313,10.5535343
s,13275.21973,-0.718347339
s,13285.98633,3.755784669
s,13296.75293,6.401714099
s,13307.51953,-2.73554545
s,13318.28613,9.829667701
s,13329.05273,11.14256647
s,13339.81934,1.955337702
s,13350.58594,7.796435407
s,13361.35254,4.725007138
s,13372.11914,4.865555807
s,13382.88574,8.200813025
s,13393.65234,5.596215884
s,13404.41895,2.758472092
s,13415.18555,-10.76547367
s,13425.95215,5.141631318
s,13436.71875,2.147248304
s,13447.48535,8.892748223
s,13458.25195,7.472364453
s,13469.01855,-24.42583562
s,13479.78516,5.6948035
s,13490.55176,8.738735575
s,13501.31836,-2.617718008
s,13512.08496,-3.866713043
s,13522.85156,-0.207587233
s,13533.61816,-7.062704922
s,13544.38477,8.962007512
s,13555.15137,-4.363340621
s,13565.91797,10.61181148
s,13576.68457,10.26444525
s,13587.45117,7.163136362
s,13598.21777,6.440195132
s,13608.98438,3.737742676
s,13619.75098,4.175249747
s,13630.51758,10.31432521
s,13641.28418,1.906196586
s,13652.05078,8.690711812
s,13662.81738,-16.73117153
s,13673.58398,7.278507236
s,13684.35059,9.927819138
s,13695.11719,5.280165339
s,13705.88379,1.371944443
s,13716.65039,1.411776662
s,13727.41699,4.271813245
s,13738.18359,9.816102784
s,13748.9502,6.009597278
s,13759.7168,7.9371579
s,13770.4834,4.389135685
s,13781.25,6.300206342
s,13792.0166,4.133387164
s,13802.7832,3.002748956
s,13813.5498,11.37510494
s,13824.31641,4.352307639
s,13835.08301,8.332701264
s,13845.84961,10.77110872
s,13856.61621,7.477202331
s,13867.38281,7.835229282
s,13878.14941,-6.320140527
s,13888.91602,7.70146873
s,13899.68262,7.840036949
s,13910.44922,4.615994414
s,13921.21582,7.520472794
s,13931.98242,-1.228512076
s,13942.74902,-3.297720489
s,13953.51563,7.329918796
s,13964.28223,2.539908698
s,13975.04883,12.68582761
s,13985.81543,2.517112144
s,13996.58203,5.583557683
s,14007.34863,2.631779765
s,14018.11523,7.865601766
s,14028.88184,6.942754767
s,14039.64844,3.870509556
s,14050.41504,5.425500487
s,14061.18164,-1.60177025
s,14071.94824,-15.49286408
s,14082.71484,2.865283435
s,14093.48145,-1.850749551
s,14104.24805,-0.378487763
s,14115.01465,-9.401267365
s,14125.78125,-1.664097076
s,14136.54785,4.720283406
s,14147.31445,0.262163216
s,14158.08105,9.589071814
s,14168.84766,1.006183721
s,14179.61426,0.537201434
s,14190.38086,-6.516900121
s,14201.14746,3.964185301
s,14211.91406,-0.404698971
s,14222.68066,5.159372216
s,14233.44727,-0.067738032
s,14244.21387,4.760511662
s,14254.98047,2.935328983
s,14265.74707,2.877006275
s,14276.51367,7.516037082
s,14287.28027,4.353203811
s,14298.04688,-20.03708819
s,14308.81348,-6.127519721
s,14319.58008,-0.823290349
s,14330.34668,-2.047465895
s,14341.11328,0.402085865
s,14351.87988,7.709804335
s,14362.64648,-4.671940492
s,14373.41309,8.169740849
s,14384.17969,8.578118729
s,14394.94629,11.7007202
s,14405.71289,9.466442734
s,14416.47949,2.615898478
s,14427.24609,-0.002333323
s,14438.0127,-4.364793562
s,14448.7793,-7.039236798
s,14459.5459,8.55280114
s,14470.3125,4.967598727
s,14481.0791,7.46680909
s,14491.8457,12.9236114
s,14502.6123,9.087912435
s,14513.37891,7.774631335
s,14524.14551,11.88142056
s,14534.91211,10.15979068
s,14545.67871,5.845433796
s,14556.44531,1.429002762
s,14567.21191,-2.320049566
s,14577.97852,3.701942369
s,14588.74512,-6.082080226
s,14599.51172,4.882907311
s,14610.27832,4.480266965
s,14621.04492,2.876766655
s,14631.81152,-22.39118561
s,14642.57813,-1.84074992
s,14653.34473,-1.241627411
s,14664.11133,6.58284365
s,14674.87793,1.36263055
s,14685.64453,-3.353813329
s,14696.41113,2.909584489
s,14707.17773,8.499088165
s,14717.94434,8.866527003
s,14728.71094,-9.003909242
s,14739.47754,-0.168853612
s,14750.24414,8.110018659
s,14761.01074,-14.35351268
s,14771.77734,7.368698127
s,14782.54395,2.835237179
s,14793.31055,-1.901964622
s,14804.07715,-8.445652623
s,14814.84375,1.781515361
s,14825.61035,-8.046858861
s,14836.37695,-0.966360506
s,14847.14355,6.8060084
s,14857.91016,0.551140941
s,14868.67676,2.976067523
s,14879.44336,-2.159978826
s,14890.20996,7.034751028
s,14900.97656,6.193905656
s,14911.74316,3.422136434
s,14922.50977,-7.762383127
s,14933.27637,3.437284213
s,14944.04297,6.399427359
s,14954.80957,-12.16571264
s,14965.57617,7.687359332
s,14976.34277,6.555329162
s,14987.10938,1.971878937
s,14997.87598,5.99068727
s,15008.64258,-4.998503733
s,15019.40918,5.633189755
s,15030.17578,-0.469448455
s,15040.94238,-0.194463931
s,15051.70898,-2.569493049
s,15062.47559,-14.36949974
s,15073.24219,6.363780553
s,15084.00879,2.112075703
s,15094.77539,6.299026427
s,15105.54199,2.394861497
s,15116.30859,0.734219499
s,15127.0752,2.522827581
s,15137.8418,-1.124727861
s,15148.6084,0.607519991
s,15159.375,-3.812735685
s,15170.1416,3.214431035
s,15180.9082,-11.51211686
s,15191.6748,-6.522759297
s,15202.44141,-13.72220212
s,15213.20801,7.530975277
s,15223.97461,1.022937024
s,15234.74121,0.49537655
s,15245.50781,-8.485085119
s,15256.27441,3.091734946
s,15267.04102,1.194600064
s,15277.80762,4.082654102
s,15288.57422,8.125021909
s,15299.34082,11.12185293
s,15310.10742,3.740858253
s,15320.87402,5.540451786
s,15331.64063,4.411801084
s,15342.40723,1.653386381
s,15353.17383,4.422277057
s,15363.94043,0.365123966
s,15374.70703,-3.844242598
s,15385.47363,0.834418294
s,15396.24023,-19.84900932
s,15407.00684,0.182272075
s,15417.77344,-11.9140614
s,15428.54004,-4.792355933
s,15439.30664,3.685715438
s,15450.07324,1.191452685
s,15460.83984,-2.462065572
s,15471.60645,6.145898562
s,15482.37305,-7.402973045
s,15493.13965,-5.766661412
s,15503.90625,-1.336457779
s,15514.67285,2.266023095
s,15525.43945,0.880453628
s,15536.20605,-6.48201767
s,15546.97266,5.925292958
s,15557.73926,0.461992733
s,15568.50586,3.825584182
s,15579.27246,3.716709633
s,15590.03906,3.926848716
s,15600.80566,2.262737085
s,15611.57227,9.140969918
s,15622.33887,6.154512993
s,15633.10547,-17.67146957
s,15643.87207,3.419952539
s,15654.63867,6.793880869
s,15665.40527,2.117471687
s,15676.17188,3.276284141
s,15686.93848,4.474082789
s,15697.70508,0.312465369
s,15708.47168,0.808208083
s,15719.23828,-5.280331834
s,15730.00488,7.827962462
s,15740.77148,4.429534227
s,15751.53809,4.2556341
s,15762.30469,1.257658506
s,15773.07129,-0.539801266
s,15783.83789,-0.524232069
s,15794.60449,-2.445722276
s,15805.37109,-1.667701063
s,15816.1377,3.91574437
s,15826.9043,-8.981356592
s,15837.6709,-1.022918888
s,15848.4375,5.70228829
s,15859.2041,1.015911386
s,15869.9707,-5.388985708
s,15880.7373,-1.701790142
s,15891.50391,-4.90838099
s,15902.27051,0.567291238
s,15913.03711,-1.483432119
s,15923.80371,3.045205909
s,15934.57031,-0.647928067
s,15945.33691,2.605839548
s,15956.10352,5.635876127
s,15966.87012,-0.552840365
s,15977.63672,-0.4847165
s,15988.40332,-0.945797091
s,15999.16992,4.133208779
s,16009.93652,1.69603339
s,16020.70313,-4.810424047
s,16031.46973,1.83714783
s,16042.23633,-6.236580057
s,16053.00293,7.583716227
s,16063.76953,-7.74352762
s,16074.53613,4.471225296
s,16085.30273,1.258092984
s,16096.06934,4.162005148
s,16106.83594,4.156416819
s,16117.60254,-4.072652576
s,16128.36914,-4.62335809
s,16139.13574,-15.85051373
s,16149.90234,1.497991663
s,16160.66895,-7.355413729
s,16171.43555,1.034646234
s,16182.20215,0.095087591
s,16192.96875,-0.792251021
s,16203.73535,-0.719957387
s,16214.50195,5.665064702
s,16225.26855,5.44896451
s,16236.03516,5.457835439
s,16246.80176,-0.500302683
s,16257.56836,-4.146215313
s,16268.33496,1.552973263
s,16279.10156,-3.620846245
s,16289.86816,-1.336956467
s,16300.63477,2.102498417
s,16311.40137,-4.12081627
s,16322.16797,-1.311466067
s,16332.93457,1.435807689
s,16343.70117,-6.753297509
s,16354.46777,0.004945534
s,16365.23438,2.485839034
s,16376.00098,-0.718250505
s,16386.76758,-2.357858869
s,16397.53418,3.514611989
s,16408.30078,-1.489003196
s,16419.06738,6.009754987
s,16429.83398,-10.84666899
s,16440.60059,-2.386695292
s,16451.36719,-29.44414567
s,16462.13379,0.687989164
s,16472.90039,-4.147000377
s,16483.66699,0.893835497
s,16494.43359,-15.78871909
s,16505.2002,-10.62426759
s,16515.9668,-2.683034308
s,16526.7334,2.091531907
s,16537.5,-6.245549307
s,16548.2666,3.600700126
s,16559.0332,-9.062746415
s,16569.7998,-0.042566902
s,16580.56641,0.774332815
s,16591.33301,5.219280229
s,16602.09961,-9.103306365
s,16612.86621,2.194922901
s,16623.63281,-1.512626167
s,16634.39941,-8.375169202
s,16645.16602,-9.537051045
s,16655.93262,-11.13947276
s,16666.69922,-3.699118224
s,16677.46582,-8.197113808
s,16688.23242,-3.086141578
s,16698.99902,-5.91483318
s,16709.76563,3.836159595
s,16720.53223,0.982960729
s,16731.29883,2.541055758
s,16742.06543,-4.143991952
s,16752.83203,-8.107195434
s,16763.59863,-18.76278296
s,16774.36523,-1.262031692
s,16785.13184,-0.630266951
s,16795.89844,-0.57421264
s,16806.66504,-3.103669721
s,16817.43164,-3.398373882
s,16828.19824,0.185681729
s,16838.96484,0.890196955
s,16849.73145,-4.806467009
s,16860.49805,-11.5042012
s,16871.26465,-4.036896367
s,16882.03125,-9.429233443
s,16892.79785,-5.432162756
s,16903.56445,-4.701568036
s,16914.33105,1.247901993
s,16925.09766,-11.04362582
s,16935.86426,-5.60322277
s,16946.63086,-2.143841562
s,16957.39746,-3.395258984
s,16968.16406,4.411239744
s,16978.93066,-2.738721852
s,16989.69727,-3.987586513
s,17000.46387,-15.44203814
s,17011.23047,-6.818626787
s,17021.99707,-7.05265901
s,17032.76367,-8.185681054
s,17043.53027,1.749904918
s,17054.29688,-0.812938565
s,17065.06348,-0.712945325
s,17075.83008,-4.268910876
s,17086.59668,5.19114615
s,17097.36328,5.170984293
s,17108.12988,0.565006694
s,17118.89648,0.590227589
s,17129.66309,-9.675056368
s,17140.42969,-1.366405104
s,17151.19629,-1.045994831
s,17161.96289,5.295371456
s,17172.72949,6.01491743
s,17183.49609,-3.861883296
s,17194.2627,-3.794877415
s,17205.0293,-28.30824051
s,17215.7959,-7.417236069
s,17226.5625,-6.930324472
s,17237.3291,-1.243329012
s,17248.0957,0.887989296
s,17258.8623,-7.474889518
s,17269.62891,2.55972527
s,17280.39551,-9.316244042
s,17291.16211,-1.220782821
s,17301.92871,-2.592890454
s,17312.69531,-6.085030172
s,17323.46191,-7.266434179
s,17334.22852,-14.52585255
s,17344.99512,-13.0617529
s,17355.76172,5.39102295
s,17366.52832,-7.60333055
s,17377.29492,4.406178316
s,17388.06152,-7.917534804
s,17398.82813,5.063728773
s,17409.59473,-3.572639319
s,17420.36133,5.707107647
s,17431.12793,-3.741479456
s,17441.89453,-11.7676448
s,17452.66113,6.853950194
s,17463.42773,-16.02695494
s,17474.19434,-6.337250341
s,17484.96094,-0.721699103
s,17495.72754,-7.940986195
s,17506.49414,-7.355578176
s,17517.26074,-4.435998697
s,17528.02734,5.223710071
s,17538.79395,-1.11882108
s,17549.56055,-5.744457
s,17560.32715,-3.816261139
s,17571.09375,-7.268280075
s,17581.86035,-26.96574187
s,17592.62695,-0.761190208
s,17603.39355,5.149573464
s,17614.16016,2.756811411
s,17624.92676,2.620606781
s,17635.69336,-1.192801987
s,17646.45996,-7.817103325
s,17657.22656,-30.3413284
s,17667.99316,3.955314056
s,17678.75977,-3.53801701
s,17689.52637,-4.578768568
s,17700.29297,-2.342941947
s,17711.05957,-16.83436451
s,17721.82617,-1.789225532
s,17732.59277,-0.635619014
s,17743.35938,-12.77120979
s,17754.12598,-5.763235742
s,17764.89258,-6.145845965
s,17775.65918,-2.742419287
s,17786.42578,3.495761378
s,17797.19238,0.12607765
s,17807.95898,-3.58845331
s,17818.72559,-0.005855312
s,17829.49219,-0.786039428
s,17840.25879,3.991755417
s,17851.02539,-0.527599073
s,17861.79199,-1.036906011
s,17872.55859,2.279269896
s,17883.3252,3.443502652
s,17894.0918,2.128302724
s,17904.8584,0.318272992
s,17915.625,-8.730234589
s,17926.3916,-6.496551303
s,17937.1582,0.312894261
s,17947.9248,0.602684387
s,17958.69141,-22.43325126
s,17969.45801,-22.30031115
s,17980.22461,1.731248511
s,17990.99121,-8.30713778
s,18001.75781,1.603637388
s,18012.52441,4.610802665
s,18023.29102,5.203815599
s,18034.05762,4.666671209
s,18044.82422,-6.686840772
s,18055.59082,-1.381781099
s,18066.35742,0.191268973
s,18077.12402,-3.796559557
s,18087.89063,-8.992091764
s,18098.65723,2.166329985
s,18109.42383,1.006705004
s,18120.19043,-8.586940463
s,18130.95703,-7.367230065
s,18141.72363,-3.143550825
s,18152.49023,-17.88487093
s,18163.25684,-5.41663457
s,18174.02344,-1.777207636
s,18184.79004,-1.397425817
s,18195.55664,-10.78596778
s,18206.32324,1.447729802
s,18217.08984,-5.323763683
s,18227.85645,-5.232031852
s,18238.62305,1.465541825
s,18249.38965,-2.026896414
s,18260.15625,-5.876456924
s,18270.92285,-8.071565183
s,18281.68945,-0.407305823
s,18292.45605,-7.165573551
s,18303.22266,3.526741919
s,18313.98926,-5.086501816
s,18324.75586,-6.013553119
s,18335.52246,-3.983244069
s,18346.28906,-4.647670362
s,18357.05566,-1.192052187
s,18367.82227,-9.146825246
s,18378.58887,-15.46196889
s,18389.35547,-2.355649082
s,18400.12207,-11.32393718
s,18410.88867,-6.975285628
s,18421.65527,-13.88084069
s,18432.42188,-5.166025583
s,18443.18848,-0.265848831
s,18453.95508,0.961869447
s,18464.72168,-22.91993215
s,18475.48828,-7.547796792
s,18486.25488,-3.108739736
s,18497.02148,-3.815250908
s,18507.78809,-3.552097701
s,18518.55469,-1.032191446
s,18529.32129,-5.826591085
s,18540.08789,-7.115761119
s,18550.85449,-1.111374663
s,18561.62109,-7.518054765
s,18572.3877,-12.33779015
s,18583.1543,1.085058243
s,18593.9209,-3.343316014
s,18604.6875,-1.645462896
s,18615.4541,-4.230358284
s,18626.2207,-3.065429335
s,18636.9873,-20.0585936
s,18647.75391,-5.524144857
s,18658.52051,-3.222643904
s,18669.28711,-14.59715885
s,18680.05371,-4.109859317
s,18690.82031,-1.304926368
s,18701.58691,-0.355648367
s,18712.35352,0.515937198
s,18723.12012,-2.668225517
s,18733.88672,-7.842154825
s,18744.65332,2.121779565
s,18755.41992,-9.380737019
s,18766.18652,-8.236498905
s,18776.95313,-10.58815331
s,18787.71973,-3.311670911
s,18798.48633,-0.002568079
s,18809.25293,-15.51176214
s,18820.01953,-6.359681211
s,18830.78613,-2.578038198
s,18841.55273,-3.090842606
s,18852.31934,-6.830344494
s,18863.08594,-12.64793988
s,18873.85254,-1.589809319
s,18884.61914,-5.806045421
s,18895.38574,-6.023826649
s,18906.15234,-5.555181329
s,18916.91895,-8.920351154
s,18927.68555,-25.79781987
s,18938.45215,-13.60634039
s,18949.21875,-1.334628265
s,18959.98535,-10.8200305
s,18970.75195,-6.007069226
s,18981.51855,0.543986519
s,18992.28516,-0.55155994
s,19003.05176,-4.946350638
s,19013.81836,-3.84584188
s,19024.58496,-4.366358981
s,19035.35156,-8.295577658
s,19046.11816,-10.38047517
s,19056.88477,-3.087532705
s,19067.65137,-10.11796998
s,19078.41797,-8.573143062
s,19089.18457,-9.900111635
s,19099.95117,-7.073360418
s,19110.71777,-2.238827826
s,19121.48438,-17.58899502
s,19132.25098,-6.364227057
s,19143.01758,-8.852184612
s,19153.78418,-13.34894148
s,19164.55078,-1.854450081
s,19175.31738,-11.79779757
s,19186.08398,-8.35542991
s,19196.85059,-8.09892208
s,19207.61719,-1.761999909
s,19218.38379,-9.231987993
s,19229.15039,-2.453682451
s,19239.91699,-5.363868226
s,19250.68359,-5.74340252
s,19261.4502,-2.290053724
s,19272.2168,-7.647082097
s,19282.9834,-5.552827687
s,19293.75,-9.170746036
s,19304.5166,-5.025053014
s,19315.2832,-10.70203751
s,19326.0498,-23.76153441
s,19336.81641,-16.55851604
s,19347.58301,-7.348753564
s,19358.34961,-13.18590108
s,19369.11621,-1.938278273
s,19379.88281,-1.260073302
s,19390.64941,-14.32134537
s,19401.41602,-7.807254259
s,19412.18262,-11.30368474
s,19422.94922,1.388150819
s,19433.71582,-3.394945365
s,19444.48242,-7.862699942
s,19455.24902,-9.857954327
s,19466.01563,-3.69230448
s,19476.78223,-5.80382298
s,19487.54883,-5.126664654
s,19498.31543,-16.0623079
s,19509.08203,-1.11761952
s,19519.84863,-4.014850291
s,19530.61523,0.222209546
s,19541.38184,-6.626118247
s,19552.14844,-8.765311848
s,19562.91504,-5.329670779
s,19573.68164,-8.825305811
s,19584.44824,-7.660763463
s,19595.21484,-14.06662063
s,19605.98145,-14.47614132
s,19616.74805,-1.39888703
s,19627.51465,-2.106349197
s,19638.28125,-16.78983065
s,19649.04785,-17.07827784
s,19659.81445,-7.988254983
s,19670.58105,-4.847840217
s,19681.34766,-9.071732702
s,19692.11426,-11.69658526
s,19702.88086,-15.35219456
s,19713.64746,-9.855256174
s,19724.41406,-23.79859334
s,19735.18066,-12.52288107
s,19745.94727,-0.981067702
s,19756.71387,-12.30391498
s,19767.48047,-2.746875306
s,19778.24707,-10.93565811
s,19789.01367,-9.586476092
s,19799.78027,-1.512484854
s,19810.54688,-14.63206159
s,19821.31348,-1.334885454
s,19832.08008,-9.520608852
s,19842.84668,-3.082928529
s,19853.61328,-1.539837432
s,19864.37988,1.925962878
s,19875.14648,-9.715435099
s,19885.91309,-6.177077302
s,19896.67969,-17.14595104
s,19907.44629,-3.799307909
s,19918.21289,-16.69319988
s,19928.97949,-4.536224536
s,19939.74609,-14.84883404
s,19950.5127,-11.43152365
s,19961.2793,-7.163538303
s,19972.0459,-6.608411611
s,19982.8125,-2.077442801
s,19993.5791,-4.706125404
s,20004.3457,-13.77526072
s,20015.1123,-11.16589534
s,20025.87891,-6.987087646
s,20036.64551,-14.05704474
s,20047.41211,-17.91672608
s,20058.17871,-11.39966273
s,20068.94531,-8.306562124
s,20079.71191,-1.83466745
s,20090.47852,-13.06119556
s,20101.24512,-2.704142817
s,20112.01172,-4.962834538
s,20122.77832,-2.441563596
s,20133.54492,-4.610950066
s,20144.31152,-9.600172033
s,20155.07813,-5.593414729
s,20165.84473,-23.76690267
s,20176.61133,-5.969251577
s,20187.37793,-4.881162137
s,20198.14453,-12.38595979
s,20208.91113,-10.84448702
s,20219.67773,-11.41390009
s,20230.44434,-10.99960492
s,20241.21094,-14.49637857
s,20251.97754,-8.119028901
s,20262.74414,-10.10847575
s,20273.51074,-8.935660135
s,20284.27734,-19.69440851
s,20295.04395,-9.325116463
s,20305.81055,-8.064823123
s,20316.57715,-4.255740099
s,20327.34375,-10.69049392
s,20338.11035,-5.677842494
s,20348.87695,-0.52346426
s,20359.64355,-10.35888629
s,20370.41016,-10.91329844
s,20381.17676,-9.962003856
s,20391.94336,-8.434074553
s,20402.70996,-10.95911595
s,20413.47656,-3.914815121
s,20424.24316,-12.41577238
s,20435.00977,-4.480236598
s,20445.77637,-10.80648457
s,20456.54297,-17.09581172
s,20467.30957,-6.419217546
s,20478.07617,-3.513572839
s,20488.84277,-10.30780938
s,20499.60938,-8.743549631
s,20510.37598,-8.694592969
s,20521.14258,-6.300390334
s,20531.90918,-4.857844835
s,20542.67578,-4.543228691
s,20553.44238,-2.870630214
s,20564.20898,-9.274976175
s,20574.97559,-10.52110262
s,20585.74219,-15.44184295
s,20596.50879,-6.214210369
s,20607.27539,-4.070848786
s,20618.04199,-6.389826359
s,20628.80859,-17.64323276
s,20639.5752,-8.482299628
s,20650.3418,-7.554320561
s,20661.1084,-23.2713024
s,20671.875,-15.44263939
s,20682.6416,-21.96119822
s,20693.4082,-5.580111779
s,20704.1748,-11.41564188
s,20714.94141,-6.703389472
s,20725.70801,-8.752035698
s,20736.47461,-5.771539634
s,20747.24121,-1.919122791
s,20758.00781,-10.10624756
s,20768.77441,-6.607104873
s,20779.54102,-7.240016018
s,20790.30762,-9.425925193
s,20801.07422,-9.124051479
s,20811.84082,-1.09067738
s,20822.60742,-2.749740805
s,20833.37402,-16.5810639
s,20844.14063,-0.04261942
s,20854.90723,-7.646932141
s,20865.67383,-6.180340342
s,20876.44043,-10.14859772
s,20887.20703,-8.737851042
s,20897.97363,-6.95699848
s,20908.74023,-13.93213814
s,20919.50684,-3.31825376
s,20930.27344,-3.194162337
s,20941.04004,-12.98723825
s,20951.80664,-5.122725405
s,20962.57324,-6.701988415
s,20973.33984,-5.668405605
s,20984.10645,-2.42809533
s,20994.87305,1.100491907
s,21005.63965,-9.858133604
s,21016.40625,-4.244663044
s,21027.17285,-9.347193053
s,21037.93945,-5.019868367
s,21048.70605,-6.786367938
s,21059.47266,-3.482609365
s,21070.23926,-6.758697583
s,21081.00586,-9.535687406
s,21091.77246,-16.14643076
s,21102.53906,-3.130143311
s,21113.30566,-6.873948778
s,21124.07227,-15.77208788
s,21134.83887,-5.975361727
s,21145.60547,-4.457830305
s,21156.37207,-13.17499961
s,21167.13867,-7.948229763
s,21177.90527,-10.16527715
s,21188.67188,-19.49452215
s,21199.43848,-8.170678502
s,21210.20508,-11.10255724
s,21220.97168,-20.26286851
s,21231.73828,-9.47204827
s,21242.50488,-8.542924011
s,21253.27148,-4.708891707
s,21264.03809,-3.360636256
s,21274.80469,-2.708404202
s,21285.57129,-12.09897684
s,21296.33789,-12.66544362
s,21307.10449,-7.487991692
s,21317.87109,-4.276362059
s,21328.6377,-6.722151035
s,21339.4043,-4.796974413
s,21350.1709,-20.38666484
s,21360.9375,-6.224809376
s,21371.7041,-0.492614663
s,21382.4707,-0.992245923
s,21393.2373,1.712740613
s,21404.00391,-21.75078978
s,21414.77051,-6.580887293
s,21425.53711,-5.729050664
s,21436.30371,-4.834350954
s,21447.07031,-15.99196169
s,21457.83691,-1.348130797
s,21468.60352,-4.622989013
s,21479.37012,-6.145189502
s,21490.13672,-5.422776397
s,21500.90332,-3.680650027
s,21511.66992,-2.018026609
s,21522.43652,-7.412149908
s,21533.20313,-9.971126676
s,21543.96973,-5.573588294
s,21554.73633,-12.36241528
s,21565.50293,-7.482511237
s,21576.26953,-3.238110554
s,21587.03613,1.098769653
s,21597.80273,-6.302272911
s,21608.56934,-18.40368732
s,21619.33594,-4.669067646
s,21630.10254,-0.409238613
s,21640.86914,2.291522282
s,21651.63574,1.434520286
s,21662.40234,-6.869218612
s,21673.16895,-2.503518291
s,21683.93555,-2.060509771
s,21694.70215,-1.738190692
s,21705.46875,0.063775853
s,21716.23535,-2.096648172
s,21727.00195,-1.258501398
s,21737.76855,-6.993385238
s,21748.53516,-1.705292005
s,21759.30176,-2.54577865
s,21770.06836,-6.309978637
s,21780.83496,-1.332516805
s,21791.60156,-0.822987689
s,21802.36816,0.656775372
s,21813.13477,1.936420102
s,21823.90137,-2.45763991
s,21834.66797,-5.090896013
s,21845.43457,-6.453578723
s,21856.20117,1.455115542
s,21866.96777,-1.607151616
s,21877.73438,-5.330236869
s,21888.50098,-7.261870208
s,21899.26758,-4.294169092
s,21910.03418,-6.653592605
s,21920.80078,-6.390923132
s,21931.56738,-22.70781218
s,21942.33398,-5.902502805
s,21953.10059,-2.078624075
s,21963.86719,-2.243938638
s,21974.63379,0.700390141
s,21985.40039,-1.290207802
s,21996.16699,-7.042214071
s,22006.93359,-0.532314424
s,22017.7002,-7.793837255
s,22028.4668,-7.477252579
s,22039.2334,-3.288720893
s,22050,2.68370531
??,0,1.433890939
??,5.383300781,10.99176611
??,10.76660156,12.96119437
??,16.14990234,3.837533747
??,21.53320313,19.55143074
??,26.91650391,20.00885258
??,32.29980469,21.81581765
??,37.68310547,20.10938038
??,43.06640625,20.77262702
??,48.44970703,12.2269855
??,53.83300781,21.3808412
??,59.21630859,17.74464571
??,64.59960938,23.49277553
??,69.98291016,23.91355652
??,75.36621094,21.6902709
??,80.74951172,18.6600001
??,86.1328125,20.96765659
??,91.51611328,19.90142737
??,96.89941406,14.29759238
??,102.2827148,21.38174146
??,107.6660156,5.218719965
??,113.0493164,19.72898388
??,118.4326172,18.99255415
??,123.815918,21.84043617
??,129.1992188,7.795984244
??,134.5825195,16.54752625
??,139.9658203,17.25039905
??,145.3491211,16.45923574
??,150.7324219,19.59589472
??,156.1157227,18.63914269
??,161.4990234,18.4876706
??,166.8823242,17.15818153
??,172.265625,14.54269181
??,177.6489258,17.98522677
??,183.0322266,20.7001997
??,188.4155273,17.82117773
??,193.7988281,5.3193006
??,199.1821289,20.17158243
??,204.5654297,20.08717236
??,209.9487305,20.73533374
??,215.3320313,18.06438928
??,220.715332,8.365712598
??,226.0986328,19.47046849
??,231.4819336,15.48281691
??,236.8652344,19.93438835
??,242.2485352,17.64808939
??,247.6318359,10.5009244
??,253.0151367,12.95670625
??,258.3984375,1.376498546
??,263.7817383,14.67637619
??,269.1650391,9.631567169
??,274.5483398,17.98276148
??,279.9316406,15.04511164
??,285.3149414,19.05450199
??,290.6982422,21.37938577
??,296.081543,17.68827098
??,301.4648438,20.95269923
??,306.8481445,-2.237238211
??,312.2314453,22.95248847
??,317.6147461,20.17788761
??,322.9980469,21.97683649
??,328.3813477,21.32766781
??,333.7646484,2.575897693
??,339.1479492,16.85267131
??,344.53125,18.00243168
??,349.9145508,15.30820684
??,355.2978516,24.63672382
??,360.6811523,26.35396003
??,366.0644531,26.46163887
??,371.4477539,19.08611403
??,376.8310547,27.16449687
??,382.2143555,25.66534237
??,387.5976563,18.99218067
??,392.980957,21.63595197
??,398.3642578,27.16177364
??,403.7475586,22.55230035
??,409.1308594,17.47550705
??,414.5141602,20.44692233
??,419.8974609,4.01536792
??,425.2807617,24.04746232
??,430.6640625,21.48232842
??,436.0473633,21.40377886
??,441.4306641,23.903795
??,446.8139648,17.23638452
??,452.1972656,22.30574475
??,457.5805664,18.59082205
??,462.9638672,11.8260176
??,468.347168,9.966075751
??,473.7304688,21.68784019
??,479.1137695,7.917622874
??,484.4970703,20.2257284
??,489.8803711,16.24104103
??,495.2636719,27.73126736
??,500.6469727,23.16134535
??,506.0302734,22.62337231
??,511.4135742,20.81182421
??,516.796875,9.659587417
??,522.1801758,8.015939054
??,527.5634766,15.05861049
??,532.9467773,7.438273024
??,538.3300781,19.40237316
??,543.7133789,18.5522655
??,549.0966797,17.18897645
??,554.4799805,15.12842506
??,559.8632813,19.51385641
??,565.246582,13.90631334
??,570.6298828,19.78994958
??,576.0131836,18.74965694
??,581.3964844,18.83390207
??,586.7797852,19.73325765
??,592.1630859,19.40378336
??,597.5463867,22.05079101
??,602.9296875,21.12352744
??,608.3129883,22.77285315
??,613.6962891,22.17969585
??,619.0795898,22.22943867
??,624.4628906,18.00553228
??,629.8461914,18.18743495
??,635.2294922,5.75550899
??,640.612793,9.424315218
??,645.9960938,10.08268707
??,651.3793945,14.70278967
??,656.7626953,14.23253864
??,662.1459961,17.20277594
??,667.5292969,21.3033627
??,672.9125977,14.75350702
??,678.2958984,18.25947215
??,683.6791992,18.4155984
??,689.0625,22.53579485
??,694.4458008,18.7067226
??,699.8291016,22.61589308
??,705.2124023,21.66428257
??,710.5957031,5.110340226
??,715.9790039,8.820756047
??,721.3623047,12.46421106
??,726.7456055,17.73261456
??,732.1289063,13.51219875
??,737.512207,13.73883578
??,742.8955078,14.33219234
??,748.2788086,19.60005685
??,753.6621094,14.81411885
??,759.0454102,11.08148297
??,764.4287109,15.38116895
??,769.8120117,11.90321289
??,775.1953125,16.09784361
??,780.5786133,18.20442044
??,785.9619141,16.23802734
??,791.3452148,20.43033867
??,796.7285156,13.81444423
??,802.1118164,17.29106415
??,807.4951172,17.44536335
??,812.878418,11.69969192
??,818.2617188,19.20194707
??,823.6450195,18.47828306
??,829.0283203,16.78857628
??,834.4116211,17.83711216
??,839.7949219,12.51133569
??,845.1782227,-3.586818053
??,850.5615234,16.70045655
??,855.9448242,18.21779337
??,861.328125,11.16333548
??,866.7114258,17.31447115
??,872.0947266,22.62569937
??,877.4780273,10.39431411
??,882.8613281,20.78062959
??,888.2446289,13.49531782
??,893.6279297,18.9868486
??,899.0112305,19.21141158
??,904.3945313,17.65051341
??,909.777832,9.409547479
??,915.1611328,15.93186161
??,920.5444336,17.93449045
??,925.9277344,14.12800707
??,931.3110352,-4.797372096
??,936.6943359,4.49489878
??,942.0776367,14.57609187
??,947.4609375,17.64211551
??,952.8442383,13.9126454
??,958.2275391,13.9709102
??,963.6108398,9.346005627
??,968.9941406,14.63068456
??,974.3774414,16.65390457
??,979.7607422,14.74083909
??,985.144043,17.13045878
??,990.5273438,17.98141211
??,995.9106445,12.01156963
??,1001.293945,17.26031019
??,1006.677246,19.83173705
??,1012.060547,19.87204276
??,1017.443848,15.78892756
??,1022.827148,19.46777138
??,1028.210449,16.28054697
??,1033.59375,21.23136545
??,1038.977051,-2.640908925
??,1044.360352,13.50095006
??,1049.743652,2.585694293
??,1055.126953,2.438399185
??,1060.510254,14.16886561
??,1065.893555,13.27354098
??,1071.276855,8.591319258
??,1076.660156,12.48980207
??,1082.043457,10.36925964
??,1087.426758,12.50631239
??,1092.810059,15.0574768
??,1098.193359,11.21923813
??,1103.57666,17.0095925
??,1108.959961,15.67528697
??,1114.343262,7.080139231
??,1119.726563,-0.897988412
??,1125.109863,7.094370917
??,1130.493164,14.28810846
??,1135.876465,12.74058529
??,1141.259766,5.657888275
??,1146.643066,14.57208533
??,1152.026367,11.78488653
??,1157.409668,8.018467385
??,1162.792969,16.95549229
??,1168.17627,19.30889733
??,1173.55957,17.69322068
??,1178.942871,7.200561174
??,1184.326172,15.13424316
??,1189.709473,5.563300504
??,1195.092773,18.57892837
??,1200.476074,17.52371381
??,1205.859375,15.27045538
??,1211.242676,10.89768032
??,1216.625977,10.08038519
??,1222.009277,13.70817083
??,1227.392578,5.955970256
??,1232.775879,13.5000605
??,1238.15918,16.46245144
??,1243.54248,18.87569827
??,1248.925781,17.6142469
??,1254.309082,17.35853239
??,1259.692383,15.09333291
??,1265.075684,15.23988472
??,1270.458984,14.16664412
??,1275.842285,9.423354939
??,1281.225586,17.77270111
??,1286.608887,14.35371557
??,1291.992188,12.6675974
??,1297.375488,12.44154733
??,1302.758789,3.144558036
??,1308.14209,4.373436216
??,1313.525391,-2.520976916
??,1318.908691,13.18110657
??,1324.291992,14.88022105
??,1329.675293,12.01071603
??,1335.058594,15.78164126
??,1340.441895,12.73280186
??,1345.825195,13.1211169
??,1351.208496,13.88326128
??,1356.591797,16.06283784
??,1361.975098,16.76899826
??,1367.358398,14.4170264
??,1372.741699,10.87397531
??,1378.125,9.415323728
??,1383.508301,8.866479901
??,1388.891602,10.37364064
??,1394.274902,11.30973888
??,1399.658203,9.936492366
??,1405.041504,3.294657826
??,1410.424805,11.99821432
??,1415.808105,10.12112736
??,1421.191406,7.818558652
??,1426.574707,10.15958416
??,1431.958008,14.83216634
??,1437.341309,7.8252221
??,1442.724609,15.54440507
??,1448.10791,12.78243522
??,1453.491211,10.54437106
??,1458.874512,4.400373809
??,1464.257813,19.5881006
??,1469.641113,21.12868034
??,1475.024414,20.6058002
??,1480.407715,15.97793209
??,1485.791016,16.66202784
??,1491.174316,16.76981884
??,1496.557617,8.292896863
??,1501.940918,17.13955899
??,1507.324219,14.49769988
??,1512.70752,16.80000111
??,1518.09082,18.93858556
??,1523.474121,10.71335477
??,1528.857422,21.52670517
??,1534.240723,20.11596017
??,1539.624023,17.0134771
??,1545.007324,9.891238847
??,1550.390625,7.322753207
??,1555.773926,0.916853107
??,1561.157227,18.89261421
??,1566.540527,21.86322016
??,1571.923828,15.56572648
??,1577.307129,6.488357315
??,1582.69043,11.45801787
??,1588.07373,1.657608968
??,1593.457031,15.26193861
??,1598.840332,6.750242651
??,1604.223633,19.68741611
??,1609.606934,21.7983144
??,1614.990234,7.688919731
??,1620.373535,13.14325089
??,1625.756836,16.4279732
??,1631.140137,16.73383648
??,1636.523438,9.456582287
??,1641.906738,4.830048707
??,1647.290039,13.27242807
??,1652.67334,14.48982285
??,1658.056641,1.854404981
??,1663.439941,11.31663057
??,1668.823242,12.24670504
??,1674.206543,2.436999462
??,1679.589844,6.816916115
??,1684.973145,5.677905043
??,1690.356445,16.1650698
??,1695.739746,16.52990194
??,1701.123047,23.26543949
??,1706.506348,24.80322085
??,1711.889648,18.8112046
??,1717.272949,20.85888263
??,1722.65625,12.58082846
??,1728.039551,20.59358437
??,1733.422852,23.7948166
??,1738.806152,20.68917339
??,1744.189453,17.96410358
??,1749.572754,9.790701648
??,1754.956055,17.28126209
??,1760.339355,15.23209389
??,1765.722656,16.36455672
??,1771.105957,19.31695811
??,1776.489258,20.55908754
??,1781.872559,22.07991847
??,1787.255859,11.93365821
??,1792.63916,17.31993984
??,1798.022461,16.84862688
??,1803.405762,22.05199041
??,1808.789063,21.08099618
??,1814.172363,18.46932834
??,1819.555664,25.93618854
??,1824.938965,19.53102754
??,1830.322266,18.90368356
??,1835.705566,2.42047785
??,1841.088867,21.24308178
??,1846.472168,20.08368379
??,1851.855469,7.085158438
??,1857.23877,11.58642084
??,1862.62207,9.774990016
??,1868.005371,10.32296796
??,1873.388672,16.52074241
??,1878.771973,15.8515656
??,1884.155273,14.7740679
??,1889.538574,13.82070368
??,1894.921875,9.493880682
??,1900.305176,15.12755436
??,1905.688477,15.5693738
??,1911.071777,11.48513131
??,1916.455078,17.5224718
??,1921.838379,15.29934576
??,1927.22168,15.13239596
??,1932.60498,9.130706323
??,1937.988281,12.93192759
??,1943.371582,8.470233578
??,1948.754883,11.6947889
??,1954.138184,15.45452306
??,1959.521484,5.117023779
??,1964.904785,17.01328629
??,1970.288086,21.56434604
??,1975.671387,20.20319269
??,1981.054688,-2.070343932
??,1986.437988,17.62936988
??,1991.821289,10.12009997
??,1997.20459,8.248983498
??,2002.587891,10.23005549
??,2007.971191,19.40841625
??,2013.354492,21.89899198
??,2018.737793,14.52751284
??,2024.121094,19.86033929
??,2029.504395,24.50010487
??,2034.887695,23.94157946
??,2040.270996,16.54050273
??,2045.654297,15.89394082
??,2051.037598,18.03859656
??,2056.420898,14.32538521
??,2061.804199,13.92768969
??,2067.1875,20.30120019
??,2072.570801,14.19978421
??,2077.954102,10.5773782
??,2083.337402,17.41992985
??,2088.720703,25.04024938
??,2094.104004,25.86184013
??,2099.487305,26.28861735
??,2104.870605,23.1708177
??,2110.253906,23.17483604
??,2115.637207,26.17176106
??,2121.020508,19.04077627
??,2126.403809,12.06217867
??,2131.787109,19.80200932
??,2137.17041,26.14624856
??,2142.553711,28.35358542
??,2147.937012,27.54755491
??,2153.320313,22.0842475
??,2158.703613,18.71097589
??,2164.086914,21.21756791
??,2169.470215,6.500937285
??,2174.853516,21.17843761
??,2180.236816,26.52379411
??,2185.620117,29.59581586
??,2191.003418,30.21502278
??,2196.386719,28.59486573
??,2201.77002,28.24872007
??,2207.15332,28.87574711
??,2212.536621,27.71692318
??,2217.919922,23.3440116
??,2223.303223,26.82378609
??,2228.686523,27.58086119
??,2234.069824,22.0766388
??,2239.453125,23.06559643
??,2244.836426,25.35838027
??,2250.219727,26.24472135
??,2255.603027,23.93860586
??,2260.986328,22.52358606
??,2266.369629,24.81502309
??,2271.75293,25.62715538
??,2277.13623,19.83383364
??,2282.519531,15.98233957
??,2287.902832,24.6192301
??,2293.286133,20.79559225
??,2298.669434,26.5507609
??,2304.052734,34.55776407
??,2309.436035,33.68002962
??,2314.819336,34.1037593
??,2320.202637,39.1255187
??,2325.585938,36.95345013
??,2330.969238,24.75189131
??,2336.352539,25.33322861
??,2341.73584,24.76264174
??,2347.119141,28.80011073
??,2352.502441,23.10343343
??,2357.885742,12.93110129
??,2363.269043,27.43370888
??,2368.652344,33.70012811
??,2374.035645,34.27243066
??,2379.418945,33.51430568
??,2384.802246,30.02807653
??,2390.185547,32.41360984
??,2395.568848,32.18334193
??,2400.952148,26.41585497
??,2406.335449,28.49054705
??,2411.71875,31.78104556
??,2417.102051,32.75018794
??,2422.485352,33.00783611
??,2427.868652,33.94076977
??,2433.251953,20.2077675
??,2438.635254,37.06664292
??,2444.018555,34.78167926
??,2449.401855,31.57098922
??,2454.785156,36.8147783
??,2460.168457,33.28035229
??,2465.551758,26.1558532
??,2470.935059,31.23020718
??,2476.318359,29.84638926
??,2481.70166,31.14274591
??,2487.084961,26.68541787
??,2492.468262,27.7951849
??,2497.851563,28.33107318
??,2503.234863,21.84472504
??,2508.618164,26.0092034
??,2514.001465,32.91967209
??,2519.384766,32.98900157
??,2524.768066,23.73230089
??,2530.151367,14.52122462
??,2535.534668,31.4573548
??,2540.917969,36.94842428
??,2546.30127,34.88263489
??,2551.68457,23.03578246
??,2557.067871,27.93045341
??,2562.451172,32.35832889
??,2567.834473,32.17060161
??,2573.217773,28.52757672
??,2578.601074,24.04728193
??,2583.984375,17.37988387
??,2589.367676,20.85442952
??,2594.750977,22.7438339
??,2600.134277,28.36351383
??,2605.517578,32.85135777
??,2610.900879,23.38902723
??,2616.28418,27.74585619
??,2621.66748,28.2538446
??,2627.050781,28.18495745
??,2632.434082,28.78017643
??,2637.817383,25.97134219
??,2643.200684,29.34114208
??,2648.583984,27.28161785
??,2653.967285,31.19541096
??,2659.350586,32.9385626
??,2664.733887,27.76527957
??,2670.117188,22.52560277
??,2675.500488,18.31558529
??,2680.883789,19.86053563
??,2686.26709,24.75029878
??,2691.650391,24.50464461
??,2697.033691,24.82196429
??,2702.416992,28.30823834
??,2707.800293,28.02021718
??,2713.183594,23.6233415
??,2718.566895,20.42368372
??,2723.950195,20.89293243
??,2729.333496,25.99542592
??,2734.716797,29.08059547
??,2740.100098,24.28167916
??,2745.483398,20.46696115
??,2750.866699,21.84631201
??,2756.25,20.59385849
??,2761.633301,25.09593144
??,2767.016602,25.85097643
??,2772.399902,22.27301406
??,2777.783203,20.47508257
??,2783.166504,15.6661562
??,2788.549805,24.93929547
??,2793.933105,25.58599231
??,2799.316406,28.63124788
??,2804.699707,28.00538943
??,2810.083008,25.15307944
??,2815.466309,18.03769972
??,2820.849609,15.38037605
??,2826.23291,15.14339866
??,2831.616211,20.76055109
??,2836.999512,24.47692012
??,2842.382813,23.51500939
??,2847.766113,23.01538331
??,2853.149414,23.10453427
??,2858.532715,19.98752346
??,2863.916016,12.84769599
??,2869.299316,2.42328556
??,2874.682617,14.82581314
??,2880.065918,20.4457875
??,2885.449219,16.32658709
??,2890.83252,15.63734087
??,2896.21582,17.21289253
??,2901.599121,17.95301408
??,2906.982422,17.86891962
??,2912.365723,22.51454407
??,2917.749023,21.66344589
??,2923.132324,8.15764722
??,2928.515625,24.87895387
??,2933.898926,26.53237446
??,2939.282227,22.94234394
??,2944.665527,23.43469506
??,2950.048828,20.42663322
??,2955.432129,7.475944135
??,2960.81543,6.117680539
??,2966.19873,20.70977928
??,2971.582031,21.96792465
??,2976.965332,24.31324623
??,2982.348633,27.45511021
??,2987.731934,28.25986193
??,2993.115234,24.31985389
??,2998.498535,21.81154886
??,3003.881836,27.6482733
??,3009.265137,28.90678911
??,3014.648438,21.37547688
??,3020.031738,23.00993349
??,3025.415039,23.11805117
??,3030.79834,8.945599701
??,3036.181641,24.1190632
??,3041.564941,24.95373683
??,3046.948242,23.99272748
??,3052.331543,21.2011529
??,3057.714844,16.53738235
??,3063.098145,18.80101865
??,3068.481445,22.65230203
??,3073.864746,25.85183097
??,3079.248047,26.50941633
??,3084.631348,20.89690378
??,3090.014648,19.57383352
??,3095.397949,26.47182051
??,3100.78125,29.12680947
??,3106.164551,28.45513071
??,3111.547852,29.43247913
??,3116.931152,27.54638114
??,3122.314453,21.08489581
??,3127.697754,23.16585801
??,3133.081055,10.3303303
??,3138.464355,20.27262532
??,3143.847656,22.05923441
??,3149.230957,15.05794717
??,3154.614258,8.95450489
??,3159.997559,11.45147801
??,3165.380859,15.28796815
??,3170.76416,-2.281038579
??,3176.147461,24.34759513
??,3181.530762,26.97451891
??,3186.914063,15.99245618
??,3192.297363,20.01935928
??,3197.680664,22.23883497
??,3203.063965,26.18298949
??,3208.447266,23.02547579
??,3213.830566,19.24279443
??,3219.213867,20.37388796
??,3224.597168,21.61826451
??,3229.980469,21.88572738
??,3235.36377,5.870407418
??,3240.74707,14.37370634
??,3246.130371,10.14859301
??,3251.513672,11.79459858
??,3256.896973,11.88464591
??,3262.280273,-0.858095481
??,3267.663574,10.64544934
??,3273.046875,21.81572136
??,3278.430176,24.36890067
??,3283.813477,19.85461052
??,3289.196777,18.88833085
??,3294.580078,19.19113426
??,3299.963379,17.45514033
??,3305.34668,18.67170614
??,3310.72998,16.32114072
??,3316.113281,23.58129358
??,3321.496582,14.91365212
??,3326.879883,23.24292167
??,3332.263184,23.5179765
??,3337.646484,17.692244
??,3343.029785,17.52302119
??,3348.413086,21.97403661
??,3353.796387,22.79964976
??,3359.179688,17.41900559
??,3364.562988,10.37207714
??,3369.946289,4.42942291
??,3375.32959,16.35944753
??,3380.712891,22.97667634
??,3386.096191,25.22698732
??,3391.479492,20.74551652
??,3396.862793,7.209576345
??,3402.246094,22.88686516
??,3407.629395,25.36901124
??,3413.012695,21.29292669
??,3418.395996,19.97432632
??,3423.779297,24.08586845
??,3429.162598,22.54134167
??,3434.545898,21.98947863
??,3439.929199,24.3219845
??,3445.3125,18.9636366
??,3450.695801,12.49853376
??,3456.079102,19.97265087
??,3461.462402,20.05258227
??,3466.845703,13.12973021
??,3472.229004,0.82158825
??,3477.612305,3.352253268
??,3482.995605,11.35299094
??,3488.378906,20.67705696
??,3493.762207,21.23517503
??,3499.145508,13.57283213
??,3504.528809,19.14664768
??,3509.912109,19.86519953
??,3515.29541,18.02233448
??,3520.678711,18.33794549
??,3526.062012,12.44672601
??,3531.445313,19.00881661
??,3536.828613,13.95732852
??,3542.211914,11.49682348
??,3547.595215,13.9104959
??,3552.978516,10.4662529
??,3558.361816,14.08072503
??,3563.745117,16.13773071
??,3569.128418,10.87069423
??,3574.511719,11.29430253
??,3579.89502,16.04228815
??,3585.27832,13.80347881
??,3590.661621,16.91109899
??,3596.044922,11.52067572
??,3601.428223,11.32987006
??,3606.811523,12.79720033
??,3612.194824,-4.2823575
??,3617.578125,15.82764471
??,3622.961426,16.82759077
??,3628.344727,8.964108161
??,3633.728027,8.94519692
??,3639.111328,12.15348992
??,3644.494629,14.14324009
??,3649.87793,14.20978193
??,3655.26123,20.81041035
??,3660.644531,21.96684144
??,3666.027832,19.78972706
??,3671.411133,17.49364886
??,3676.794434,10.85820379
??,3682.177734,9.738756103
??,3687.561035,19.81370356
??,3692.944336,21.21738069
??,3698.327637,18.24332866
??,3703.710938,13.5581341
??,3709.094238,14.6556517
??,3714.477539,17.44903655
??,3719.86084,12.82840376
??,3725.244141,14.28736453
??,3730.627441,12.58916849
??,3736.010742,13.70955801
??,3741.394043,16.24828079
??,3746.777344,16.29234927
??,3752.160645,18.56642823
??,3757.543945,18.97475169
??,3762.927246,18.19360494
??,3768.310547,16.95880678
??,3773.693848,14.81387752
??,3779.077148,16.01773553
??,3784.460449,14.84804541
??,3789.84375,10.05158046
??,3795.227051,11.32462513
??,3800.610352,12.51259072
??,3805.993652,15.82996405
??,3811.376953,15.2304426
??,3816.760254,1.273123903
??,3822.143555,10.37694527
??,3827.526855,6.609426451
??,3832.910156,18.27010325
??,3838.293457,19.17855309
??,3843.676758,19.09793109
??,3849.060059,19.62438661
??,3854.443359,17.18406809
??,3859.82666,10.74056743
??,3865.209961,11.81907914
??,3870.593262,7.861966389
??,3875.976563,-4.105885053
??,3881.359863,9.549378233
??,3886.743164,16.74290296
??,3892.126465,17.62361511
??,3897.509766,18.11985256
??,3902.893066,14.57024483
??,3908.276367,7.009201023
??,3913.659668,16.06580376
??,3919.042969,13.62328802
??,3924.42627,3.449127959
??,3929.80957,5.355854638
??,3935.192871,9.855283259
??,3940.576172,12.19271907
??,3945.959473,11.25513628
??,3951.342773,9.762154637
??,3956.726074,13.06552433
??,3962.109375,16.3836966
??,3967.492676,13.69874538
??,3972.875977,-2.18856044
??,3978.259277,-5.949437869
??,3983.642578,12.86367187
??,3989.025879,17.70722619
??,3994.40918,15.60907208
??,3999.79248,14.93224591
??,4005.175781,18.579448
??,4010.559082,19.64919636
??,4015.942383,20.02647081
??,4021.325684,19.83831538
??,4026.708984,17.1801576
??,4032.092285,9.348415907
??,4037.475586,-4.964610972
??,4042.858887,-3.7980922
??,4048.242188,0.841148348
??,4053.625488,4.896616738
??,4059.008789,-6.613408995
??,4064.39209,8.244265603
??,4069.775391,1.21577188
??,4075.158691,6.330346614
??,4080.541992,0.138829581
??,4085.925293,13.04300973
??,4091.308594,15.59512245
??,4096.691895,13.13673094
??,4102.075195,2.118921825
??,4107.458496,5.031865114
??,4112.841797,6.301644837
??,4118.225098,10.45814043
??,4123.608398,12.69107451
??,4128.991699,13.59641116
??,4134.375,11.70455191
??,4139.758301,5.956242064
??,4145.141602,-0.08289477
??,4150.524902,3.352311171
??,4155.908203,7.870500709
??,4161.291504,8.678706929
??,4166.674805,11.37777644
??,4172.058105,13.06470796
??,4177.441406,13.19082589
??,4182.824707,11.68911207
??,4188.208008,8.574229366
??,4193.591309,6.696412472
??,4198.974609,3.504853692
??,4204.35791,10.54846966
??,4209.741211,7.810150436
??,4215.124512,10.71574593
??,4220.507813,2.185300665
??,4225.891113,8.667897977
??,4231.274414,10.00750646
??,4236.657715,3.26005219
??,4242.041016,9.252602557
??,4247.424316,9.816654418
??,4252.807617,-0.980999361
??,4258.190918,-1.25569602
??,4263.574219,5.859965638
??,4268.95752,6.039935963
??,4274.34082,5.19404798
??,4279.724121,13.09837294
??,4285.107422,8.292413843
??,4290.490723,14.94321651
??,4295.874023,15.71164661
??,4301.257324,6.290951418
??,4306.640625,7.227298514
??,4312.023926,13.04227162
??,4317.407227,9.956992967
??,4322.790527,8.371761351
??,4328.173828,9.591312805
??,4333.557129,1.224677416
??,4338.94043,8.037841671
??,4344.32373,10.47513241
??,4349.707031,11.61946289
??,4355.090332,14.82569808
??,4360.473633,14.98224441
??,4365.856934,11.68558754
??,4371.240234,5.456378767
??,4376.623535,12.95629974
??,4382.006836,15.48762801
??,4387.390137,10.90779199
??,4392.773438,19.05224337
??,4398.156738,14.18453668
??,4403.540039,7.310145896
??,4408.92334,10.70606559
??,4414.306641,9.74154134
??,4419.689941,-4.107692376
??,4425.073242,8.014159148
??,4430.456543,4.682244525
??,4435.839844,9.000162661
??,4441.223145,11.9245858
??,4446.606445,14.68051145
??,4451.989746,13.01467801
??,4457.373047,15.64969991
??,4462.756348,15.53112498
??,4468.139648,4.995578778
??,4473.522949,5.939405299
??,4478.90625,6.428206652
??,4484.289551,-1.636728952
??,4489.672852,-0.789874673
??,4495.056152,1.804952659
??,4500.439453,8.869309018
??,4505.822754,8.23067804
??,4511.206055,-3.909355249
??,4516.589355,7.464198814
??,4521.972656,5.838732577
??,4527.355957,4.43400375
??,4532.739258,2.538993783
??,4538.122559,-2.375074315
??,4543.505859,10.2325508
??,4548.88916,9.936420835
??,4554.272461,8.832967767
??,4559.655762,9.949142353
??,4565.039063,7.87621748
??,4570.422363,3.135781137
??,4575.805664,4.663345803
??,4581.188965,8.521245755
??,4586.572266,7.742376055
??,4591.955566,12.19247077
??,4597.338867,15.71060775
??,4602.722168,10.62942561
??,4608.105469,3.01388975
??,4613.48877,7.400278093
??,4618.87207,8.092812656
??,4624.255371,8.674794997
??,4629.638672,3.361521358
??,4635.021973,-0.557508799
??,4640.405273,10.23759118
??,4645.788574,11.4926002
??,4651.171875,8.131742651
??,4656.555176,8.447779147
??,4661.938477,9.583122371
??,4667.321777,12.09357071
??,4672.705078,15.09528455
??,4678.088379,14.53507307
??,4683.47168,10.76673325
??,4688.85498,13.4487273
??,4694.238281,15.57435685
??,4699.621582,14.02744337
??,4705.004883,-1.639377675
??,4710.388184,8.546616513
??,4715.771484,4.682539264
??,4721.154785,7.040335193
??,4726.538086,12.40594381
??,4731.921387,12.35441773
??,4737.304688,8.840065195
??,4742.687988,2.528571477
??,4748.071289,11.85058993
??,4753.45459,12.15781662
??,4758.837891,7.386564063
??,4764.221191,13.33971926
??,4769.604492,12.26509496
??,4774.987793,1.398091863
??,4780.371094,7.607180124
??,4785.754395,7.219178557
??,4791.137695,3.306885963
??,4796.520996,-1.633914198
??,4801.904297,-5.450602558
??,4807.287598,-19.2680187
??,4812.670898,0.587949415
??,4818.054199,-5.326771338
??,4823.4375,-3.826224333
??,4828.820801,5.00219421
??,4834.204102,7.316805316
??,4839.587402,3.90034528
??,4844.970703,-2.984976714
??,4850.354004,2.692339106
??,4855.737305,8.520930766
??,4861.120605,1.113934481
??,4866.503906,9.820430143
??,4871.887207,14.53719344
??,4877.270508,12.45742624
??,4882.653809,8.425006019
??,4888.037109,4.03796221
??,4893.42041,-2.68461958
??,4898.803711,-3.906138541
??,4904.187012,1.608440844
??,4909.570313,6.556287218
??,4914.953613,12.75653686
??,4920.336914,15.16221237
??,4925.720215,9.294107187
??,4931.103516,7.783791068
??,4936.486816,11.36715255
??,4941.870117,-2.819582004
??,4947.253418,11.8987374
??,4952.636719,10.03514256
??,4958.02002,10.84865555
??,4963.40332,11.7280427
??,4968.786621,10.21940404
??,4974.169922,6.944050703
??,4979.553223,0.039910901
??,4984.936523,5.756521772
??,4990.319824,8.999101106
??,4995.703125,10.29095077
??,5001.086426,13.62840124
??,5006.469727,13.26583138
??,5011.853027,5.348475991
??,5017.236328,0.549767961
??,5022.619629,3.918076051
??,5028.00293,6.932535045
??,5033.38623,4.401741285
??,5038.769531,7.927958256
??,5044.152832,6.907592435
??,5049.536133,-4.56254689
??,5054.919434,5.274373788
??,5060.302734,3.063199971
??,5065.686035,2.712141529
??,5071.069336,11.5830452
??,5076.452637,11.31259679
??,5081.835938,-0.234116374
??,5087.219238,4.861121624
??,5092.602539,6.036107104
??,5097.98584,-1.334747991
??,5103.369141,3.389723979
??,5108.752441,7.611474011
??,5114.135742,7.006748799
??,5119.519043,1.499760127
??,5124.902344,-0.851665424
??,5130.285645,5.087765963
??,5135.668945,6.401628452
??,5141.052246,2.538162628
??,5146.435547,11.93982651
??,5151.818848,12.29652818
??,5157.202148,4.808059096
??,5162.585449,2.611898179
??,5167.96875,2.287544151
??,5173.352051,1.555000563
??,5178.735352,6.167990295
??,5184.118652,10.18246124
??,5189.501953,10.60378696
??,5194.885254,6.043477365
??,5200.268555,8.135093241
??,5205.651855,9.839583706
??,5211.035156,10.32439961
??,5216.418457,6.025084935
??,5221.801758,-17.04653257
??,5227.185059,3.032192285
??,5232.568359,6.371596509
??,5237.95166,6.814100474
??,5243.334961,4.723846824
??,5248.718262,6.094753808
??,5254.101563,9.111918567
??,5259.484863,6.204178901
??,5264.868164,4.684273364
??,5270.251465,1.082867672
??,5275.634766,-16.86174495
??,5281.018066,1.214105141
??,5286.401367,5.785189012
??,5291.784668,-1.334619691
??,5297.167969,-4.360029392
??,5302.55127,-0.231381872
??,5307.93457,6.275643352
??,5313.317871,6.075643972
??,5318.701172,5.410178104
??,5324.084473,7.473609097
??,5329.467773,7.868362279
??,5334.851074,-0.497824313
??,5340.234375,4.061959773
??,5345.617676,9.522144878
??,5351.000977,10.49840916
??,5356.384277,7.982072181
??,5361.767578,1.902787773
??,5367.150879,-6.606431653
??,5372.53418,-5.680277332
??,5377.91748,-5.249121018
??,5383.300781,1.350494731
??,5388.684082,3.540790793
??,5394.067383,3.907796357
??,5399.450684,4.205162282
??,5404.833984,-3.996097977
??,5410.217285,1.376612273
??,5415.600586,6.877843063
??,5420.983887,5.919883765
??,5426.367188,-3.273466308
??,5431.750488,0.767551033
??,5437.133789,5.324011445
??,5442.51709,7.960443833
??,5447.900391,8.566960978
??,5453.283691,3.257841182
??,5458.666992,-3.681727864
??,5464.050293,8.233024758
??,5469.433594,10.3303163
??,5474.816895,3.749649868
??,5480.200195,4.924418319
??,5485.583496,11.3654591
??,5490.966797,10.54084507
??,5496.350098,7.001482717
??,5501.733398,3.780786241
??,5507.116699,-3.139096912
??,5512.5,5.462642004
??,5517.883301,9.676967785
??,5523.266602,2.903153462
??,5528.649902,-2.084463437
??,5534.033203,-2.7472656
??,5539.416504,-12.05767009
??,5544.799805,-2.366100009
??,5550.183105,2.420523498
??,5555.566406,7.192770673
??,5560.949707,2.78338265
??,5566.333008,9.160203005
??,5571.716309,12.78069035
??,5577.099609,9.498662358
??,5582.48291,5.48420936
??,5587.866211,7.315537943
??,5593.249512,7.19552991
??,5598.632813,3.114134523
??,5604.016113,2.306295294
??,5609.399414,3.61635989
??,5614.782715,5.204137403
??,5620.166016,7.841364231
??,5625.549316,5.244484892
??,5630.932617,-8.810459605
??,5636.315918,6.997968518
??,5641.699219,7.473310041
??,5647.08252,0.293195833
??,5652.46582,-2.931484219
??,5657.849121,-6.596504529
??,5663.232422,-0.623173975
??,5668.615723,-15.98070892
??,5673.999023,0.421544058
??,5679.382324,4.511826339
??,5684.765625,4.639708339
??,5690.148926,3.04426917
??,5695.532227,-2.35795234
??,5700.915527,5.398609884
??,5706.298828,9.736469862
??,5711.682129,6.505689557
??,5717.06543,9.962210979
??,5722.44873,11.79218327
??,5727.832031,6.427915948
??,5733.215332,-0.853021275
??,5738.598633,3.70092495
??,5743.981934,-13.26227411
??,5749.365234,6.510413078
??,5754.748535,4.089196594
??,5760.131836,5.007401528
??,5765.515137,8.728415056
??,5770.898438,4.875733423
??,5776.281738,-1.243899678
??,5781.665039,-0.483515159
??,5787.04834,-5.247102506
??,5792.431641,-4.345773988
??,5797.814941,-1.261930526
??,5803.198242,4.466320219
??,5808.581543,5.935706635
??,5813.964844,-4.818953075
??,5819.348145,-1.30193963
??,5824.731445,0.098252295
??,5830.114746,1.822110362
??,5835.498047,7.814483077
??,5840.881348,9.278779701
??,5846.264648,6.260624876
??,5851.647949,1.110941365
??,5857.03125,1.699570031
??,5862.414551,4.172506767
??,5867.797852,3.674931667
??,5873.181152,0.431658359
??,5878.564453,3.294386095
??,5883.947754,5.70439956
??,5889.331055,1.164288276
??,5894.714355,2.434287801
??,5900.097656,6.074575949
??,5905.480957,2.021498839
??,5910.864258,-2.58062845
??,5916.247559,2.380864127
??,5921.630859,5.304912295
??,5927.01416,6.177378376
??,5932.397461,4.692434558
??,5937.780762,0.920098434
??,5943.164063,1.19145453
??,5948.547363,7.740771844
??,5953.930664,1.287549093
??,5959.313965,0.800464417
??,5964.697266,2.208001362
??,5970.080566,-1.215878787
??,5975.463867,3.956072994
??,5980.847168,5.429255069
??,5986.230469,5.026006744
??,5991.61377,2.779415449
??,5996.99707,-4.048193761
??,6002.380371,-4.270826036
??,6007.763672,2.691491675
??,6013.146973,3.550064827
??,6018.530273,5.379547452
??,6023.913574,4.993993728
??,6029.296875,-0.044904621
??,6034.680176,10.31864373
??,6040.063477,7.762450029
??,6045.446777,-4.014825889
??,6050.830078,-0.320943604
??,6056.213379,6.586275771
??,6061.59668,8.07790355
??,6066.97998,7.660537575
??,6072.363281,5.083949256
??,6077.746582,1.353483757
??,6083.129883,1.479780249
??,6088.513184,-3.235958166
??,6093.896484,3.484861601
??,6099.279785,-4.362096429
??,6104.663086,6.308050224
??,6110.046387,6.74088594
??,6115.429688,3.656233999
??,6120.812988,3.544366682
??,6126.196289,4.686097901
??,6131.57959,3.864911118
??,6136.962891,4.645384736
??,6142.346191,3.13456525
??,6147.729492,-8.183972476
??,6153.112793,1.909477276
??,6158.496094,1.732026937
??,6163.879395,7.382709558
??,6169.262695,8.781825577
??,6174.645996,8.77847083
??,6180.029297,7.41354093
??,6185.412598,-7.174781409
??,6190.795898,-4.481096463
??,6196.179199,0.530627271
??,6201.5625,2.105255124
??,6206.945801,-3.026227626
??,6212.329102,3.9070508
??,6217.712402,4.322422819
??,6223.095703,1.276446224
??,6228.479004,5.61114322
??,6233.862305,10.00121739
??,6239.245605,8.220730606
??,6244.628906,-2.28552952
??,6250.012207,2.270951018
??,6255.395508,4.088950376
??,6260.778809,5.911479547
??,6266.162109,6.076957465
??,6271.54541,3.465966984
??,6276.928711,-1.412550402
??,6282.312012,-4.925713451
??,6287.695313,-5.535057469
??,6293.078613,6.952275606
??,6298.461914,8.350387861
??,6303.845215,0.761020903
??,6309.228516,-7.55145289
??,6314.611816,-1.045017095
??,6319.995117,3.385040478
??,6325.378418,7.852487559
??,6330.761719,8.47252919
??,6336.14502,-4.083820447
??,6341.52832,2.953127616
??,6346.911621,3.578738904
??,6352.294922,2.043777274
??,6357.678223,4.447030426
??,6363.061523,4.290605622
??,6368.444824,1.068776528
??,6373.828125,0.468982786
??,6379.211426,2.174691852
??,6384.594727,0.73352745
??,6389.978027,-6.689471544
??,6395.361328,0.20498483
??,6400.744629,3.872283955
??,6406.12793,4.47065677
??,6411.51123,-1.294884803
??,6416.894531,-2.770351691
??,6422.277832,4.367306258
??,6427.661133,1.763282738
??,6433.044434,-0.164577469
??,6438.427734,4.72927929
??,6443.811035,8.778114873
??,6449.194336,8.046643469
??,6454.577637,-1.62514659
??,6459.960938,-1.281304053
??,6465.344238,0.469007898
??,6470.727539,1.951769166
??,6476.11084,0.323424306
??,6481.494141,6.135876612
??,6486.877441,7.773268251
??,6492.260742,4.157156403
??,6497.644043,-3.289587288
??,6503.027344,-6.958362475
??,6508.410645,-8.246220229
??,6513.793945,6.600732041
??,6519.177246,10.12364889
??,6524.560547,5.778679664
??,6529.943848,1.751130145
??,6535.327148,8.887662801
??,6540.710449,9.84355396
??,6546.09375,6.836839238
??,6551.477051,4.719411748
??,6556.860352,-7.782606604
??,6562.243652,6.070883019
??,6567.626953,8.314650657
??,6573.010254,7.597778833
??,6578.393555,6.319757086
??,6583.776855,-9.508947093
??,6589.160156,0.045342786
??,6594.543457,1.581660583
??,6599.926758,8.419308368
??,6605.310059,6.420265346
??,6610.693359,-2.83021417
??,6616.07666,2.48554475
??,6621.459961,5.651170354
??,6626.843262,6.47816193
??,6632.226563,10.23436288
??,6637.609863,8.633518529
??,6642.993164,4.22076226
??,6648.376465,4.044451359
??,6653.759766,5.084866071
??,6659.143066,5.989673552
??,6664.526367,-2.456955613
??,6669.909668,5.279957975
??,6675.292969,0.242272379
??,6680.67627,6.515616604
??,6686.05957,8.587368306
??,6691.442871,-1.989706464
??,6696.826172,6.184903691
??,6702.209473,3.84226516
??,6707.592773,-15.9104893
??,6712.976074,4.298825425
??,6718.359375,6.476463328
??,6723.742676,-5.577797127
??,6729.125977,8.430865536
??,6734.509277,8.214740504
??,6739.892578,-4.937803089
??,6745.275879,-1.794012477
??,6750.65918,-1.958510197
??,6756.04248,4.219616235
??,6761.425781,6.237433258
??,6766.809082,4.610932931
??,6772.192383,4.912183021
??,6777.575684,1.349799076
??,6782.958984,5.267893348
??,6788.342285,5.310008361
??,6793.725586,-1.265325984
??,6799.108887,-8.138103029
??,6804.492188,5.196734451
??,6809.875488,4.070829636
??,6815.258789,-0.375544375
??,6820.64209,4.649239368
??,6826.025391,2.656813269
??,6831.408691,4.183623742
??,6836.791992,9.438403957
??,6842.175293,8.82587447
??,6847.558594,4.908831824
??,6852.941895,3.301888785
??,6858.325195,3.815638081
??,6863.708496,1.987901025
??,6869.091797,-0.486665266
??,6874.475098,-6.398552439
??,6879.858398,-4.18689507
??,6885.241699,3.365359817
??,6890.625,1.404459513
??,6896.008301,-4.436441929
??,6901.391602,3.33139423
??,6906.774902,3.699926869
??,6912.158203,5.006204592
??,6917.541504,6.790954427
??,6922.924805,3.724165558
??,6928.308105,-1.545913954
??,6933.691406,4.500008097
??,6939.074707,6.850825226
??,6944.458008,7.457567097
??,6949.841309,3.679977576
??,6955.224609,-5.580695892
??,6960.60791,-0.013145177
??,6965.991211,0.723789399
??,6971.374512,-15.0975186
??,6976.757813,2.474311721
??,6982.141113,7.086678183
??,6987.524414,5.428169114
??,6992.907715,-0.797402065
??,6998.291016,-5.481167871
??,7003.674316,-11.10968717
??,7009.057617,-3.607882887
??,7014.440918,-6.18123155
??,7019.824219,3.913566644
??,7025.20752,8.466587375
??,7030.59082,8.53690068
??,7035.974121,6.334300514
??,7041.357422,6.344470077
??,7046.740723,6.121244109
??,7052.124023,1.303049135
??,7057.507324,4.171324078
??,7062.890625,5.653868152
??,7068.273926,2.823938195
??,7073.657227,-3.068658873
??,7079.040527,-6.634367752
??,7084.423828,-0.896452731
??,7089.807129,0.836946863
??,7095.19043,3.100502732
??,7100.57373,2.189540677
??,7105.957031,1.235650785
??,7111.340332,6.243758438
??,7116.723633,4.193321155
??,7122.106934,-3.224776779
??,7127.490234,4.481666586
??,7132.873535,4.473481784
??,7138.256836,5.560200503
??,7143.640137,9.49226444
??,7149.023438,9.801933431
??,7154.406738,8.447414238
??,7159.790039,7.781238836
??,7165.17334,5.993662062
??,7170.556641,-0.275813931
??,7175.939941,-2.833344891
??,7181.323242,6.612925224
??,7186.706543,10.58682893
??,7192.089844,7.959673055
??,7197.473145,1.503889889
??,7202.856445,1.191806465
??,7208.239746,6.094264148
??,7213.623047,1.856498019
??,7219.006348,-5.821819546
??,7224.389648,2.190424241
??,7229.772949,4.669606986
??,7235.15625,5.742895453
??,7240.539551,3.643930691
??,7245.922852,-2.69638363
??,7251.306152,-9.601834415
??,7256.689453,-8.228061815
??,7262.072754,1.266231225
??,7267.456055,-4.891513472
??,7272.839355,-1.497812487
??,7278.222656,-3.360808242
??,7283.605957,2.821123272
??,7288.989258,2.011809117
??,7294.372559,3.659730225
??,7299.755859,1.860177431
??,7305.13916,1.39517268
??,7310.522461,7.632952901
??,7315.905762,7.184601965
??,7321.289063,-1.002250236
??,7326.672363,-3.683160807
??,7332.055664,-0.296193325
??,7337.438965,-3.5324147
??,7342.822266,-2.963368427
??,7348.205566,4.890620741
??,7353.588867,11.10005721
??,7358.972168,13.05344882
??,7364.355469,10.43288592
??,7369.73877,8.969876257
??,7375.12207,11.7642986
??,7380.505371,11.57069928
??,7385.888672,3.109129295
??,7391.271973,0.832001611
??,7396.655273,-5.969203095
??,7402.038574,-7.726741869
??,7407.421875,-2.889411056
??,7412.805176,-4.273175382
??,7418.188477,-2.020289729
??,7423.571777,-4.873149455
??,7428.955078,-1.246795841
??,7434.338379,-4.438915573
??,7439.72168,2.815723848
??,7445.10498,-4.698270985
??,7450.488281,2.563400516
??,7455.871582,6.256839714
??,7461.254883,1.325618023
??,7466.638184,-0.343469415
??,7472.021484,5.079668621
??,7477.404785,-0.354406151
??,7482.788086,-10.39232542
??,7488.171387,3.778780809
??,7493.554688,5.493205385
??,7498.937988,-8.821497953
??,7504.321289,-0.51723869
??,7509.70459,-6.431125986
??,7515.087891,3.292508405
??,7520.471191,1.14590365
??,7525.854492,0.822053116
??,7531.237793,-0.184601752
??,7536.621094,-0.952504224
??,7542.004395,4.149110748
??,7547.387695,-0.980670358
??,7552.770996,-0.083259715
??,7558.154297,5.124375622
??,7563.537598,3.418527432
??,7568.920898,5.341709639
??,7574.304199,-2.286624023
??,7579.6875,2.269620074
??,7585.070801,5.153456205
??,7590.454102,5.228261489
??,7595.837402,3.98384108
??,7601.220703,0.781518233
??,7606.604004,2.306791108
??,7611.987305,-1.03044431
??,7617.370605,-3.856180306
??,7622.753906,-15.75312801
??,7628.137207,2.300153319
??,7633.520508,1.932249745
??,7638.903809,3.810136455
??,7644.287109,-0.636584962
??,7649.67041,1.253694841
??,7655.053711,4.90685768
??,7660.437012,1.05976967
??,7665.820313,-2.486750556
??,7671.203613,-5.151305947
??,7676.586914,-1.270278816
??,7681.970215,-8.19022343
??,7687.353516,-6.142998844
??,7692.736816,-3.550071073
??,7698.120117,-3.630428018
??,7703.503418,-6.67754496
??,7708.886719,6.327776701
??,7714.27002,8.886309305
??,7719.65332,7.564627462
??,7725.036621,6.185766575
??,7730.419922,4.12814944
??,7735.803223,0.464098652
??,7741.186523,-9.471251573
??,7746.569824,-6.628260245
??,7751.953125,1.795822141
??,7757.336426,6.263174006
??,7762.719727,3.205478788
??,7768.103027,-0.379848886
??,7773.486328,-2.659119441
??,7778.869629,2.494787053
??,7784.25293,5.717097173
??,7789.63623,3.771528064
??,7795.019531,-4.408750125
??,7800.402832,3.402000669
??,7805.786133,10.90301741
??,7811.169434,8.208321462
??,7816.552734,0.51667406
??,7821.936035,5.387193081
??,7827.319336,-2.76622111
??,7832.702637,-4.982280221
??,7838.085938,2.830358597
??,7843.469238,5.590136624
??,7848.852539,-7.926403019
??,7854.23584,4.274937848
??,7859.619141,3.971391389
??,7865.002441,-7.726538511
??,7870.385742,4.089076443
??,7875.769043,8.02592389
??,7881.152344,9.910293007
??,7886.535645,8.898751843
??,7891.918945,2.996630545
??,7897.302246,4.349216059
??,7902.685547,11.20337084
??,7908.068848,7.341444648
??,7913.452148,7.286399255
??,7918.835449,4.14831895
??,7924.21875,7.082192688
??,7929.602051,8.213867528
??,7934.985352,4.545628296
??,7940.368652,8.288520026
??,7945.751953,-4.470281364
??,7951.135254,4.724316199
??,7956.518555,-10.03331793
??,7961.901855,3.16526035
??,7967.285156,-7.027706426
??,7972.668457,5.355659608
??,7978.051758,-0.868674683
??,7983.435059,4.96699858
??,7988.818359,11.2661368
??,7994.20166,11.45989061
??,7999.584961,-2.000424148
??,8004.968262,7.80531683
??,8010.351563,9.872241078
??,8015.734863,-3.076237289
??,8021.118164,4.185749219
??,8026.501465,1.32808171
??,8031.884766,9.288612075
??,8037.268066,-1.618800623
??,8042.651367,2.132017155
??,8048.034668,7.370305768
??,8053.417969,12.67268208
??,8058.80127,4.902333192
??,8064.18457,0.935449399
??,8069.567871,-4.336812516
??,8074.951172,7.957392635
??,8080.334473,7.589429093
??,8085.717773,8.770200434
??,8091.101074,8.267436332
??,8096.484375,7.57386249
??,8101.867676,14.61945109
??,8107.250977,11.65336388
??,8112.634277,-2.436482601
??,8118.017578,7.253911865
??,8123.400879,6.044383061
??,8128.78418,-3.498948818
??,8134.16748,0.096309353
??,8139.550781,0.754934962
??,8144.934082,4.35492118
??,8150.317383,9.186262511
??,8155.700684,6.615468311
??,8161.083984,1.680020738
??,8166.467285,1.402470168
??,8171.850586,5.484372161
??,8177.233887,8.223142796
??,8182.617188,-0.623649549
??,8188.000488,9.616504314
??,8193.383789,2.491982262
??,8198.76709,12.22286537
??,8204.150391,12.52525128
??,8209.533691,6.135234867
??,8214.916992,2.418029121
??,8220.300293,8.156441683
??,8225.683594,7.606354197
??,8231.066895,9.010747057
??,8236.450195,10.39762509
??,8241.833496,9.96042953
??,8247.216797,8.392800722
??,8252.600098,0.201061453
??,8257.983398,1.158413136
??,8263.366699,6.954068845
??,8268.75,8.135246781
??,8274.133301,4.420949835
??,8279.516602,2.719524322
??,8284.899902,8.660798772
??,8290.283203,8.659329237
??,8295.666504,9.352479331
??,8301.049805,9.658331947
??,8306.433105,7.773708873
??,8311.816406,-6.035191027
??,8317.199707,8.096930515
??,8322.583008,11.97437998
??,8327.966309,8.302216679
??,8333.349609,3.223749692
??,8338.73291,4.078197223
??,8344.116211,-5.782675417
??,8349.499512,-1.625084352
??,8354.882813,7.388818497
??,8360.266113,10.74999856
??,8365.649414,6.374784894
??,8371.032715,2.540441894
??,8376.416016,7.151580192
??,8381.799316,7.554186832
??,8387.182617,11.48548225
??,8392.565918,9.428343763
??,8397.949219,4.767655251
??,8403.33252,1.742082824
??,8408.71582,-5.27688161
??,8414.099121,0.239565053
??,8419.482422,3.485751138
??,8424.865723,7.033226185
??,8430.249023,7.221342088
??,8435.632324,1.754234561
??,8441.015625,-3.979073799
??,8446.398926,-1.852715904
??,8451.782227,-3.503145374
??,8457.165527,2.365752218
??,8462.548828,3.953389286
??,8467.932129,-1.209873896
??,8473.31543,9.307053354
??,8478.69873,4.878448214
??,8484.082031,0.717385316
??,8489.465332,4.037460781
??,8494.848633,-7.63419306
??,8500.231934,-5.299227953
??,8505.615234,-2.104432109
??,8510.998535,8.62439245
??,8516.381836,9.131125064
??,8521.765137,2.936803273
??,8527.148438,1.949373787
??,8532.531738,-15.38465941
??,8537.915039,-1.63450213
??,8543.29834,-17.17741601
??,8548.681641,3.593221669
??,8554.064941,7.785910192
??,8559.448242,11.36904595
??,8564.831543,12.30450332
??,8570.214844,4.925732706
??,8575.598145,5.211159391
??,8580.981445,7.160245241
??,8586.364746,3.691715594
??,8591.748047,6.554565208
??,8597.131348,11.83618305
??,8602.514648,13.35466867
??,8607.897949,11.6203196
??,8613.28125,6.714156758
??,8618.664551,-2.567782052
??,8624.047852,-3.540754832
??,8629.431152,-1.738590275
??,8634.814453,-6.33289438
??,8640.197754,2.376400962
??,8645.581055,1.558761256
??,8650.964355,-9.927899125
??,8656.347656,0.738957144
??,8661.730957,-11.47418708
??,8667.114258,6.637997859
??,8672.497559,7.123166052
??,8677.880859,4.31238426
??,8683.26416,5.272235927
??,8688.647461,3.764087705
??,8694.030762,0.010656826
??,8699.414063,-12.20022879
??,8704.797363,-7.112498972
??,8710.180664,-12.23849859
??,8715.563965,3.467928284
??,8720.947266,7.911615562
??,8726.330566,3.619408326
??,8731.713867,-3.136709805
??,8737.097168,2.902350264
??,8742.480469,1.484800075
??,8747.86377,-1.37185238
??,8753.24707,-11.92097276
??,8758.630371,-0.930191976
??,8764.013672,3.371214174
??,8769.396973,-4.866190899
??,8774.780273,-10.48862581
??,8780.163574,-18.96410394
??,8785.546875,-6.454426016
??,8790.930176,-8.751454133
??,8796.313477,-5.395251623
??,8801.696777,-16.73095844
??,8807.080078,1.308363903
??,8812.463379,4.834461263
??,8817.84668,5.192499648
??,8823.22998,7.432969814
??,8828.613281,5.766177539
??,8833.996582,-1.612751512
??,8839.379883,-6.232522527
??,8844.763184,-0.815249035
??,8850.146484,-11.19188556
??,8855.529785,-1.643316464
??,8860.913086,0.385363448
??,8866.296387,-10.71030706
??,8871.679688,-5.249592429
??,8877.062988,-2.227622431
??,8882.446289,-0.70056163
??,8887.82959,-1.139515426
??,8893.212891,4.439879207
??,8898.596191,5.437639046
??,8903.979492,-5.330462116
??,8909.362793,1.293989497
??,8914.746094,5.267413751
??,8920.129395,3.183432133
??,8925.512695,-9.446255295
??,8930.895996,-0.270098878
??,8936.279297,-0.810840983
??,8941.662598,-2.27236111
??,8947.045898,-10.63477491
??,8952.429199,1.920261658
??,8957.8125,2.097275794
??,8963.195801,6.506186586
??,8968.579102,6.844091316
??,8973.962402,-0.851695404
??,8979.345703,-2.886660195
??,8984.729004,-1.652798462
??,8990.112305,0.339348009
??,8995.495605,3.249130886
??,9000.878906,1.805112991
??,9006.262207,2.134615822
??,9011.645508,2.769482584
??,9017.028809,-0.168851406
??,9022.412109,-1.426654297
??,9027.79541,-0.595919567
??,9033.178711,-0.285612981
??,9038.562012,-3.189118355
??,9043.945313,-16.43363949
??,9049.328613,-3.348947876
??,9054.711914,2.738513874
??,9060.095215,3.630291694
??,9065.478516,0.569576549
??,9070.861816,-3.782819218
??,9076.245117,7.624756063
??,9081.628418,7.379922145
??,9087.011719,2.474310389
??,9092.39502,4.250923973
??,9097.77832,1.400269389
??,9103.161621,-5.736152916
??,9108.544922,3.903249171
??,9113.928223,4.871723695
??,9119.311523,2.251873558
??,9124.694824,-14.48177797
??,9130.078125,0.645270472
??,9135.461426,0.329293497
??,9140.844727,-12.0797681
??,9146.228027,-2.42492118
??,9151.611328,-0.3006469
??,9156.994629,2.008683958
??,9162.37793,1.515272141
??,9167.76123,-3.496024957
??,9173.144531,-0.400570565
??,9178.527832,0.153531876
??,9183.911133,0.049241503
??,9189.294434,0.812786757
??,9194.677734,-0.869218846
??,9200.061035,-3.887360465
??,9205.444336,-6.964501551
??,9210.827637,0.342274507
??,9216.210938,4.481493245
??,9221.594238,5.23546427
??,9226.977539,0.895967414
??,9232.36084,-9.811838503
??,9237.744141,-6.351345287
??,9243.127441,2.161173858
??,9248.510742,-1.789644541
??,9253.894043,-9.618947156
??,9259.277344,-6.965453644
??,9264.660645,0.238906699
??,9270.043945,-4.226880599
??,9275.427246,0.23575218
??,9280.810547,4.319018358
??,9286.193848,4.851072295
??,9291.577148,-0.129241956
??,9296.960449,-3.643249996
??,9302.34375,2.688799459
??,9307.727051,0.510012727
??,9313.110352,-2.281380008
??,9318.493652,-4.790534351
??,9323.876953,-3.025183623
??,9329.260254,-2.245172761
??,9334.643555,-2.92987445
??,9340.026855,-2.265221935
??,9345.410156,-0.595491975
??,9350.793457,7.103003149
??,9356.176758,4.185779403
??,9361.560059,-4.168778343
??,9366.943359,-2.247291016
??,9372.32666,-2.203024269
??,9377.709961,0.603622305
??,9383.093262,0.799088553
??,9388.476563,-0.406059372
??,9393.859863,2.520874781
??,9399.243164,4.277974268
??,9404.626465,-1.32852465
??,9410.009766,2.491915577
??,9415.393066,9.650292895
??,9420.776367,7.185168521
??,9426.159668,-7.120663306
??,9431.542969,6.593922582
??,9436.92627,5.464770992
??,9442.30957,-0.546766154
??,9447.692871,5.808298989
??,9453.076172,5.804491493
??,9458.459473,-0.821915294
??,9463.842773,-8.649247243
??,9469.226074,1.666125881
??,9474.609375,7.845874375
??,9479.992676,9.298204701
??,9485.375977,6.477585749
??,9490.759277,-0.171134277
??,9496.142578,-0.277015496
??,9501.525879,1.941565607
??,9506.90918,-2.978003266
??,9512.29248,-2.852432215
??,9517.675781,0.153670238
??,9523.059082,4.034804035
??,9528.442383,5.57744264
??,9533.825684,3.026248818
??,9539.208984,-2.342239866
??,9544.592285,-3.816534845
??,9549.975586,0.481703371
??,9555.358887,2.235696842
??,9560.742188,-6.39476818
??,9566.125488,-4.970293118
??,9571.508789,-4.310412679
??,9576.89209,-2.313578756
??,9582.275391,-2.778117416
??,9587.658691,-7.099539618
??,9593.041992,-9.279955903
??,9598.425293,-7.602526662
??,9603.808594,-5.875246344
??,9609.191895,3.373835839
??,9614.575195,1.502169233
??,9619.958496,0.535205072
??,9625.341797,-0.442594177
??,9630.725098,2.712970077
??,9636.108398,3.048654365
??,9641.491699,7.038521318
??,9646.875,4.79962832
??,9652.258301,4.073360458
??,9657.641602,2.785880264
??,9663.024902,-9.68606009
??,9668.408203,3.352933022
??,9673.791504,5.058632701
??,9679.174805,2.655579879
??,9684.558105,1.869371236
??,9689.941406,1.859280794
??,9695.324707,-1.309828741
??,9700.708008,7.291732446
??,9706.091309,7.466809211
??,9711.474609,-7.611613792
??,9716.85791,2.039634049
??,9722.241211,0.904734275
??,9727.624512,-2.633845509
??,9733.007813,-6.157498077
??,9738.391113,-13.53792116
??,9743.774414,-8.769600139
??,9749.157715,-7.179923127
??,9754.541016,3.616185124
??,9759.924316,7.147720751
??,9765.307617,4.039774087
??,9770.690918,-3.990571601
??,9776.074219,4.660390703
??,9781.45752,1.638636774
??,9786.84082,-3.5093197
??,9792.224121,-1.797769621
??,9797.607422,-22.09334392
??,9802.990723,-2.245467934
??,9808.374023,-0.931284543
??,9813.757324,0.425020904
??,9819.140625,2.161683414
??,9824.523926,0.10657201
??,9829.907227,0.782910895
??,9835.290527,2.572199979
??,9840.673828,-4.244556707
??,9846.057129,2.504540306
??,9851.44043,2.420180307
??,9856.82373,-3.532523735
??,9862.207031,-11.14896958
??,9867.590332,-5.568750057
??,9872.973633,3.237972139
??,9878.356934,2.950794199
??,9883.740234,-13.33880187
??,9889.123535,-2.310989738
??,9894.506836,-8.153133138
??,9899.890137,0.841623482
??,9905.273438,0.195034328
??,9910.656738,0.712618326
??,9916.040039,-3.007139972
??,9921.42334,-8.467929853
??,9926.806641,-10.28671109
??,9932.189941,2.507367643
??,9937.573242,6.950431626
??,9942.956543,4.342871146
??,9948.339844,-9.319934159
??,9953.723145,1.434184699
??,9959.106445,2.728627497
??,9964.489746,-0.902893869
??,9969.873047,0.244735604
??,9975.256348,2.987511321
??,9980.639648,-0.372893305
??,9986.022949,-12.47846571
??,9991.40625,-0.105321199
??,9996.789551,3.471294566
??,10002.17285,-0.437633994
??,10007.55615,-21.15956772
??,10012.93945,-10.97076584
??,10018.32275,-4.265018653
??,10023.70605,-4.098703659
??,10029.08936,-14.34730957
??,10034.47266,-0.344150882
??,10039.85596,-1.636735574
??,10045.23926,-10.64937329
??,10050.62256,0.070235727
??,10056.00586,-2.712838425
??,10061.38916,-0.108076129
??,10066.77246,3.0436538
??,10072.15576,1.562486776
??,10077.53906,0.800564672
??,10082.92236,-1.015822946
??,10088.30566,-1.371731483
??,10093.68896,0.660673216
??,10099.07227,-3.895864883
??,10104.45557,-19.58200542
??,10109.83887,-8.702798061
??,10115.22217,0.036231674
??,10120.60547,1.914757833
??,10125.98877,0.598410729
??,10131.37207,-6.187409176
??,10136.75537,-23.90261483
??,10142.13867,-12.01652806
??,10147.52197,-7.43549752
??,10152.90527,-9.488986311
??,10158.28857,-0.585129537
??,10163.67188,3.062068662
??,10169.05518,-0.232850323
??,10174.43848,-7.486804443
??,10179.82178,-1.57270856
??,10185.20508,1.753555555
??,10190.58838,-1.533794987
??,10195.97168,0.725639245
??,10201.35498,0.461043729
??,10206.73828,5.069780616
??,10212.12158,4.225664228
??,10217.50488,0.94509933
??,10222.88818,-1.343583833
??,10228.27148,3.043231992
??,10233.65479,2.769686253
??,10239.03809,-0.935147041
??,10244.42139,0.349602007
??,10249.80469,3.731181944
??,10255.18799,1.094073488
??,10260.57129,-12.08768239
??,10265.95459,-16.13779625
??,10271.33789,-5.059983462
??,10276.72119,-4.083644048
??,10282.10449,-5.151620948
??,10287.48779,-6.336965266
??,10292.87109,-10.58128273
??,10298.25439,-19.12854546
??,10303.6377,-1.788941822
??,10309.021,2.149381992
??,10314.4043,-2.143504265
??,10319.7876,-22.22992479
??,10325.1709,-7.242130337
??,10330.5542,0.618210993
??,10335.9375,0.968554025
??,10341.3208,0.958335305
??,10346.7041,-0.131580418
??,10352.0874,0.31198405
??,10357.4707,-4.210997681
??,10362.854,-6.276556519
??,10368.2373,-2.598835317
??,10373.62061,-1.334576526
??,10379.00391,-3.57562602
??,10384.38721,-4.997468593
??,10389.77051,-10.91679042
??,10395.15381,-6.646891804
??,10400.53711,3.481073462
??,10405.92041,6.129816273
??,10411.30371,3.454456769
??,10416.68701,-4.51547138
??,10422.07031,1.944341638
??,10427.45361,3.881752677
??,10432.83691,0.488346538
??,10438.22021,-2.323020417
??,10443.60352,-10.36302704
??,10448.98682,-6.503092641
??,10454.37012,-8.048866733
??,10459.75342,-11.68458659
??,10465.13672,-4.751630883
??,10470.52002,-1.299623141
??,10475.90332,-2.811823335
??,10481.28662,-5.561651505
??,10486.66992,-0.943624843
??,10492.05322,1.275317984
??,10497.43652,-1.011065566
??,10502.81982,-6.886249049
??,10508.20313,-4.777906791
??,10513.58643,-16.48387262
??,10518.96973,-3.293448302
??,10524.35303,-0.506888807
??,10529.73633,-4.241163159
??,10535.11963,-1.453299995
??,10540.50293,0.605581103
??,10545.88623,-0.072665252
??,10551.26953,-15.13375555
??,10556.65283,-0.134086547
??,10562.03613,2.303257838
??,10567.41943,-1.882146685
??,10572.80273,-8.138072166
??,10578.18604,-5.980244301
??,10583.56934,-4.645145479
??,10588.95264,-8.571845095
??,10594.33594,-12.69307591
??,10599.71924,-5.077353937
??,10605.10254,-11.90866051
??,10610.48584,-14.61984078
??,10615.86914,-2.88109234
??,10621.25244,-0.316674573
??,10626.63574,-9.019977558
??,10632.01904,-6.770590042
??,10637.40234,-6.63234886
??,10642.78564,-7.486823533
??,10648.16895,-2.399136858
??,10653.55225,-0.87251684
??,10658.93555,-2.021617195
??,10664.31885,-7.983171168
??,10669.70215,-9.598784606
??,10675.08545,-0.321343658
??,10680.46875,1.536957779
??,10685.85205,-2.415929194
??,10691.23535,-1.995125663
??,10696.61865,-2.650280868
??,10702.00195,-6.119353298
??,10707.38525,-1.969670911
??,10712.76855,-18.83502102
??,10718.15186,-3.323132142
??,10723.53516,-6.862304414
??,10728.91846,-10.09556544
??,10734.30176,-1.880989442
??,10739.68506,0.521922095
??,10745.06836,-5.581339232
??,10750.45166,-2.382168826
??,10755.83496,-0.092486242
??,10761.21826,-4.294961713
??,10766.60156,-6.970821607
??,10771.98486,-0.296477076
??,10777.36816,0.935471094
??,10782.75146,4.58903085
??,10788.13477,1.879702409
??,10793.51807,-6.059674164
??,10798.90137,-3.507944847
??,10804.28467,-6.722415532
??,10809.66797,-3.240568236
??,10815.05127,-17.46098408
??,10820.43457,-4.287836233
??,10825.81787,-1.022231974
??,10831.20117,-5.378801258
??,10836.58447,-17.53180656
??,10841.96777,-12.12127372
??,10847.35107,-11.53395115
??,10852.73438,-10.22288408
??,10858.11768,-6.264644005
??,10863.50098,-1.530326808
??,10868.88428,0.458156958
??,10874.26758,-4.338430692
??,10879.65088,-0.686744721
??,10885.03418,-0.267694244
??,10890.41748,-5.03249156
??,10895.80078,-3.645411557
??,10901.18408,0.028020484
??,10906.56738,0.980463307
??,10911.95068,1.354864018
??,10917.33398,-3.87292523
??,10922.71729,-15.39050007
??,10928.10059,-3.89768367
??,10933.48389,-3.118126095
??,10938.86719,-8.099797494
??,10944.25049,0.560707818
??,10949.63379,-1.822877685
??,10955.01709,-9.617671205
??,10960.40039,-1.058324854
??,10965.78369,-13.15321574
??,10971.16699,0.078068444
??,10976.55029,2.263362927
??,10981.93359,-1.624193657
??,10987.31689,-1.603012899
??,10992.7002,-3.661292784
??,10998.0835,-5.356209745
??,11003.4668,-1.434955958
??,11008.8501,-4.167797928
??,11014.2334,-9.921138437
??,11019.6167,-34.08651418
??,11025,-17.14778908
??,11030.3833,-12.75044604
??,11035.7666,-4.216970378
??,11041.1499,-5.30385276
??,11046.5332,-1.028361385
??,11051.9165,0.135356384
??,11057.2998,-2.835582799
??,11062.68311,-2.810111158
??,11068.06641,-0.691815433
??,11073.44971,0.323970996
??,11078.83301,1.068154068
??,11084.21631,-0.333124234
??,11089.59961,-8.178922898
??,11094.98291,-12.32549368
??,11100.36621,-10.55568403
??,11105.74951,-3.45663172
??,11111.13281,-2.613641451
??,11116.51611,-0.73893874
??,11121.89941,-2.053044056
??,11127.28271,-16.61144751
??,11132.66602,-2.255007588
??,11138.04932,0.19107889
??,11143.43262,-2.458056811
??,11148.81592,-1.788542282
??,11154.19922,0.823019372
??,11159.58252,-4.080942877
??,11164.96582,-4.162212987
??,11170.34912,-4.081179291
??,11175.73242,-14.89937347
??,11181.11572,-13.77504382
??,11186.49902,-14.1386786
??,11191.88232,-7.191126848
??,11197.26563,-9.379381792
??,11202.64893,-20.83323304
??,11208.03223,-11.06640461
??,11213.41553,-1.727465739
??,11218.79883,-4.282784324
??,11224.18213,-11.20898635
??,11229.56543,-5.0672169
??,11234.94873,-3.821214024
??,11240.33203,-4.479621677
??,11245.71533,-18.32064489
??,11251.09863,-3.674162945
??,11256.48193,2.472331028
??,11261.86523,3.768811194
??,11267.24854,3.378632781
??,11272.63184,0.696774571
??,11278.01514,-1.777614528
??,11283.39844,2.765562039
??,11288.78174,-3.341606344
??,11294.16504,-5.936648455
??,11299.54834,-6.762535669
??,11304.93164,-7.736669113
??,11310.31494,-9.132368388
??,11315.69824,-4.960815492
??,11321.08154,-10.61165469
??,11326.46484,-13.65640721
??,11331.84814,-7.255811994
??,11337.23145,-9.454866575
??,11342.61475,-4.48781113
??,11347.99805,-3.926264909
??,11353.38135,-11.23632586
??,11358.76465,-2.786503489
??,11364.14795,0.512266018
??,11369.53125,-1.377029562
??,11374.91455,-4.224191392
??,11380.29785,-4.310794419
??,11385.68115,-4.691810008
??,11391.06445,-6.329141491
??,11396.44775,-6.281313202
??,11401.83105,-3.822744817
??,11407.21436,-4.865630481
??,11412.59766,-12.94745116
??,11417.98096,-6.79744301
??,11423.36426,-2.896767767
??,11428.74756,-1.006915918
??,11434.13086,-4.4967326
??,11439.51416,-17.01796298
??,11444.89746,-7.67887728
??,11450.28076,-2.856755363
??,11455.66406,-4.748045409
??,11461.04736,-1.263597322
??,11466.43066,-0.075476193
??,11471.81396,-5.771245099
??,11477.19727,-11.08599149
??,11482.58057,-7.732544412
??,11487.96387,-0.899857959
??,11493.34717,3.591363595
??,11498.73047,0.860065108
??,11504.11377,-11.09831739
??,11509.49707,-3.66908468
??,11514.88037,-5.370617232
??,11520.26367,-5.181263927
??,11525.64697,-3.258654016
??,11531.03027,-9.017223673
??,11536.41357,-14.52433288
??,11541.79688,-5.782737881
??,11547.18018,-6.692868655
??,11552.56348,-5.950887833
??,11557.94678,0.395805731
??,11563.33008,-4.126014071
??,11568.71338,-11.43279323
??,11574.09668,-6.428366426
??,11579.47998,-10.750068
??,11584.86328,-6.412046624
??,11590.24658,-8.104622508
??,11595.62988,-9.799771996
??,11601.01318,-9.650285206
??,11606.39648,-7.317218952
??,11611.77979,-3.593889499
??,11617.16309,-13.83582153
??,11622.54639,-3.280190716
??,11627.92969,-6.003620611
??,11633.31299,-3.462144213
??,11638.69629,0.425895654
??,11644.07959,-1.691727572
??,11649.46289,-0.96523382
??,11654.84619,-1.854832321
??,11660.22949,-8.652348398
??,11665.61279,-10.51222153
??,11670.99609,-13.01986719
??,11676.37939,-5.96705634
??,11681.7627,-5.286040225
??,11687.146,-4.133511279
??,11692.5293,-7.231895678
??,11697.9126,-6.392338327
??,11703.2959,-4.589679389
??,11708.6792,-8.313412199
??,11714.0625,-9.801600733
??,11719.4458,-1.907392454
??,11724.8291,-6.540313054
??,11730.2124,-5.980936287
??,11735.5957,-2.971995634
??,11740.979,-8.742911863
??,11746.3623,-13.96973989
??,11751.74561,-16.17952235
??,11757.12891,-6.333623606
??,11762.51221,0.715661673
??,11767.89551,-4.033237053
??,11773.27881,-5.271584339
??,11778.66211,-1.022845931
??,11784.04541,-17.82427546
??,11789.42871,-3.349845755
??,11794.81201,-1.567465448
??,11800.19531,-3.484163468
??,11805.57861,-1.358569798
??,11810.96191,-0.270787965
??,11816.34521,-5.321744193
??,11821.72852,-9.293376746
??,11827.11182,-2.836298691
??,11832.49512,-7.423334298
??,11837.87842,-9.986781528
??,11843.26172,-0.508096484
??,11848.64502,0.766111644
??,11854.02832,-4.456419981
??,11859.41162,-5.288446393
??,11864.79492,-20.82561622
??,11870.17822,-15.34735944
??,11875.56152,-3.228681873
??,11880.94482,-5.25833113
??,11886.32813,-5.220871951
??,11891.71143,-4.70138886
??,11897.09473,-7.699559754
??,11902.47803,-3.169073945
??,11907.86133,-0.512789703
??,11913.24463,-4.069533969
??,11918.62793,-5.092731613
??,11924.01123,-0.188286806
??,11929.39453,-0.816364618
??,11934.77783,-5.482066465
??,11940.16113,3.380338489
??,11945.54443,1.656589592
??,11950.92773,-4.947870166
??,11956.31104,-2.036727136
??,11961.69434,-2.473338419
??,11967.07764,-4.503271218
??,11972.46094,-4.805988069
??,11977.84424,0.668204075
??,11983.22754,4.007258085
??,11988.61084,2.108407231
??,11993.99414,-10.83724213
??,11999.37744,-8.496755451
??,12004.76074,-10.36645581
??,12010.14404,-3.141430552
??,12015.52734,-9.049061239
??,12020.91064,-1.868397325
??,12026.29395,-8.954343013
??,12031.67725,-0.341079179
??,12037.06055,-6.184882656
??,12042.44385,-8.104372503
??,12047.82715,-1.335603819
??,12053.21045,-7.471079992
??,12058.59375,-9.877347969
??,12063.97705,-11.39373866
??,12069.36035,2.522455252
??,12074.74365,1.453224447
??,12080.12695,-13.63738925
??,12085.51025,-5.011146922
??,12090.89355,-5.983898257
??,12096.27686,-3.577922674
??,12101.66016,-5.876040269
??,12107.04346,-8.857307816
??,12112.42676,-13.01948631
??,12117.81006,-5.923921405
??,12123.19336,-3.908611566
??,12128.57666,-10.05983616
??,12133.95996,-6.123636964
??,12139.34326,-8.531931852
??,12144.72656,-16.6970228
??,12150.10986,-8.8738713
??,12155.49316,-6.050883128
??,12160.87646,-14.13206598
??,12166.25977,-9.829477367
??,12171.64307,-3.987209524
??,12177.02637,-4.944073073
??,12182.40967,-14.36412243
??,12187.79297,-15.17364139
??,12193.17627,-1.652724634
??,12198.55957,1.415382841
??,12203.94287,-8.581880767
??,12209.32617,1.025704784
??,12214.70947,2.395751851
??,12220.09277,-4.506187543
??,12225.47607,-0.074063357
??,12230.85938,3.428729454
??,12236.24268,2.503893971
??,12241.62598,-13.6791418
??,12247.00928,0.926383101
??,12252.39258,0.757987675
??,12257.77588,0.364955746
??,12263.15918,0.777040952
??,12268.54248,3.037098518
??,12273.92578,2.326965874
??,12279.30908,-9.365219928
??,12284.69238,3.807989499
??,12290.07568,0.828930108
??,12295.45898,0.653824911
??,12300.84229,2.541049116
??,12306.22559,-7.060975209
??,12311.60889,-0.057313535
??,12316.99219,-1.503550563
??,12322.37549,-9.565127206
??,12327.75879,-1.651129636
??,12333.14209,-3.265423186
??,12338.52539,-10.15316826
??,12343.90869,1.317167898
??,12349.29199,4.061320957
??,12354.67529,0.971634936
??,12360.05859,-8.208449891
??,12365.44189,-8.558203212
??,12370.8252,-2.64261559
??,12376.2085,-1.456691285
??,12381.5918,-5.645953816
??,12386.9751,-3.602068118
??,12392.3584,4.47340496
??,12397.7417,0.880073006
??,12403.125,-7.436527779
??,12408.5083,1.054485332
??,12413.8916,0.327983277
??,12419.2749,3.426964825
??,12424.6582,4.604991343
??,12430.0415,1.82586521
??,12435.4248,-3.509142007
??,12440.80811,-9.58246202
??,12446.19141,3.057933405
??,12451.57471,3.796510271
??,12456.95801,0.668200823
??,12462.34131,1.904708498
??,12467.72461,-2.810129814
??,12473.10791,0.23417958
??,12478.49121,1.48851079
??,12483.87451,-0.77795264
??,12489.25781,-3.141577398
??,12494.64111,-4.842769721
??,12500.02441,-1.163592628
??,12505.40771,3.806467378
??,12510.79102,4.864732054
??,12516.17432,-2.450870143
??,12521.55762,-2.020995117
??,12526.94092,2.666005275
??,12532.32422,3.32542268
??,12537.70752,1.215419989
??,12543.09082,-3.945192799
??,12548.47412,7.687651044
??,12553.85742,9.240650154
??,12559.24072,6.525337674
??,12564.62402,1.244173629
??,12570.00732,-0.126974729
??,12575.39063,2.150814983
??,12580.77393,4.637883774
??,12586.15723,-1.296901012
??,12591.54053,-6.727451283
??,12596.92383,-0.27381063
??,12602.30713,0.44887779
??,12607.69043,-0.556632422
??,12613.07373,-8.875109845
??,12618.45703,2.738021555
??,12623.84033,5.794633627
??,12629.22363,2.33527615
??,12634.60693,-0.587583925
??,12639.99023,0.486002534
??,12645.37354,-2.644729935
??,12650.75684,-9.028398848
??,12656.14014,-7.869946122
??,12661.52344,-0.628440362
??,12666.90674,0.445093438
??,12672.29004,-2.422099337
??,12677.67334,-7.89846625
??,12683.05664,-6.051958997
??,12688.43994,-3.18095079
??,12693.82324,2.574774819
??,12699.20654,5.954212553
??,12704.58984,4.378282115
??,12709.97314,-2.863798375
??,12715.35645,-5.191986105
??,12720.73975,-3.230245864
??,12726.12305,-2.676531384
??,12731.50635,-7.375860266
??,12736.88965,-10.06677295
??,12742.27295,-4.8013591
??,12747.65625,-14.34722503
??,12753.03955,-18.10914461
??,12758.42285,-0.601374369
??,12763.80615,4.818378548
??,12769.18945,3.350506256
??,12774.57275,-0.483659937
??,12779.95605,1.467320778
??,12785.33936,5.272910008
??,12790.72266,5.112720276
??,12796.10596,-2.495767661
??,12801.48926,2.724334742
??,12806.87256,2.418083958
??,12812.25586,-7.378396546
??,12817.63916,-6.786293406
??,12823.02246,-12.2070846
??,12828.40576,-5.62596745
??,12833.78906,-1.172560599
??,12839.17236,-4.463394638
??,12844.55566,-10.87848376
??,12849.93896,-5.828833745
??,12855.32227,-1.75814134
??,12860.70557,-6.100282688
??,12866.08887,-0.447355553
??,12871.47217,0.928730596
??,12876.85547,-0.347257213
??,12882.23877,-11.12329684
??,12887.62207,-5.180891656
??,12893.00537,0.455002378
??,12898.38867,-1.23613306
??,12903.77197,-6.712821921
??,12909.15527,-0.773568567
??,12914.53857,-1.428195632
??,12919.92188,-3.304654273
??,12925.30518,-4.366399077
??,12930.68848,-10.74637139
??,12936.07178,-10.08478233
??,12941.45508,-14.71316658
??,12946.83838,-7.806888232
??,12952.22168,-5.041531866
??,12957.60498,-15.24044518
??,12962.98828,-13.52419668
??,12968.37158,-2.930217969
??,12973.75488,-0.982525624
??,12979.13818,-8.128619864
??,12984.52148,-13.47617677
??,12989.90479,-6.479643029
??,12995.28809,-2.715587367
??,13000.67139,-5.518791623
??,13006.05469,-12.72618418
??,13011.43799,-11.1149237
??,13016.82129,-8.775241097
??,13022.20459,-11.74412158
??,13027.58789,-6.117705963
??,13032.97119,-0.974411632
??,13038.35449,1.437722539
??,13043.73779,0.927361763
??,13049.12109,-0.248904646
??,13054.50439,-8.207112313
??,13059.8877,-9.949343683
??,13065.271,-11.77582164
??,13070.6543,-28.55624042
??,13076.0376,-4.69685179
??,13081.4209,-4.329538168
??,13086.8042,-2.639984338
??,13092.1875,-0.415644624
??,13097.5708,-0.267563605
??,13102.9541,1.711306741
??,13108.3374,0.87638317
??,13113.7207,-9.3872941
??,13119.104,-8.143794094
??,13124.4873,-5.207968322
??,13129.87061,-7.267802677
??,13135.25391,-8.491334831
??,13140.63721,-9.034777696
??,13146.02051,-0.94268434
??,13151.40381,-7.642268831
??,13156.78711,-9.356853608
??,13162.17041,-11.92459137
??,13167.55371,-14.94197601
??,13172.93701,-15.51057761
??,13178.32031,-18.79555344
??,13183.70361,-7.765352042
??,13189.08691,-1.757552613
??,13194.47021,-2.218896884
??,13199.85352,-2.653034967
??,13205.23682,-0.413001747
??,13210.62012,-12.05472107
??,13216.00342,-7.126855511
??,13221.38672,-11.17315271
??,13226.77002,-2.827168623
??,13232.15332,-2.891492946
??,13237.53662,-4.97210271
??,13242.91992,-3.038882174
??,13248.30322,-1.480483121
??,13253.68652,-2.357336946
??,13259.06982,-7.052540495
??,13264.45313,-10.42094427
??,13269.83643,-11.07550437
??,13275.21973,-23.11483902
??,13280.60303,-7.927725474
??,13285.98633,-2.840603428
??,13291.36963,-0.952975035
??,13296.75293,-1.082722092
??,13302.13623,-7.990800193
??,13307.51953,-9.317917017
??,13312.90283,-5.645457856
??,13318.28613,-7.55391214
??,13323.66943,-9.467226204
??,13329.05273,-23.26668
??,13334.43604,-19.11992863
??,13339.81934,-2.207719745
??,13345.20264,1.070156269
??,13350.58594,-2.096324417
??,13355.96924,-4.172814337
??,13361.35254,-9.269297652
??,13366.73584,-13.40822587
??,13372.11914,-9.154862601
??,13377.50244,-22.88135793
??,13382.88574,-4.004347065
??,13388.26904,-5.654610453
??,13393.65234,-12.83467522
??,13399.03564,-6.843322882
??,13404.41895,-19.49884121
??,13409.80225,-26.58089238
??,13415.18555,-7.436171611
??,13420.56885,-2.337819331
??,13425.95215,-0.303888193
??,13431.33545,-2.339106127
??,13436.71875,-11.5302799
??,13442.10205,-11.5547754
??,13447.48535,-5.76018302
??,13452.86865,-5.918963234
??,13458.25195,-9.4543223
??,13463.63525,-6.238036236
??,13469.01855,-6.254476214
??,13474.40186,-17.82112266
??,13479.78516,-7.292950759
??,13485.16846,-8.873466566
??,13490.55176,-6.784692814
??,13495.93506,-2.435812994
??,13501.31836,-6.947906953
??,13506.70166,-8.822655048
??,13512.08496,-6.31589946
??,13517.46826,-14.0201085
??,13522.85156,-11.99464755
??,13528.23486,-11.58983137
??,13533.61816,-14.47482034
??,13539.00146,-7.381425675
??,13544.38477,-6.382095448
??,13549.76807,-21.11101199
??,13555.15137,-10.23645465
??,13560.53467,-4.620648622
??,13565.91797,-4.758873925
??,13571.30127,-13.90065201
??,13576.68457,-13.06710574
??,13582.06787,-6.984863895
??,13587.45117,-18.7502408
??,13592.83447,-2.433882914
??,13598.21777,-2.099485923
??,13603.60107,-2.737044623
??,13608.98438,-3.15173757
??,13614.36768,-7.190038148
??,13619.75098,-7.4152506
??,13625.13428,-6.031826649
??,13630.51758,-8.558972256
??,13635.90088,-10.91484863
??,13641.28418,-7.664241556
??,13646.66748,-6.351088334
??,13652.05078,-7.467342863
??,13657.43408,-10.48452372
??,13662.81738,-6.316089231
??,13668.20068,-3.376973152
??,13673.58398,-6.503627835
??,13678.96729,-10.54589118
??,13684.35059,-8.723779672
??,13689.73389,-8.083331709
??,13695.11719,-10.48770689
??,13700.50049,-18.4647758
??,13705.88379,-5.460723324
??,13711.26709,-8.044557472
??,13716.65039,-12.13460424
??,13722.03369,-5.256232242
??,13727.41699,-2.329443859
??,13732.80029,-1.812395457
??,13738.18359,-3.82911763
??,13743.56689,-7.131872826
??,13748.9502,-7.794036501
??,13754.3335,-7.340618985
??,13759.7168,-8.31606862
??,13765.1001,-5.205936396
??,13770.4834,-3.233778207
??,13775.8667,-11.61016812
??,13781.25,-11.83692738
??,13786.6333,-9.570446057
??,13792.0166,-5.128749717
??,13797.3999,-10.82981819
??,13802.7832,-13.91061286
??,13808.1665,-7.342571694
??,13813.5498,-7.243909143
??,13818.93311,-11.32804856
??,13824.31641,-8.205214138
??,13829.69971,-8.29165372
??,13835.08301,-5.545034988
??,13840.46631,-4.501703506
??,13845.84961,-6.954489967
??,13851.23291,-6.575088557
??,13856.61621,-2.861437906
??,13861.99951,-3.299442668
??,13867.38281,-9.507916725
??,13872.76611,-12.67964944
??,13878.14941,-7.11807053
??,13883.53271,-8.544629917
??,13888.91602,-14.31260632
??,13894.29932,-4.338606839
??,13899.68262,-1.852377388
??,13905.06592,-2.916802481
??,13910.44922,-11.5014199
??,13915.83252,-1.666520292
??,13921.21582,-3.731117947
??,13926.59912,-10.88132065
??,13931.98242,-4.479148696
??,13937.36572,-1.436360078
??,13942.74902,-9.668966693
??,13948.13232,-8.205898842
??,13953.51563,-5.686230342
??,13958.89893,-9.169694579
??,13964.28223,-13.70884211
??,13969.66553,-8.972438367
??,13975.04883,-2.745586232
??,13980.43213,-5.99818291
??,13985.81543,-11.07791699
??,13991.19873,-4.939434956
??,13996.58203,-4.908654263
??,14001.96533,-26.51452069
??,14007.34863,-8.960965099
??,14012.73193,-13.7743177
??,14018.11523,-15.21966619
??,14023.49854,-11.61218634
??,14028.88184,-3.096133161
??,14034.26514,-0.734164712
??,14039.64844,-4.995905338
??,14045.03174,-3.01718391
??,14050.41504,-2.34141626
??,14055.79834,-9.198589595
??,14061.18164,-9.785477437
??,14066.56494,-5.971834549
??,14071.94824,-5.528418439
??,14077.33154,-8.743608472
??,14082.71484,-7.849723772
??,14088.09814,-6.804689589
??,14093.48145,-9.15085433
??,14098.86475,-10.70618833
??,14104.24805,-5.053154462
??,14109.63135,-5.517200902
??,14115.01465,-15.77005441
??,14120.39795,-9.90354524
??,14125.78125,-12.9131453
??,14131.16455,-6.249894296
??,14136.54785,-15.96734748
??,14141.93115,-8.016585517
??,14147.31445,-6.494772046
??,14152.69775,-3.997864954
??,14158.08105,-5.244918245
??,14163.46436,-11.27760441
??,14168.84766,-6.554155228
??,14174.23096,-8.634811058
??,14179.61426,-15.50118667
??,14184.99756,-7.431557302
??,14190.38086,-10.73123368
??,14195.76416,-15.54123952
??,14201.14746,-29.37285892
??,14206.53076,-4.930524494
??,14211.91406,-0.908722125
??,14217.29736,0.148920043
??,14222.68066,0.276501439
??,14228.06396,-7.922071013
??,14233.44727,-5.536146196
??,14238.83057,0.052649159
??,14244.21387,-0.900970335
??,14249.59717,-4.356661854
??,14254.98047,-6.377920857
??,14260.36377,-8.878059677
??,14265.74707,-14.02134692
??,14271.13037,-14.51918132
??,14276.51367,-21.01748974
??,14281.89697,-15.35461485
??,14287.28027,-16.46244347
??,14292.66357,-12.09958592
??,14298.04688,-6.318841714
??,14303.43018,-7.381828316
??,14308.81348,-5.117062468
??,14314.19678,-3.62335195
??,14319.58008,-18.69698521
??,14324.96338,-5.627909892
??,14330.34668,-3.947294115
??,14335.72998,-6.247919216
??,14341.11328,-7.957752257
??,14346.49658,-16.27971487
??,14351.87988,-8.091287381
??,14357.26318,-17.82345279
??,14362.64648,-1.834273997
??,14368.02979,-0.726239401
??,14373.41309,-4.781299452
??,14378.79639,-6.175131829
??,14384.17969,-6.478994684
??,14389.56299,-7.572865923
??,14394.94629,-14.57593558
??,14400.32959,-12.25532373
??,14405.71289,-11.81319751
??,14411.09619,-11.56510813
??,14416.47949,-5.386478986
??,14421.86279,-5.974124237
??,14427.24609,-11.0001647
??,14432.62939,-8.249162974
??,14438.0127,-8.053809382
??,14443.396,-6.516540653
??,14448.7793,-4.542444863
??,14454.1626,-8.619564262
??,14459.5459,-16.82567769
??,14464.9292,-13.35861186
??,14470.3125,-12.71093327
??,14475.6958,-12.13839808
??,14481.0791,-7.957276123
??,14486.4624,-5.223718437
??,14491.8457,-7.96068135
??,14497.229,-10.21703789
??,14502.6123,-8.552841119
??,14507.99561,-12.09735874
??,14513.37891,-7.614358004
??,14518.76221,-14.21039586
??,14524.14551,-2.845544539
??,14529.52881,-0.993816039
??,14534.91211,-1.453587502
??,14540.29541,-8.615550457
??,14545.67871,-7.660733067
??,14551.06201,-10.03025753
??,14556.44531,-14.60528145
??,14561.82861,-16.2868982
??,14567.21191,-11.65832799
??,14572.59521,-4.947875215
??,14577.97852,-5.391963595
??,14583.36182,-15.4577515
??,14588.74512,-8.386589495
??,14594.12842,-5.549080086
??,14599.51172,-12.90562323
??,14604.89502,-15.43022364
??,14610.27832,-14.25435365
??,14615.66162,-6.908070211
??,14621.04492,-3.905894369
??,14626.42822,-8.052194313
??,14631.81152,-10.25136654
??,14637.19482,-10.02581156
??,14642.57813,-12.19945124
??,14647.96143,-10.70459259
??,14653.34473,-17.9117264
??,14658.72803,-8.304536094
??,14664.11133,-8.247369817
??,14669.49463,-7.615462506
??,14674.87793,-5.955567786
??,14680.26123,-9.188575182
??,14685.64453,-15.53090345
??,14691.02783,-12.98673948
??,14696.41113,-18.22537757
??,14701.79443,-10.80400173
??,14707.17773,-6.038601521
??,14712.56104,-6.701452716
??,14717.94434,-9.840225054
??,14723.32764,-16.52939772
??,14728.71094,-20.69185052
??,14734.09424,-22.98368099
??,14739.47754,-9.88954698
??,14744.86084,-4.357453402
??,14750.24414,-4.119357644
??,14755.62744,-7.182648941
??,14761.01074,-11.69881307
??,14766.39404,-8.360409392
??,14771.77734,-6.15919823
??,14777.16064,-11.21705519
??,14782.54395,-2.813664453
??,14787.92725,-4.645253661
??,14793.31055,-14.99131726
??,14798.69385,-14.36536914
??,14804.07715,-10.76163612
??,14809.46045,-6.245685474
??,14814.84375,-3.107301091
??,14820.22705,-2.11466511
??,14825.61035,-1.353632292
??,14830.99365,-5.789758413
??,14836.37695,-16.17761267
??,14841.76025,-8.292433977
??,14847.14355,-0.903909198
??,14852.52686,-6.407871531
??,14857.91016,-9.187716888
??,14863.29346,-4.712719866
??,14868.67676,-7.613465183
??,14874.06006,-24.57870088
??,14879.44336,-6.131385187
??,14884.82666,-4.745063333
??,14890.20996,-5.578241273
??,14895.59326,-5.970741304
??,14900.97656,-11.97585676
??,14906.35986,-20.41541004
??,14911.74316,-15.74738358
??,14917.12646,-15.89179366
??,14922.50977,-9.508518908
??,14927.89307,-14.96728357
??,14933.27637,-18.37595354
??,14938.65967,-16.64659919
??,14944.04297,-9.500533286
??,14949.42627,-11.4348707
??,14954.80957,-17.50332882
??,14960.19287,-8.98457106
??,14965.57617,-3.047664882
??,14970.95947,-6.768815996
??,14976.34277,-5.755943764
??,14981.72607,-2.847546492
??,14987.10938,-8.755469681
??,14992.49268,-6.593609772
??,14997.87598,-10.24097944
??,15003.25928,-9.63417651
??,15008.64258,-12.39101761
??,15014.02588,-23.2348474
??,15019.40918,-11.75490533
??,15024.79248,-16.62567505
??,15030.17578,-37.11336002
??,15035.55908,-9.578796514
??,15040.94238,-3.633998764
??,15046.32568,-7.006900407
??,15051.70898,-15.06592427
??,15057.09229,-14.12241905
??,15062.47559,-12.20772358
??,15067.85889,-2.881254758
??,15073.24219,-0.901161504
??,15078.62549,-2.938013043
??,15084.00879,-7.624667113
??,15089.39209,-9.374372889
??,15094.77539,-9.710343793
??,15100.15869,-12.46685884
??,15105.54199,-29.41830662
??,15110.92529,-11.44865341
??,15116.30859,-8.079484597
??,15121.69189,-6.031577763
??,15127.0752,-4.865547141
??,15132.4585,-4.453801313
??,15137.8418,-5.614554359
??,15143.2251,-5.626458274
??,15148.6084,-7.259991908
??,15153.9917,-19.58172078
??,15159.375,-12.56279585
??,15164.7583,-12.81048994
??,15170.1416,-14.55062605
??,15175.5249,-19.46944893
??,15180.9082,-17.46192447
??,15186.2915,-12.91925232
??,15191.6748,-9.269238001
??,15197.05811,-16.02275399
??,15202.44141,-18.52468343
??,15207.82471,-7.236119264
??,15213.20801,-8.450605622
??,15218.59131,-11.54986347
??,15223.97461,-17.42626841
??,15229.35791,-6.764255145
??,15234.74121,-4.133892119
??,15240.12451,-11.91208662
??,15245.50781,-21.29499438
??,15250.89111,-21.58559473
??,15256.27441,-18.28523789
??,15261.65771,-21.69035943
??,15267.04102,-13.65866705
??,15272.42432,-11.42463638
??,15277.80762,-16.92527419
??,15283.19092,-12.25777946
??,15288.57422,-8.557817904
??,15293.95752,-9.920279272
??,15299.34082,-7.827308144
??,15304.72412,-8.628899542
??,15310.10742,-11.24355402
??,15315.49072,-15.39304411
??,15320.87402,-17.36844939
??,15326.25732,-8.801277347
??,15331.64063,-7.919502417
??,15337.02393,-11.4089718
??,15342.40723,-12.6842057
??,15347.79053,-7.916534709
??,15353.17383,-6.411188533
??,15358.55713,-5.225756434
??,15363.94043,-8.619474907
??,15369.32373,-21.18262743
??,15374.70703,-17.57518017
??,15380.09033,-15.69882656
??,15385.47363,-10.62440397
??,15390.85693,-10.77873441
??,15396.24023,-20.29818015
??,15401.62354,-13.15808794
??,15407.00684,-14.23518661
??,15412.39014,-17.92892943
??,15417.77344,-10.24401691
??,15423.15674,-6.405314531
??,15428.54004,-5.162709191
??,15433.92334,-8.91008005
??,15439.30664,-11.89920378
??,15444.68994,-11.30280706
??,15450.07324,-11.76800944
??,15455.45654,-4.788154745
??,15460.83984,-9.197944412
??,15466.22314,-5.595865171
??,15471.60645,-6.978837868
??,15476.98975,-13.01972767
??,15482.37305,-23.43339758
??,15487.75635,-13.95998706
??,15493.13965,-11.47679033
??,15498.52295,-3.984882968
??,15503.90625,-8.383162923
??,15509.28955,-15.86648551
??,15514.67285,-8.415985629
??,15520.05615,-4.363801987
??,15525.43945,-5.113523051
??,15530.82275,-3.910395584
??,15536.20605,-7.444716208
??,15541.58936,-9.665969271
??,15546.97266,-27.02814001
??,15552.35596,-12.2146835
??,15557.73926,-11.09574272
??,15563.12256,-12.98553507
??,15568.50586,-34.61073275
??,15573.88916,-10.77404729
??,15579.27246,-5.772076761
??,15584.65576,-8.106122245
??,15590.03906,-14.4634018
??,15595.42236,-8.861146321
??,15600.80566,-14.68948551
??,15606.18896,-20.64536123
??,15611.57227,-15.44304904
??,15616.95557,-9.534805323
??,15622.33887,-3.91215039
??,15627.72217,-8.892053561
??,15633.10547,-16.84725115
??,15638.48877,-21.68326344
??,15643.87207,-13.55178676
??,15649.25537,-15.82473155
??,15654.63867,-8.448667874
??,15660.02197,-18.22173187
??,15665.40527,-10.45254982
??,15670.78857,-13.05982012
??,15676.17188,-18.5805239
??,15681.55518,-14.37185175
??,15686.93848,-25.06299961
??,15692.32178,-27.67621211
??,15697.70508,-7.723053069
??,15703.08838,-4.167143922
??,15708.47168,-9.606249204
??,15713.85498,-7.828840071
??,15719.23828,-8.995372237
??,15724.62158,-10.05602204
??,15730.00488,-13.98467527
??,15735.38818,-19.82210279
??,15740.77148,-15.69772386
??,15746.15479,-16.80119099
??,15751.53809,-9.103464998
??,15756.92139,-8.728512211
??,15762.30469,-13.10295841
??,15767.68799,-15.98107223
??,15773.07129,-13.2592525
??,15778.45459,-20.53596577
??,15783.83789,-18.66725816
??,15789.22119,-10.96332807
??,15794.60449,-18.15664995
??,15799.98779,-24.17257768
??,15805.37109,-8.623672825
??,15810.75439,-2.330615353
??,15816.1377,-5.543116469
??,15821.521,-6.286698621
??,15826.9043,-13.35130881
??,15832.2876,-13.32157452
??,15837.6709,-18.04286738
??,15843.0542,-20.40385418
??,15848.4375,-7.494788236
??,15853.8208,-5.932981941
??,15859.2041,-7.46901304
??,15864.5874,-6.061006875
??,15869.9707,-9.764280121
??,15875.354,-12.14820725
??,15880.7373,-15.23566333
??,15886.12061,-14.4020759
??,15891.50391,-17.59628801
??,15896.88721,-7.103918436
??,15902.27051,-6.51705208
??,15907.65381,-10.44771407
??,15913.03711,-9.411944104
??,15918.42041,-12.73556929
??,15923.80371,-9.802084791
??,15929.18701,-24.59881575
??,15934.57031,-7.996060217
??,15939.95361,-8.865314923
??,15945.33691,-6.792847888
??,15950.72021,-7.453936596
??,15956.10352,-13.54542279
??,15961.48682,-14.11647222
??,15966.87012,-14.09624001
??,15972.25342,-11.43219128
??,15977.63672,-11.71438217
??,15983.02002,-10.68201713
??,15988.40332,-7.577755937
??,15993.78662,-14.10830148
??,15999.16992,-5.298720261
??,16004.55322,-10.80027197
??,16009.93652,-9.489709489
??,16015.31982,-7.476441822
??,16020.70313,-8.114845966
??,16026.08643,-11.8749925
??,16031.46973,-16.40008132
??,16036.85303,-7.799360096
??,16042.23633,-5.491580106
??,16047.61963,-8.987129623
??,16053.00293,-12.2903679
??,16058.38623,-11.25335522
??,16063.76953,-16.1393882
??,16069.15283,-16.07354628
??,16074.53613,-15.86687105
??,16079.91943,-16.92060153
??,16085.30273,-21.7057255
??,16090.68604,-30.26745112
??,16096.06934,-11.90193883
??,16101.45264,-5.921405476
??,16106.83594,-6.400703541
??,16112.21924,-6.14278968
??,16117.60254,-5.416566996
??,16122.98584,-5.747361432
??,16128.36914,-6.244896288
??,16133.75244,-10.74958196
??,16139.13574,-12.92656448
??,16144.51904,-6.558037513
??,16149.90234,0.443192596
??,16155.28564,-0.293964847
??,16160.66895,-7.248905778
??,16166.05225,-3.666578287
??,16171.43555,-1.626419811
??,16176.81885,-12.03255568
??,16182.20215,-9.854973969
??,16187.58545,-20.76148733
??,16192.96875,-11.732407
??,16198.35205,-12.76097785
??,16203.73535,-11.1000462
??,16209.11865,-14.38237871
??,16214.50195,-13.87966837
??,16219.88525,-12.45864122
??,16225.26855,-18.126809
??,16230.65186,-16.32059566
??,16236.03516,-12.4594077
??,16241.41846,-12.45280386
??,16246.80176,-10.35446884
??,16252.18506,-15.64448739
??,16257.56836,-22.99404047
??,16262.95166,-10.55672816
??,16268.33496,-14.017369
??,16273.71826,-14.65414069
??,16279.10156,-10.61645439
??,16284.48486,-18.03505707
??,16289.86816,-16.41921685
??,16295.25146,-15.0069981
??,16300.63477,-8.582767556
??,16306.01807,-8.048416224
??,16311.40137,-5.473918375
??,16316.78467,-5.589883995
??,16322.16797,-9.112910001
??,16327.55127,-11.65142895
??,16332.93457,-30.11886433
??,16338.31787,-24.77073105
??,16343.70117,-13.35004464
??,16349.08447,-6.764939671
??,16354.46777,-15.10313227
??,16359.85107,-4.109110147
??,16365.23438,-2.720236094
??,16370.61768,-9.866797446
??,16376.00098,-13.77573992
??,16381.38428,-8.0184245
??,16386.76758,-6.889733444
??,16392.15088,-7.379803006
??,16397.53418,-9.331680464
??,16402.91748,-10.82967741
??,16408.30078,-6.198386419
??,16413.68408,-5.729899838
??,16419.06738,-3.935083784
??,16424.45068,-5.576966521
??,16429.83398,-5.080909239
??,16435.21729,-3.843283198
??,16440.60059,-6.271323977
??,16445.98389,-9.200038451
??,16451.36719,-7.370519629
??,16456.75049,-7.342505786
??,16462.13379,-16.97395814
??,16467.51709,-13.46310969
??,16472.90039,-13.40712388
??,16478.28369,-16.4028473
??,16483.66699,-7.931034394
??,16489.05029,-5.906757152
??,16494.43359,-4.819635948
??,16499.81689,-6.092961343
??,16505.2002,-1.550386937
??,16510.5835,0.737540774
??,16515.9668,-3.464000703
??,16521.3501,-10.47624746
??,16526.7334,-9.731565704
??,16532.1167,-11.15803671
??,16537.5,-1.23113662
??,16542.8833,0.648422341
??,16548.2666,-3.749372474
??,16553.6499,-6.787145322
??,16559.0332,-4.682300198
??,16564.4165,-4.842322044
??,16569.7998,-4.567532446
??,16575.18311,-6.160998851
??,16580.56641,-8.764125573
??,16585.94971,-8.832138296
??,16591.33301,-9.934516165
??,16596.71631,-15.54311432
??,16602.09961,-6.39448376
??,16607.48291,-8.311581358
??,16612.86621,-11.29899281
??,16618.24951,-7.30110504
??,16623.63281,-9.932208455
??,16629.01611,-10.81536547
??,16634.39941,-3.439043649
??,16639.78271,-0.505806199
??,16645.16602,-2.590653081
??,16650.54932,-7.460140569
??,16655.93262,-13.19871902
??,16661.31592,-9.16383285
??,16666.69922,-8.866593648
??,16672.08252,-11.12704493
??,16677.46582,-12.48317837
??,16682.84912,-4.472857851
??,16688.23242,-3.440651169
??,16693.61572,-7.638674108
??,16698.99902,-16.80720346
??,16704.38232,-17.43701863
??,16709.76563,-6.549552157
??,16715.14893,-4.264800272
??,16720.53223,-6.710108394
??,16725.91553,-2.827794573
??,16731.29883,-1.365925548
??,16736.68213,-3.955666672
??,16742.06543,-5.331002844
??,16747.44873,-12.05040596
??,16752.83203,-18.03375093
??,16758.21533,-14.5082015
??,16763.59863,-6.470637983
??,16768.98193,-10.95945676
??,16774.36523,-7.412803731
??,16779.74854,-4.182990115
??,16785.13184,-4.103218893
??,16790.51514,-4.678520458
??,16795.89844,-6.38216252
??,16801.28174,-12.02082697
??,16806.66504,-17.54279611
??,16812.04834,-9.460387163
??,16817.43164,-5.774510124
??,16822.81494,-6.154926343
??,16828.19824,-11.4648182
??,16833.58154,-6.820543382
??,16838.96484,-5.856013486
??,16844.34814,-10.68192365
??,16849.73145,-11.71795636
??,16855.11475,-7.304754854
??,16860.49805,-7.032716956
??,16865.88135,-12.80150806
??,16871.26465,-18.00298748
??,16876.64795,-17.99690876
??,16882.03125,-8.662466251
??,16887.41455,-3.767252816
??,16892.79785,-11.97544284
??,16898.18115,-14.21703852
??,16903.56445,-16.75243929
??,16908.94775,-3.572342582
??,16914.33105,-2.594120191
??,16919.71436,-6.190611039
??,16925.09766,-12.0976969
??,16930.48096,-12.73679123
??,16935.86426,-9.162028718
??,16941.24756,-13.14228227
??,16946.63086,-26.34397344
??,16952.01416,-13.05700838
??,16957.39746,-9.670485365
??,16962.78076,-10.27725109
??,16968.16406,-6.516633941
??,16973.54736,-7.843352902
??,16978.93066,-14.60789563
??,16984.31396,-8.233154147
??,16989.69727,-12.16689539
??,16995.08057,-7.288341884
??,17000.46387,-5.306497786
??,17005.84717,-7.589132785
??,17011.23047,-18.85060989
??,17016.61377,-14.92348793
??,17021.99707,-10.57939538
??,17027.38037,-8.94521608
??,17032.76367,-17.49550614
??,17038.14697,-7.233335875
??,17043.53027,-5.095375571
??,17048.91357,-10.44183702
??,17054.29688,-4.499293509
??,17059.68018,-8.551911703
??,17065.06348,-9.798305504
??,17070.44678,-7.918963015
??,17075.83008,-6.387793683
??,17081.21338,-10.6334123
??,17086.59668,-11.83555162
??,17091.97998,-13.99770168
??,17097.36328,-10.05858635
??,17102.74658,-8.119095884
??,17108.12988,-12.93437348
??,17113.51318,-11.40761739
??,17118.89648,-13.73746701
??,17124.27979,-16.42326665
??,17129.66309,-17.60833344
??,17135.04639,-8.293126979
??,17140.42969,-3.065977692
??,17145.81299,-1.727468958
??,17151.19629,-9.108334045
??,17156.57959,-7.950055363
??,17161.96289,-5.041747057
??,17167.34619,-6.813088241
??,17172.72949,-8.466254394
??,17178.11279,-7.967556548
??,17183.49609,-6.341620123
??,17188.87939,-11.21777981
??,17194.2627,-17.02256946
??,17199.646,-11.91810609
??,17205.0293,-14.93425066
??,17210.4126,-11.35705436
??,17215.7959,-4.666811522
??,17221.1792,-7.939695826
??,17226.5625,-8.417138172
??,17231.9458,-8.15572931
??,17237.3291,-13.71095132
??,17242.7124,-19.35930539
??,17248.0957,-19.43096611
??,17253.479,-12.06875815
??,17258.8623,-9.058079218
??,17264.24561,-6.122468646
??,17269.62891,-8.946514611
??,17275.01221,-17.90330937
??,17280.39551,-11.66067507
??,17285.77881,-7.233672524
??,17291.16211,-11.60845146
??,17296.54541,-18.57611308
??,17301.92871,-8.444714356
??,17307.31201,-12.56451948
??,17312.69531,-4.606756895
??,17318.07861,-3.685791446
??,17323.46191,-7.04026629
??,17328.84521,-11.06274972
??,17334.22852,-8.957014039
??,17339.61182,-4.339011268
??,17344.99512,-8.552974278
??,17350.37842,-7.881582892
??,17355.76172,-4.281495969
??,17361.14502,-5.865550138
??,17366.52832,-15.7160703
??,17371.91162,-4.476848173
??,17377.29492,-6.125110756
??,17382.67822,-8.152293558
??,17388.06152,-7.070116596
??,17393.44482,-14.7820993
??,17398.82813,-5.887714668
??,17404.21143,-6.979924661
??,17409.59473,-13.66354591
??,17414.97803,-18.42185336
??,17420.36133,-23.55492117
??,17425.74463,-8.712696179
??,17431.12793,-5.2299707
??,17436.51123,-11.12815795
??,17441.89453,-13.0519979
??,17447.27783,-17.08551415
??,17452.66113,-19.9392105
??,17458.04443,-18.49868351
??,17463.42773,-12.7671701
??,17468.81104,-7.759259426
??,17474.19434,-9.16520955
??,17479.57764,-11.66959365
??,17484.96094,-14.45224641
??,17490.34424,-23.08700462
??,17495.72754,-19.02724067
??,17501.11084,-12.30531339
??,17506.49414,-11.35015887
??,17511.87744,-7.571280397
??,17517.26074,-5.269754065
??,17522.64404,-6.774522735
??,17528.02734,-8.405097593
??,17533.41064,-8.872275357
??,17538.79395,-5.696629771
??,17544.17725,-6.538660753
??,17549.56055,-9.466559861
??,17554.94385,-9.199690843
??,17560.32715,-10.91921481
??,17565.71045,-13.89767765
??,17571.09375,-9.689225255
??,17576.47705,-16.5733234
??,17581.86035,-21.55305266
??,17587.24365,-11.00062863
??,17592.62695,-9.317334567
??,17598.01025,-14.19339255
??,17603.39355,-26.87032939
??,17608.77686,-25.96302931
??,17614.16016,-8.633171614
??,17619.54346,-7.34329283
??,17624.92676,-15.89823817
??,17630.31006,-2.162503646
??,17635.69336,-1.942889069
??,17641.07666,-6.867961407
??,17646.45996,-8.350519086
??,17651.84326,-7.157657214
??,17657.22656,-3.265396373
??,17662.60986,-5.439803049
??,17667.99316,-15.29672112
??,17673.37646,-9.192098885
??,17678.75977,-12.78700027
??,17684.14307,-5.556023091
??,17689.52637,-2.327756082
??,17694.90967,-6.08516495
??,17700.29297,-6.410336716
??,17705.67627,-4.486059339
??,17711.05957,-7.325657034
??,17716.44287,-10.71917311
??,17721.82617,-12.56851414
??,17727.20947,-9.177907298
??,17732.59277,-6.751610704
??,17737.97607,-10.14909348
??,17743.35938,-10.90893741
??,17748.74268,-8.427698641
??,17754.12598,-9.083486486
??,17759.50928,-12.02312989
??,17764.89258,-14.32620254
??,17770.27588,-14.35968454
??,17775.65918,-9.1704602
??,17781.04248,-10.18747008
??,17786.42578,-10.50188425
??,17791.80908,-10.1798323
??,17797.19238,-15.25352169
??,17802.57568,-19.99251271
??,17807.95898,-8.629977925
??,17813.34229,-8.789887614
??,17818.72559,-8.247161247
??,17824.10889,-9.363634217
??,17829.49219,-14.53318036
??,17834.87549,-13.63585419
??,17840.25879,-8.455421921
??,17845.64209,-4.279751452
??,17851.02539,-8.451964667
??,17856.40869,-7.519479856
??,17861.79199,-5.127797279
??,17867.17529,-5.874547594
??,17872.55859,-3.305584744
??,17877.94189,-3.278317149
??,17883.3252,-7.542007353
??,17888.7085,-12.48146673
??,17894.0918,-11.21240452
??,17899.4751,-12.70196577
??,17904.8584,-11.2434893
??,17910.2417,-10.4777325
??,17915.625,-9.823327539
??,17921.0083,-5.645845507
??,17926.3916,-2.991789036
??,17931.7749,-2.761157098
??,17937.1582,-2.340707681
??,17942.5415,-3.329306932
??,17947.9248,-10.23540912
??,17953.30811,-8.1007191
??,17958.69141,-6.45541089
??,17964.07471,-9.787776796
??,17969.45801,-8.946869775
??,17974.84131,-5.899655711
??,17980.22461,-3.412357957
??,17985.60791,-4.518214215
??,17990.99121,-7.777475452
??,17996.37451,-6.785049808
??,18001.75781,-6.702370807
??,18007.14111,-35.73990154
??,18012.52441,-7.484222018
??,18017.90771,-8.236410794
??,18023.29102,-9.927333958
??,18028.67432,-30.15123396
??,18034.05762,-14.91685456
??,18039.44092,-28.00147157
??,18044.82422,-13.60011285
??,18050.20752,-12.13048937
??,18055.59082,-18.1796803
??,18060.97412,-18.45946385
??,18066.35742,-9.937916334
??,18071.74072,-5.769348332
??,18077.12402,-7.070271894
??,18082.50732,-4.698423682
??,18087.89063,-8.337645296
??,18093.27393,-16.29996604
??,18098.65723,-10.76341273
??,18104.04053,-12.76270362
??,18109.42383,-22.49696951
??,18114.80713,-16.84781799
??,18120.19043,-21.94908928
??,18125.57373,-19.43024244
??,18130.95703,-9.568537355
??,18136.34033,-12.34565421
??,18141.72363,-18.24477661
??,18147.10693,-10.98824492
??,18152.49023,-16.66991973
??,18157.87354,-17.19922593
??,18163.25684,-10.88263456
??,18168.64014,-12.01589051
??,18174.02344,-9.021104408
??,18179.40674,-13.60425678
??,18184.79004,-9.972952354
??,18190.17334,-13.87668972
??,18195.55664,-21.74858337
??,18200.93994,-8.9440253
??,18206.32324,-4.1558536
??,18211.70654,-5.99532807
??,18217.08984,-8.287691821
??,18222.47314,-8.734069808
??,18227.85645,-12.40691984
??,18233.23975,-12.01932607
??,18238.62305,-9.302785322
??,18244.00635,-6.495991847
??,18249.38965,-11.86937469
??,18254.77295,-7.299964111
??,18260.15625,-6.542982464
??,18265.53955,-11.56404162
??,18270.92285,-13.45255643
??,18276.30615,-13.63274197
??,18281.68945,-22.19782388
??,18287.07275,-14.33151774
??,18292.45605,-9.235795125
??,18297.83936,-9.994703721
??,18303.22266,-9.941775672
??,18308.60596,-11.43335552
??,18313.98926,-15.0278906
??,18319.37256,-10.73612851
??,18324.75586,-13.80047796
??,18330.13916,-19.0461983
??,18335.52246,-10.54916888
??,18340.90576,-8.400794707
??,18346.28906,-7.437119371
??,18351.67236,-10.91912569
??,18357.05566,-19.01083196
??,18362.43896,-10.15257612
??,18367.82227,-10.80556736
??,18373.20557,-9.858132451
??,18378.58887,-4.511284247
??,18383.97217,-6.385209628
??,18389.35547,-8.107400882
??,18394.73877,-9.180604729
??,18400.12207,-8.675692671
??,18405.50537,-6.040388021
??,18410.88867,-15.2938657
??,18416.27197,-13.05499493
??,18421.65527,-12.04543962
??,18427.03857,-10.03183481
??,18432.42188,-4.56710731
??,18437.80518,-4.131641247
??,18443.18848,-15.63867974
??,18448.57178,-6.502177425
??,18453.95508,-3.218189854
??,18459.33838,-8.108536194
??,18464.72168,-9.032775621
??,18470.10498,-11.05264695
??,18475.48828,-21.7053421
??,18480.87158,-32.83154303
??,18486.25488,-43.73404666
??,18491.63818,-11.51875062
??,18497.02148,-6.241924214
??,18502.40479,-8.715030365
??,18507.78809,-15.55605393
??,18513.17139,-24.80454335
??,18518.55469,-18.60989752
??,18523.93799,-5.473651743
??,18529.32129,-4.472956211
??,18534.70459,-11.6736453
??,18540.08789,-25.33901526
??,18545.47119,-13.56316704
??,18550.85449,-20.08660783
??,18556.23779,-13.35453383
??,18561.62109,-8.418407151
??,18567.00439,-7.357289196
??,18572.3877,-23.56059162
??,18577.771,-6.816320917
??,18583.1543,-12.10955674
??,18588.5376,-11.65299425
??,18593.9209,-7.491070748
??,18599.3042,-5.332250517
??,18604.6875,-7.73285997
??,18610.0708,-12.50782216
??,18615.4541,-11.84826981
??,18620.8374,-17.70604899
??,18626.2207,-17.11172474
??,18631.604,-11.38471161
??,18636.9873,-10.45504719
??,18642.37061,-9.910818285
??,18647.75391,-12.07968793
??,18653.13721,-8.197244988
??,18658.52051,-6.699014146
??,18663.90381,-6.96687586
??,18669.28711,-9.158855035
??,18674.67041,-14.62151067
??,18680.05371,-8.922155451
??,18685.43701,-9.62718826
??,18690.82031,-31.55803224
??,18696.20361,-9.507913433
??,18701.58691,-11.61735265
??,18706.97021,-10.87392378
??,18712.35352,-9.689643167
??,18717.73682,-16.09663506
??,18723.12012,-5.727946483
??,18728.50342,-9.478925009
??,18733.88672,-28.1592915
??,18739.27002,-24.93343069
??,18744.65332,-16.59220098
??,18750.03662,-14.82842787
??,18755.41992,-15.24274307
??,18760.80322,-22.68445078
??,18766.18652,-16.25557968
??,18771.56982,-12.21593552
??,18776.95313,-15.67292054
??,18782.33643,-22.46585482
??,18787.71973,-23.10448592
??,18793.10303,-13.47592117
??,18798.48633,-16.48511279
??,18803.86963,-24.90816328
??,18809.25293,-17.96792742
??,18814.63623,-10.61897414
??,18820.01953,-16.79801941
??,18825.40283,-16.79922381
??,18830.78613,-12.45025626
??,18836.16943,-9.721361997
??,18841.55273,-9.210077198
??,18846.93604,-23.70098296
??,18852.31934,-9.704243406
??,18857.70264,-7.306934308
??,18863.08594,-15.81949484
??,18868.46924,-17.832635
??,18873.85254,-15.75894986
??,18879.23584,-13.69828065
??,18884.61914,-15.07007149
??,18890.00244,-13.33439352
??,18895.38574,-11.43105542
??,18900.76904,-20.18593629
??,18906.15234,-18.73689448
??,18911.53564,-12.39467795
??,18916.91895,-17.838848
??,18922.30225,-9.896926621
??,18927.68555,-7.421132105
??,18933.06885,-16.24819838
??,18938.45215,-12.44916715
??,18943.83545,-9.736784528
??,18949.21875,-13.49826751
??,18954.60205,-13.9976425
??,18959.98535,-6.632945154
??,18965.36865,-8.467670856
??,18970.75195,-11.75347585
??,18976.13525,-12.99960768
??,18981.51855,-28.0334774
??,18986.90186,-18.73042999
??,18992.28516,-12.62176734
??,18997.66846,-10.55767275
??,19003.05176,-14.77375513
??,19008.43506,-19.42418272
??,19013.81836,-11.93009512
??,19019.20166,-15.35919538
??,19024.58496,-24.45017935
??,19029.96826,-21.17412531
??,19035.35156,-12.61889293
??,19040.73486,-15.64446686
??,19046.11816,-11.64228469
??,19051.50146,-15.61095248
??,19056.88477,-17.69877197
??,19062.26807,-19.31295775
??,19067.65137,-6.467255742
??,19073.03467,-7.791056779
??,19078.41797,-9.482992086
??,19083.80127,-7.065537328
??,19089.18457,-9.710778927
??,19094.56787,-13.53035117
??,19099.95117,-18.0016791
??,19105.33447,-17.6748465
??,19110.71777,-14.55680211
??,19116.10107,-9.931212591
??,19121.48438,-10.26063974
??,19126.86768,-13.64507359
??,19132.25098,-11.36424512
??,19137.63428,-13.07489017
??,19143.01758,-8.536001003
??,19148.40088,-6.952947838
??,19153.78418,-10.76677621
??,19159.16748,-12.360812
??,19164.55078,-13.31149566
??,19169.93408,-10.13378719
??,19175.31738,-8.366156059
??,19180.70068,-20.38553158
??,19186.08398,-12.93353505
??,19191.46729,-17.09453497
??,19196.85059,-17.73118988
??,19202.23389,-11.18534304
??,19207.61719,-10.67788393
??,19213.00049,-18.37085887
??,19218.38379,-13.31116242
??,19223.76709,-12.36770449
??,19229.15039,-16.93292153
??,19234.53369,-9.708088891
??,19239.91699,-19.54170994
??,19245.30029,-11.91815347
??,19250.68359,-13.06084875
??,19256.06689,-18.39229602
??,19261.4502,-21.83565023
??,19266.8335,-17.21287725
??,19272.2168,-16.20003491
??,19277.6001,-13.47116019
??,19282.9834,-10.97194688
??,19288.3667,-10.41740463
??,19293.75,-16.59164214
??,19299.1333,-16.49715966
??,19304.5166,-11.88111206
??,19309.8999,-12.94595279
??,19315.2832,-14.85739801
??,19320.6665,-12.7716251
??,19326.0498,-7.650588639
??,19331.43311,-13.09850338
??,19336.81641,-20.37619092
??,19342.19971,-19.24202235
??,19347.58301,-20.87611346
??,19352.96631,-30.10756654
??,19358.34961,-22.29626544
??,19363.73291,-22.61125917
??,19369.11621,-22.37013199
??,19374.49951,-12.32930876
??,19379.88281,-11.10081786
??,19385.26611,-18.91947812
??,19390.64941,-7.609918184
??,19396.03271,-6.776508591
??,19401.41602,-13.08018401
??,19406.79932,-19.06791445
??,19412.18262,-14.20143352
??,19417.56592,-11.78040676
??,19422.94922,-11.92547371
??,19428.33252,-12.73410435
??,19433.71582,-12.00360071
??,19439.09912,-15.86582963
??,19444.48242,-17.74793985
??,19449.86572,-18.20959469
??,19455.24902,-13.0453113
??,19460.63232,-13.45639969
??,19466.01563,-16.53265854
??,19471.39893,-12.69236065
??,19476.78223,-16.40463973
??,19482.16553,-15.09625624
??,19487.54883,-20.49595525
??,19492.93213,-10.65092099
??,19498.31543,-11.13165425
??,19503.69873,-17.83659132
??,19509.08203,-13.56902288
??,19514.46533,-19.39444342
??,19519.84863,-30.38678371
??,19525.23193,-16.88488986
??,19530.61523,-16.1906774
??,19535.99854,-21.32869412
??,19541.38184,-19.60782019
??,19546.76514,-26.23870596
??,19552.14844,-13.45600914
??,19557.53174,-10.26251435
??,19562.91504,-10.19093323
??,19568.29834,-7.202188232
??,19573.68164,-11.41719666
??,19579.06494,-21.49288756
??,19584.44824,-13.72587635
??,19589.83154,-12.2565159
??,19595.21484,-8.931892309
??,19600.59814,-9.197387622
??,19605.98145,-10.43387944
??,19611.36475,-10.05306933
??,19616.74805,-14.05060911
??,19622.13135,-17.70599618
??,19627.51465,-20.78662449
??,19632.89795,-23.14093198
??,19638.28125,-33.87972535
??,19643.66455,-24.27152923
??,19649.04785,-20.25464203
??,19654.43115,-21.16575454
??,19659.81445,-12.68715882
??,19665.19775,-8.432383427
??,19670.58105,-15.87854322
??,19675.96436,-7.931552483
??,19681.34766,-7.800363093
??,19686.73096,-24.06996822
??,19692.11426,-19.07866033
??,19697.49756,-17.84296972
??,19702.88086,-16.30116316
??,19708.26416,-18.33757692
??,19713.64746,-18.66543433
??,19719.03076,-15.98088118
??,19724.41406,-16.85091364
??,19729.79736,-13.53208981
??,19735.18066,-12.01137322
??,19740.56396,-18.70016822
??,19745.94727,-9.22453551
??,19751.33057,-10.12593945
??,19756.71387,-14.96459863
??,19762.09717,-45.15011363
??,19767.48047,-17.74659917
??,19772.86377,-15.73821783
??,19778.24707,-14.16361867
??,19783.63037,-15.52929142
??,19789.01367,-18.61822069
??,19794.39697,-26.18666113
??,19799.78027,-14.84917274
??,19805.16357,-14.93818522
??,19810.54688,-11.06847137
??,19815.93018,-13.80146932
??,19821.31348,-25.92642243
??,19826.69678,-16.2977687
??,19832.08008,-9.376210495
??,19837.46338,-8.046606368
??,19842.84668,-7.438885861
??,19848.22998,-13.60164417
??,19853.61328,-18.78526426
??,19858.99658,-13.53552926
??,19864.37988,-12.7359451
??,19869.76318,-11.91679703
??,19875.14648,-15.74485014
??,19880.52979,-28.2429866
??,19885.91309,-12.92264397
??,19891.29639,-12.36325589
??,19896.67969,-17.52638417
??,19902.06299,-28.18429592
??,19907.44629,-23.24482792
??,19912.82959,-25.21922587
??,19918.21289,-18.04570675
??,19923.59619,-9.410348623
??,19928.97949,-8.192928484
??,19934.36279,-12.67315286
??,19939.74609,-18.12715928
??,19945.12939,-11.96158465
??,19950.5127,-9.069151887
??,19955.896,-10.36450678
??,19961.2793,-8.973041261
??,19966.6626,-11.00341324
??,19972.0459,-14.03636966
??,19977.4292,-12.73160487
??,19982.8125,-14.4577855
??,19988.1958,-23.76350042
??,19993.5791,-27.38696151
??,19998.9624,-21.57743629
??,20004.3457,-30.87326405
??,20009.729,-15.2263695
??,20015.1123,-13.7031194
??,20020.49561,-17.04730446
??,20025.87891,-14.35563513
??,20031.26221,-15.66551329
??,20036.64551,-18.97234347
??,20042.02881,-23.57664617
??,20047.41211,-21.98299651
??,20052.79541,-12.71691625
??,20058.17871,-15.2898425
??,20063.56201,-13.1875706
??,20068.94531,-11.31048992
??,20074.32861,-13.3421562
??,20079.71191,-11.10587265
??,20085.09521,-15.53515225
??,20090.47852,-16.42377488
??,20095.86182,-19.34734384
??,20101.24512,-17.23638706
??,20106.62842,-22.59027519
??,20112.01172,-14.49550938
??,20117.39502,-13.9682032
??,20122.77832,-22.57424144
??,20128.16162,-18.79635815
??,20133.54492,-16.69574903
??,20138.92822,-19.46497637
??,20144.31152,-9.912131765
??,20149.69482,-12.15301985
??,20155.07813,-21.87027993
??,20160.46143,-9.582985023
??,20165.84473,-15.3406987
??,20171.22803,-12.67311109
??,20176.61133,-9.887513092
??,20181.99463,-10.43271256
??,20187.37793,-12.99937393
??,20192.76123,-20.17361083
??,20198.14453,-16.29303437
??,20203.52783,-14.28649952
??,20208.91113,-15.88908074
??,20214.29443,-14.31520547
??,20219.67773,-7.48414322
??,20225.06104,-9.533857406
??,20230.44434,-20.43206772
??,20235.82764,-15.6928186
??,20241.21094,-10.50374541
??,20246.59424,-11.578397
??,20251.97754,-11.06972117
??,20257.36084,-18.39576251
??,20262.74414,-14.31081034
??,20268.12744,-8.233005989
??,20273.51074,-6.435442571
??,20278.89404,-10.59117541
??,20284.27734,-25.8248671
??,20289.66064,-12.89122941
??,20295.04395,-12.02178089
??,20300.42725,-18.80830969
??,20305.81055,-27.28727951
??,20311.19385,-28.98669625
??,20316.57715,-16.15142909
??,20321.96045,-16.70539922
??,20327.34375,-33.89196834
??,20332.72705,-15.63137459
??,20338.11035,-18.17056475
??,20343.49365,-19.69045745
??,20348.87695,-12.64472161
??,20354.26025,-18.33467931
??,20359.64355,-23.50251188
??,20365.02686,-19.05644615
??,20370.41016,-16.93204136
??,20375.79346,-11.44426348
??,20381.17676,-12.79294877
??,20386.56006,-19.31335094
??,20391.94336,-22.70530232
??,20397.32666,-13.69209606
??,20402.70996,-9.238480388
??,20408.09326,-9.628459812
??,20413.47656,-16.02327956
??,20418.85986,-26.37419968
??,20424.24316,-14.29035694
??,20429.62646,-17.48858889
??,20435.00977,-15.67613188
??,20440.39307,-10.18040382
??,20445.77637,-10.06464495
??,20451.15967,-21.52721834
??,20456.54297,-12.35892363
??,20461.92627,-11.06342727
??,20467.30957,-16.12397961
??,20472.69287,-16.64549193
??,20478.07617,-22.77748595
??,20483.45947,-21.88547835
??,20488.84277,-15.05021917
??,20494.22607,-11.71470542
??,20499.60938,-13.15557118
??,20504.99268,-17.24549207
??,20510.37598,-13.5859217
??,20515.75928,-10.98541411
??,20521.14258,-15.54247725
??,20526.52588,-9.168683455
??,20531.90918,-8.055505282
??,20537.29248,-15.42746717
??,20542.67578,-15.55788389
??,20548.05908,-10.06206004
??,20553.44238,-15.24202345
??,20558.82568,-19.79390234
??,20564.20898,-19.36152006
??,20569.59229,-9.387138652
??,20574.97559,-11.68437158
??,20580.35889,-33.09088422
??,20585.74219,-28.16316269
??,20591.12549,-18.29672234
??,20596.50879,-11.31190544
??,20601.89209,-9.190283806
??,20607.27539,-15.39412911
??,20612.65869,-26.53231469
??,20618.04199,-18.08395704
??,20623.42529,-19.50242187
??,20628.80859,-13.63701775
??,20634.19189,-11.52822064
??,20639.5752,-12.77678361
??,20644.9585,-12.25654877
??,20650.3418,-14.46693444
??,20655.7251,-16.73016806
??,20661.1084,-11.73404559
??,20666.4917,-14.43476194
??,20671.875,-16.77491185
??,20677.2583,-7.186314248
??,20682.6416,-7.158018514
??,20688.0249,-17.75393497
??,20693.4082,-15.97692614
??,20698.7915,-15.19846191
??,20704.1748,-13.86129528
??,20709.55811,-16.50014074
??,20714.94141,-22.91309679
??,20720.32471,-12.47686913
??,20725.70801,-13.36700515
??,20731.09131,-17.58790262
??,20736.47461,-16.01704676
??,20741.85791,-17.54451094
??,20747.24121,-17.98365796
??,20752.62451,-12.55284826
??,20758.00781,-11.36707195
??,20763.39111,-21.39254142
??,20768.77441,-10.66996384
??,20774.15771,-19.86355622
??,20779.54102,-13.37014703
??,20784.92432,-14.98541288
??,20790.30762,-15.15813829
??,20795.69092,-23.06673341
??,20801.07422,-12.55753646
??,20806.45752,-12.7161368
??,20811.84082,-29.98090944
??,20817.22412,-17.78400285
??,20822.60742,-18.38037171
??,20827.99072,-18.88394159
??,20833.37402,-14.07646714
??,20838.75732,-21.22210811
??,20844.14063,-13.44759236
??,20849.52393,-11.05416894
??,20854.90723,-15.67934018
??,20860.29053,-32.6014122
??,20865.67383,-17.10199328
??,20871.05713,-15.87839659
??,20876.44043,-19.7401116
??,20881.82373,-16.76877576
??,20887.20703,-16.75331816
??,20892.59033,-16.17800026
??,20897.97363,-20.82587859
??,20903.35693,-24.21721159
??,20908.74023,-15.55830793
??,20914.12354,-15.71954791
??,20919.50684,-22.99395365
??,20924.89014,-19.64413297
??,20930.27344,-19.43103194
??,20935.65674,-16.14609829
??,20941.04004,-13.22299666
??,20946.42334,-17.3355768
??,20951.80664,-15.61210394
??,20957.18994,-14.6945533
??,20962.57324,-23.54436337
??,20967.95654,-17.80370042
??,20973.33984,-17.31995371
??,20978.72314,-17.70333962
??,20984.10645,-19.07491968
??,20989.48975,-19.31687328
??,20994.87305,-22.18498292
??,21000.25635,-27.95503307
??,21005.63965,-19.7039591
??,21011.02295,-18.00515608
??,21016.40625,-14.76070178
??,21021.78955,-11.73834361
??,21027.17285,-22.07255423
??,21032.55615,-10.65279036
??,21037.93945,-15.29948624
??,21043.32275,-11.50295923
??,21048.70605,-15.38786232
??,21054.08936,-16.06334976
??,21059.47266,-9.068302093
??,21064.85596,-8.93977301
??,21070.23926,-11.14844855
??,21075.62256,-26.772679
??,21081.00586,-19.16105843
??,21086.38916,-21.03386044
??,21091.77246,-22.44268147
??,21097.15576,-15.59996347
??,21102.53906,-19.03225981
??,21107.92236,-16.94815505
??,21113.30566,-12.81253602
??,21118.68896,-12.1733232
??,21124.07227,-29.54279259
??,21129.45557,-30.55025274
??,21134.83887,-10.34567927
??,21140.22217,-10.52217934
??,21145.60547,-20.57619792
??,21150.98877,-21.34040616
??,21156.37207,-16.30230428
??,21161.75537,-12.03195924
??,21167.13867,-9.172184219
??,21172.52197,-12.31554645
??,21177.90527,-22.84276092
??,21183.28857,-28.57910509
??,21188.67188,-17.52928488
??,21194.05518,-12.88919399
??,21199.43848,-17.79662327
??,21204.82178,-18.11765068
??,21210.20508,-12.35617737
??,21215.58838,-21.29706502
??,21220.97168,-20.77497598
??,21226.35498,-23.41583511
??,21231.73828,-21.8153865
??,21237.12158,-24.30616733
??,21242.50488,-16.36402734
??,21247.88818,-12.74937137
??,21253.27148,-17.2721459
??,21258.65479,-12.41473954
??,21264.03809,-9.655517365
??,21269.42139,-18.79646015
??,21274.80469,-17.20256165
??,21280.18799,-29.22876195
??,21285.57129,-13.16571725
??,21290.95459,-15.92906379
??,21296.33789,-17.1334219
??,21301.72119,-16.28179049
??,21307.10449,-28.36501198
??,21312.48779,-17.51418072
??,21317.87109,-27.67357531
??,21323.25439,-20.52642815
??,21328.6377,-20.72435361
??,21334.021,-12.37201649
??,21339.4043,-21.93539487
??,21344.7876,-12.97171094
??,21350.1709,-10.35817326
??,21355.5542,-31.99976166
??,21360.9375,-9.849985744
??,21366.3208,-12.91831885
??,21371.7041,-13.67718377
??,21377.0874,-16.84751008
??,21382.4707,-16.39008957
??,21387.854,-19.44080036
??,21393.2373,-16.25894888
??,21398.62061,-18.03301337
??,21404.00391,-21.91748039
??,21409.38721,-16.69515784
??,21414.77051,-12.88242002
??,21420.15381,-42.2363142
??,21425.53711,-15.11667301
??,21430.92041,-22.00317712
??,21436.30371,-23.87813124
??,21441.68701,-15.37924783
??,21447.07031,-16.54827574
??,21452.45361,-23.31308777
??,21457.83691,-15.7331086
??,21463.22021,-16.01058635
??,21468.60352,-26.44423456
??,21473.98682,-14.54003558
??,21479.37012,-14.18347313
??,21484.75342,-31.50808395
??,21490.13672,-11.2934285
??,21495.52002,-13.03607934
??,21500.90332,-15.3124625
??,21506.28662,-7.337474094
??,21511.66992,-8.121316965
??,21517.05322,-11.80238816
??,21522.43652,-18.79038889
??,21527.81982,-14.8181497
??,21533.20313,-14.47643291
??,21538.58643,-12.95483569
??,21543.96973,-14.54243632
??,21549.35303,-17.29772139
??,21554.73633,-12.34717503
??,21560.11963,-15.87793735
??,21565.50293,-27.60621992
??,21570.88623,-24.12771412
??,21576.26953,-14.3770083
??,21581.65283,-18.96688187
??,21587.03613,-16.48475214
??,21592.41943,-18.20616723
??,21597.80273,-22.25806054
??,21603.18604,-23.80459023
??,21608.56934,-34.73549634
??,21613.95264,-21.48417632
??,21619.33594,-26.74325654
??,21624.71924,-11.23876849
??,21630.10254,-11.54061429
??,21635.48584,-11.44151296
??,21640.86914,-11.57483587
??,21646.25244,-12.25534798
??,21651.63574,-11.99968177
??,21657.01904,-25.54880878
??,21662.40234,-15.95193995
??,21667.78564,-18.76837615
??,21673.16895,-12.49024343
??,21678.55225,-14.19137622
??,21683.93555,-22.21013097
??,21689.31885,-17.62247531
??,21694.70215,-13.48624692
??,21700.08545,-23.64621266
??,21705.46875,-19.11148287
??,21710.85205,-26.75419147
??,21716.23535,-22.49051822
??,21721.61865,-27.83049289
??,21727.00195,-15.49866407
??,21732.38525,-13.55660685
??,21737.76855,-15.52761898
??,21743.15186,-17.90764846
??,21748.53516,-13.2311888
??,21753.91846,-13.05056117
??,21759.30176,-23.75498781
??,21764.68506,-20.84876225
??,21770.06836,-16.58385114
??,21775.45166,-12.88635721
??,21780.83496,-13.07155721
??,21786.21826,-13.82806979
??,21791.60156,-15.32022551
??,21796.98486,-13.97052755
??,21802.36816,-13.35073669
??,21807.75146,-12.05614446
??,21813.13477,-13.84355035
??,21818.51807,-21.15542932
??,21823.90137,-10.00654157
??,21829.28467,-10.88286499
??,21834.66797,-31.63616198
??,21840.05127,-15.32525509
??,21845.43457,-24.01203053
??,21850.81787,-20.23965869
??,21856.20117,-20.10512838
??,21861.58447,-23.7542347
??,21866.96777,-15.87264482
??,21872.35107,-21.21295315
??,21877.73438,-15.05062315
??,21883.11768,-12.99355058
??,21888.50098,-18.90255362
??,21893.88428,-14.16683763
??,21899.26758,-18.25282193
??,21904.65088,-20.38867159
??,21910.03418,-13.35879845
??,21915.41748,-15.61819764
??,21920.80078,-18.43881867
??,21926.18408,-17.90283793
??,21931.56738,-24.84012805
??,21936.95068,-14.7286461
??,21942.33398,-19.27638074
??,21947.71729,-17.61658297
??,21953.10059,-29.38737915
??,21958.48389,-25.42586391
??,21963.86719,-23.09286479
??,21969.25049,-17.27816459
??,21974.63379,-20.04905753
??,21980.01709,-24.52535886
??,21985.40039,-17.46552414
??,21990.78369,-15.77575234
??,21996.16699,-16.81696688
??,22001.55029,-19.45167433
??,22006.93359,-22.17868718
??,22012.31689,-26.02306888
??,22017.7002,-12.24249907
??,22023.0835,-7.800326274
??,22028.4668,-11.05208022
??,22033.8501,-19.53577346
??,22039.2334,-24.40495807
??,22044.6167,-18.8356923
??,22050,-15.16410664
