Filename,var1,var2,Vowel,seg_Start,seg_End,t,t_ms,f0,H1H2c,CPP,ATR,Gender
Attah-021_mono,Attah-021,mono,i,75.754,75.881,1,75.759,139.288,8.482,15.336,+ATR,M
Attah-021_mono,Attah-021,mono,i,75.754,75.881,2,75.764,141.178,8.041,20.049,+ATR,M
Attah-021_mono,Attah-021,mono,i,75.754,75.881,3,75.769,143.069,8.569,17.407,+ATR,M
Attah-021_mono,Attah-021,mono,i,75.754,75.881,4,75.774,144.841,9.652,21.96,+ATR,M
Attah-021_mono,Attah-021,mono,i,75.754,75.881,5,75.779,146.593,10.193,21.714,+ATR,M
Attah-021_mono,Attah-021,mono,i,75.754,75.881,6,75.784,148.345,10.244,21.392,+ATR,M
Attah-021_mono,Attah-021,mono,i,75.754,75.881,7,75.789,148.683,10.511,23.739,+ATR,M
Attah-021_mono,Attah-021,mono,i,75.754,75.881,8,75.794,148.771,10.148,25.216,+ATR,M
Attah-021_mono,Attah-021,mono,i,75.754,75.881,9,75.799,148.858,9.82,24.977,+ATR,M
Attah-021_mono,Attah-021,mono,i,75.754,75.881,10,75.804,148.484,10.229,21.559,+ATR,M
Attah-021_mono,Attah-021,mono,i,75.754,75.881,11,75.809,148.028,10.656,21.218,+ATR,M
Attah-021_mono,Attah-021,mono,i,75.754,75.881,12,75.814,147.571,10.273,21.917,+ATR,M
Attah-021_mono,Attah-021,mono,i,75.754,75.881,13,75.819,147.294,10.407,22.079,+ATR,M
Attah-021_mono,Attah-021,mono,i,75.754,75.881,14,75.824,147.048,10.598,23.859,+ATR,M
Attah-021_mono,Attah-021,mono,i,75.754,75.881,15,75.829,146.802,10.485,20.235,+ATR,M
Attah-021_mono,Attah-021,mono,i,75.754,75.881,16,75.834,146.418,10.243,16.448,+ATR,M
Attah-021_mono,Attah-021,mono,i,75.754,75.881,17,75.839,146.01,9.946,16.188,+ATR,M
Attah-021_mono,Attah-021,mono,i,75.754,75.881,18,75.844,145.602,7.022,11.276,+ATR,M
Attah-021_mono,Attah-021,mono,i,75.754,75.881,19,75.849,144.658,4.283,12.737,+ATR,M
Attah-021_mono,Attah-021,mono,i,75.754,75.881,20,75.854,143.62,6.498,12.338,+ATR,M
Attah-021_mono,Attah-021,mono,i,75.754,75.881,21,75.859,142.582,3.663,12.204,+ATR,M
Attah-021_mono,Attah-021,mono,i,75.754,75.881,22,75.864,142.426,3.787,16.25,+ATR,M
Attah-021_mono,Attah-021,mono,i,75.754,75.881,23,75.869,142.427,4.453,12.25,+ATR,M
Attah-021_mono,Attah-021,mono,i,75.754,75.881,24,75.874,142.428,4.508,14.424,+ATR,M
Attah-021_mono,Attah-021,mono,i,75.754,75.881,25,75.879,142.774,10.812,13.154,+ATR,M
Attah-021_mono,Attah-021,mono,ɪ,77.384,77.561,1,77.389,141.668,14.513,17.502,-ATR,M
Attah-021_mono,Attah-021,mono,ɪ,77.384,77.561,2,77.394,142.969,11.394,16.143,-ATR,M
Attah-021_mono,Attah-021,mono,ɪ,77.384,77.561,3,77.399,143.862,9.779,17.082,-ATR,M
Attah-021_mono,Attah-021,mono,ɪ,77.384,77.561,4,77.404,144.755,7.332,12.031,-ATR,M
Attah-021_mono,Attah-021,mono,ɪ,77.384,77.561,5,77.409,145.168,5.776,21.993,-ATR,M
Attah-021_mono,Attah-021,mono,ɪ,77.384,77.561,6,77.414,145.453,4.041,23.291,-ATR,M
Attah-021_mono,Attah-021,mono,ɪ,77.384,77.561,7,77.419,145.739,2.707,25.325,-ATR,M
Attah-021_mono,Attah-021,mono,ɪ,77.384,77.561,8,77.424,146.466,3.181,21.384,-ATR,M
Attah-021_mono,Attah-021,mono,ɪ,77.384,77.561,9,77.429,147.311,4.245,25.335,-ATR,M
Attah-021_mono,Attah-021,mono,ɪ,77.384,77.561,10,77.434,148.156,4.737,24.314,-ATR,M
Attah-021_mono,Attah-021,mono,ɪ,77.384,77.561,11,77.439,149.122,5.556,23.736,-ATR,M
Attah-021_mono,Attah-021,mono,ɪ,77.384,77.561,12,77.444,150.12,6.085,22.413,-ATR,M
Attah-021_mono,Attah-021,mono,ɪ,77.384,77.561,13,77.449,151.119,6.136,22.06,-ATR,M
Attah-021_mono,Attah-021,mono,ɪ,77.384,77.561,14,77.454,151.621,6.132,25.668,-ATR,M
Attah-021_mono,Attah-021,mono,ɪ,77.384,77.561,15,77.459,151.991,6.199,24.63,-ATR,M
Attah-021_mono,Attah-021,mono,ɪ,77.384,77.561,16,77.464,152.362,6.157,25.158,-ATR,M
Attah-021_mono,Attah-021,mono,ɪ,77.384,77.561,17,77.469,152.239,5.956,22.857,-ATR,M
Attah-021_mono,Attah-021,mono,ɪ,77.384,77.561,18,77.474,151.987,6.135,22.783,-ATR,M
Attah-021_mono,Attah-021,mono,ɪ,77.384,77.561,19,77.479,151.735,6.731,22.627,-ATR,M
Attah-021_mono,Attah-021,mono,ɪ,77.384,77.561,20,77.484,151.412,7.329,21.881,-ATR,M
Attah-021_mono,Attah-021,mono,ɪ,77.384,77.561,21,77.489,151.071,7.984,18.226,-ATR,M
Attah-021_mono,Attah-021,mono,ɪ,77.384,77.561,22,77.494,150.73,8.829,17.219,-ATR,M
Attah-021_mono,Attah-021,mono,ɪ,77.384,77.561,23,77.499,150.651,10.165,16.943,-ATR,M
Attah-021_mono,Attah-021,mono,ɪ,77.384,77.561,24,77.504,150.641,12.06,16.714,-ATR,M
Attah-021_mono,Attah-021,mono,ɪ,77.384,77.561,25,77.509,150.632,14.866,16.145,-ATR,M
Attah-021_mono,Attah-021,mono,ɪ,77.384,77.561,26,77.514,150.547,19.076,14.116,-ATR,M
Attah-021_mono,Attah-021,mono,ɪ,77.384,77.561,27,77.519,150.442,22.284,13.148,-ATR,M
Attah-021_mono,Attah-021,mono,ɪ,77.384,77.561,28,77.524,150.337,17.502,13.797,-ATR,M
Attah-021_mono,Attah-021,mono,ɪ,77.384,77.561,29,77.529,149.412,16.279,11.461,-ATR,M
Attah-021_mono,Attah-021,mono,ɪ,77.384,77.561,30,77.534,148.269,14.804,12.497,-ATR,M
Attah-021_mono,Attah-021,mono,ɪ,77.384,77.561,31,77.539,147.127,12.079,13.765,-ATR,M
Attah-021_mono,Attah-021,mono,ɪ,77.384,77.561,32,77.544,145.229,12.89,15.912,-ATR,M
Attah-021_mono,Attah-021,mono,ɪ,77.384,77.561,33,77.549,143.133,10.585,10.457,-ATR,M
Attah-021_mono,Attah-021,mono,ɪ,77.384,77.561,34,77.554,141.036,14.115,12.67,-ATR,M
Attah-021_mono,Attah-021,mono,ɪ,77.384,77.561,35,77.559,140.597,11.331,13.222,-ATR,M
Attah-021_mono,Attah-021,mono,e,79.595,79.691,1,79.601,0,0,12.332,+ATR,M
Attah-021_mono,Attah-021,mono,e,79.595,79.691,2,79.606,154.343,12.678,10.73,+ATR,M
Attah-021_mono,Attah-021,mono,e,79.595,79.691,3,79.611,154.192,7.876,13.506,+ATR,M
Attah-021_mono,Attah-021,mono,e,79.595,79.691,4,79.616,152.277,7.436,12.297,+ATR,M
Attah-021_mono,Attah-021,mono,e,79.595,79.691,5,79.621,150.362,7.639,16.881,+ATR,M
Attah-021_mono,Attah-021,mono,e,79.595,79.691,6,79.626,148.444,7.415,21.038,+ATR,M
Attah-021_mono,Attah-021,mono,e,79.595,79.691,7,79.631,146.493,6.642,18.044,+ATR,M
Attah-021_mono,Attah-021,mono,e,79.595,79.691,8,79.636,144.542,5.133,24.258,+ATR,M
Attah-021_mono,Attah-021,mono,e,79.595,79.691,9,79.641,142.729,4.368,26.366,+ATR,M
Attah-021_mono,Attah-021,mono,e,79.595,79.691,10,79.646,142.533,4.673,25.199,+ATR,M
Attah-021_mono,Attah-021,mono,e,79.595,79.691,11,79.651,142.337,4.765,25.561,+ATR,M
Attah-021_mono,Attah-021,mono,e,79.595,79.691,12,79.656,142.142,5.149,26.149,+ATR,M
Attah-021_mono,Attah-021,mono,e,79.595,79.691,13,79.661,141.957,5.975,25.291,+ATR,M
Attah-021_mono,Attah-021,mono,e,79.595,79.691,14,79.666,141.772,7.095,25.065,+ATR,M
Attah-021_mono,Attah-021,mono,e,79.595,79.691,15,79.671,141.542,8.275,23.391,+ATR,M
Attah-021_mono,Attah-021,mono,e,79.595,79.691,16,79.676,140.791,9.937,18.629,+ATR,M
Attah-021_mono,Attah-021,mono,e,79.595,79.691,17,79.681,140.039,10.43,19.486,+ATR,M
Attah-021_mono,Attah-021,mono,e,79.595,79.691,18,79.686,139.204,11.086,16.465,+ATR,M
Attah-021_mono,Attah-021,mono,e,79.595,79.691,19,79.691,137.4,13.1,13.082,+ATR,M
Attah-021_mono,Attah-021,mono,ɛ,80.745,80.823,1,80.75,0,0,11.815,+ATR,M
Attah-021_mono,Attah-021,mono,ɛ,80.745,80.823,2,80.755,0,0,14.207,+ATR,M
Attah-021_mono,Attah-021,mono,ɛ,80.745,80.823,3,80.76,137.475,-3.813,12.623,+ATR,M
Attah-021_mono,Attah-021,mono,ɛ,80.745,80.823,4,80.765,137.4,-0.426,21.851,+ATR,M
Attah-021_mono,Attah-021,mono,ɛ,80.745,80.823,5,80.77,135.788,2.234,24.983,+ATR,M
Attah-021_mono,Attah-021,mono,ɛ,80.745,80.823,6,80.775,134.176,3.647,22.645,+ATR,M
Attah-021_mono,Attah-021,mono,ɛ,80.745,80.823,7,80.78,132.543,3.938,24.531,+ATR,M
Attah-021_mono,Attah-021,mono,ɛ,80.745,80.823,8,80.785,130.493,3.895,22.134,+ATR,M
Attah-021_mono,Attah-021,mono,ɛ,80.745,80.823,9,80.79,128.443,3.908,23.006,+ATR,M
Attah-021_mono,Attah-021,mono,ɛ,80.745,80.823,10,80.795,126.428,4.301,24.285,+ATR,M
Attah-021_mono,Attah-021,mono,ɛ,80.745,80.823,11,80.8,125.139,4.502,17.818,+ATR,M
Attah-021_mono,Attah-021,mono,ɛ,80.745,80.823,12,80.805,123.85,4.815,22.153,+ATR,M
Attah-021_mono,Attah-021,mono,ɛ,80.745,80.823,13,80.81,122.589,4.908,22.63,+ATR,M
Attah-021_mono,Attah-021,mono,ɛ,80.745,80.823,14,80.815,121.892,6.433,17.651,+ATR,M
Attah-021_mono,Attah-021,mono,ɛ,80.745,80.823,15,80.82,121.194,16.688,13.184,+ATR,M
Attah-021_mono,Attah-021,mono,æ,81.904,81.999,1,81.91,0,0,10.8,+ATR,M
Attah-021_mono,Attah-021,mono,æ,81.904,81.999,2,81.915,0,0,14.531,+ATR,M
Attah-021_mono,Attah-021,mono,æ,81.904,81.999,3,81.92,0,0,13.214,+ATR,M
Attah-021_mono,Attah-021,mono,æ,81.904,81.999,4,81.925,0,0,14.013,+ATR,M
Attah-021_mono,Attah-021,mono,æ,81.904,81.999,5,81.93,0,0,14.551,+ATR,M
Attah-021_mono,Attah-021,mono,æ,81.904,81.999,6,81.935,0,0,17.991,+ATR,M
Attah-021_mono,Attah-021,mono,æ,81.904,81.999,7,81.94,0,0,11.594,+ATR,M
Attah-021_mono,Attah-021,mono,æ,81.904,81.999,8,81.945,131.898,7.083,19.207,+ATR,M
Attah-021_mono,Attah-021,mono,æ,81.904,81.999,9,81.95,131.898,6.482,14.211,+ATR,M
Attah-021_mono,Attah-021,mono,æ,81.904,81.999,10,81.955,132.22,5.292,20.391,+ATR,M
Attah-021_mono,Attah-021,mono,æ,81.904,81.999,11,81.96,132.556,3.47,18.227,+ATR,M
Attah-021_mono,Attah-021,mono,æ,81.904,81.999,12,81.965,132.893,4.35,15.155,+ATR,M
Attah-021_mono,Attah-021,mono,æ,81.904,81.999,13,81.97,132.27,6.046,19.381,+ATR,M
Attah-021_mono,Attah-021,mono,æ,81.904,81.999,14,81.975,131.604,5.814,20.204,+ATR,M
Attah-021_mono,Attah-021,mono,æ,81.904,81.999,15,81.98,130.938,6.329,17.279,+ATR,M
Attah-021_mono,Attah-021,mono,æ,81.904,81.999,16,81.985,129.954,6.207,19.385,+ATR,M
Attah-021_mono,Attah-021,mono,æ,81.904,81.999,17,81.99,128.956,7.368,16.212,+ATR,M
Attah-021_mono,Attah-021,mono,æ,81.904,81.999,18,81.995,127.958,10.187,13.692,+ATR,M
Attah-021_mono,Attah-021,mono,æ,81.904,81.999,19,82,127.884,16.183,12.095,+ATR,M
Attah-021_mono,Attah-021,mono,u,82.099,82.24,1,82.105,151.367,9.5,16.996,+ATR,M
Attah-021_mono,Attah-021,mono,u,82.099,82.24,2,82.11,153.401,9.724,14.758,+ATR,M
Attah-021_mono,Attah-021,mono,u,82.099,82.24,3,82.115,155.435,9.797,17.522,+ATR,M
Attah-021_mono,Attah-021,mono,u,82.099,82.24,4,82.12,156.492,10.406,18.776,+ATR,M
Attah-021_mono,Attah-021,mono,u,82.099,82.24,5,82.125,157.458,10.413,22.963,+ATR,M
Attah-021_mono,Attah-021,mono,u,82.099,82.24,6,82.13,158.423,10.246,25.094,+ATR,M
Attah-021_mono,Attah-021,mono,u,82.099,82.24,7,82.135,158.695,10.24,26.255,+ATR,M
Attah-021_mono,Attah-021,mono,u,82.099,82.24,8,82.14,158.903,10.175,24.67,+ATR,M
Attah-021_mono,Attah-021,mono,u,82.099,82.24,9,82.145,159.11,9.981,24.889,+ATR,M
Attah-021_mono,Attah-021,mono,u,82.099,82.24,10,82.15,159.078,9.804,22.141,+ATR,M
Attah-021_mono,Attah-021,mono,u,82.099,82.24,11,82.155,159.024,9.314,19.54,+ATR,M
Attah-021_mono,Attah-021,mono,u,82.099,82.24,12,82.16,158.969,8.954,20.992,+ATR,M
Attah-021_mono,Attah-021,mono,u,82.099,82.24,13,82.165,158.708,9.147,20.494,+ATR,M
Attah-021_mono,Attah-021,mono,u,82.099,82.24,14,82.17,158.427,9.038,19.359,+ATR,M
Attah-021_mono,Attah-021,mono,u,82.099,82.24,15,82.175,158.147,8.249,19.501,+ATR,M
Attah-021_mono,Attah-021,mono,u,82.099,82.24,16,82.18,157.24,7.782,15.329,+ATR,M
Attah-021_mono,Attah-021,mono,u,82.099,82.24,17,82.185,156.275,7.352,17.771,+ATR,M
Attah-021_mono,Attah-021,mono,u,82.099,82.24,18,82.19,155.311,6.734,13.875,+ATR,M
Attah-021_mono,Attah-021,mono,u,82.099,82.24,19,82.195,153.48,5.513,12.551,+ATR,M
Attah-021_mono,Attah-021,mono,u,82.099,82.24,20,82.2,151.569,5.648,12.576,+ATR,M
Attah-021_mono,Attah-021,mono,u,82.099,82.24,21,82.205,149.659,9.569,11.079,+ATR,M
Attah-021_mono,Attah-021,mono,u,82.099,82.24,22,82.21,148.273,4.334,12.938,+ATR,M
Attah-021_mono,Attah-021,mono,u,82.099,82.24,23,82.215,146.937,6.016,17.064,+ATR,M
Attah-021_mono,Attah-021,mono,u,82.099,82.24,24,82.22,145.6,6.347,13.068,+ATR,M
Attah-021_mono,Attah-021,mono,u,82.099,82.24,25,82.225,144.949,5.649,12.736,+ATR,M
Attah-021_mono,Attah-021,mono,u,82.099,82.24,26,82.23,144.361,9.055,10.988,+ATR,M
Attah-021_mono,Attah-021,mono,u,82.099,82.24,27,82.235,143.773,10.539,13.099,+ATR,M
Attah-021_mono,Attah-021,mono,u,82.099,82.24,28,82.24,143.723,10.836,13.516,+ATR,M
Attah-021_mono,Attah-021,mono,ɔ,83.661,83.775,1,83.666,158.808,8.642,11.849,-ATR,M
Attah-021_mono,Attah-021,mono,ɔ,83.661,83.775,2,83.671,156.403,6.4,11.173,-ATR,M
Attah-021_mono,Attah-021,mono,ɔ,83.661,83.775,3,83.676,154.168,6.998,14.692,-ATR,M
Attah-021_mono,Attah-021,mono,ɔ,83.661,83.775,4,83.681,152.709,6.422,16.932,-ATR,M
Attah-021_mono,Attah-021,mono,ɔ,83.661,83.775,5,83.686,151.249,4.478,21.047,-ATR,M
Attah-021_mono,Attah-021,mono,ɔ,83.661,83.775,6,83.691,149.864,4.33,21.016,-ATR,M
Attah-021_mono,Attah-021,mono,ɔ,83.661,83.775,7,83.696,148.823,6.103,29.79,-ATR,M
Attah-021_mono,Attah-021,mono,ɔ,83.661,83.775,8,83.701,147.781,5.393,30.943,-ATR,M
Attah-021_mono,Attah-021,mono,ɔ,83.661,83.775,9,83.706,146.776,4.849,26.22,-ATR,M
Attah-021_mono,Attah-021,mono,ɔ,83.661,83.775,10,83.711,145.933,4.607,23.897,-ATR,M
Attah-021_mono,Attah-021,mono,ɔ,83.661,83.775,11,83.716,145.091,4.457,23.445,-ATR,M
Attah-021_mono,Attah-021,mono,ɔ,83.661,83.775,12,83.721,144.202,4.597,21.798,-ATR,M
Attah-021_mono,Attah-021,mono,ɔ,83.661,83.775,13,83.726,143.099,4.783,16.3,-ATR,M
Attah-021_mono,Attah-021,mono,ɔ,83.661,83.775,14,83.731,141.997,5.905,18.571,-ATR,M
Attah-021_mono,Attah-021,mono,ɔ,83.661,83.775,15,83.736,140.969,6.779,13.164,-ATR,M
Attah-021_mono,Attah-021,mono,ɔ,83.661,83.775,16,83.741,140.279,6.731,15.523,-ATR,M
Attah-021_mono,Attah-021,mono,ɔ,83.661,83.775,17,83.746,139.589,7.329,15.824,-ATR,M
Attah-021_mono,Attah-021,mono,ɔ,83.661,83.775,18,83.751,138.994,9.02,15.218,-ATR,M
Attah-021_mono,Attah-021,mono,ɔ,83.661,83.775,19,83.756,138.832,13.452,12.379,-ATR,M
Attah-021_mono,Attah-021,mono,ɔ,83.661,83.775,20,83.761,138.669,14.002,16.809,-ATR,M
Attah-021_mono,Attah-021,mono,ɔ,83.661,83.775,21,83.766,138.935,12.09,12.369,-ATR,M
Attah-021_mono,Attah-021,mono,ɔ,83.661,83.775,22,83.771,141.152,13.6,12.894,-ATR,M
Attah-021_mono,Attah-021,mono,ʊ,89.579,89.708,1,89.584,144.906,17.199,12.58,-ATR,M
Attah-021_mono,Attah-021,mono,ʊ,89.579,89.708,2,89.589,141.344,14.713,12.134,-ATR,M
Attah-021_mono,Attah-021,mono,ʊ,89.579,89.708,3,89.594,136.922,10.596,13.704,-ATR,M
Attah-021_mono,Attah-021,mono,ʊ,89.579,89.708,4,89.599,132.501,8.245,14.616,-ATR,M
Attah-021_mono,Attah-021,mono,ʊ,89.579,89.708,5,89.604,129.664,7.058,18.243,-ATR,M
Attah-021_mono,Attah-021,mono,ʊ,89.579,89.708,6,89.609,127.209,5.862,16.086,-ATR,M
Attah-021_mono,Attah-021,mono,ʊ,89.579,89.708,7,89.614,124.754,5.791,18.109,-ATR,M
Attah-021_mono,Attah-021,mono,ʊ,89.579,89.708,8,89.619,122.517,6.152,18.001,-ATR,M
Attah-021_mono,Attah-021,mono,ʊ,89.579,89.708,9,89.624,120.331,5.935,15.733,-ATR,M
Attah-021_mono,Attah-021,mono,ʊ,89.579,89.708,10,89.629,118.145,5.345,19.479,-ATR,M
Attah-021_mono,Attah-021,mono,ʊ,89.579,89.708,11,89.634,115.346,4.619,13.297,-ATR,M
Attah-021_mono,Attah-021,mono,ʊ,89.579,89.708,12,89.639,112.399,3.815,20.381,-ATR,M
Attah-021_mono,Attah-021,mono,ʊ,89.579,89.708,13,89.644,109.452,4.045,11.226,-ATR,M
Attah-021_mono,Attah-021,mono,ʊ,89.579,89.708,14,89.649,106.745,4.392,13.038,-ATR,M
Attah-021_mono,Attah-021,mono,ʊ,89.579,89.708,15,89.654,104.096,4.897,14.523,-ATR,M
Attah-021_mono,Attah-021,mono,ʊ,89.579,89.708,16,89.659,101.448,4.793,13.374,-ATR,M
Attah-021_mono,Attah-021,mono,ʊ,89.579,89.708,17,89.664,99.459,4.025,13.5,-ATR,M
Attah-021_mono,Attah-021,mono,ʊ,89.579,89.708,18,89.669,97.631,5.042,12.885,-ATR,M
Attah-021_mono,Attah-021,mono,ʊ,89.579,89.708,19,89.674,95.802,6.689,11.641,-ATR,M
Attah-021_mono,Attah-021,mono,ʊ,89.579,89.708,20,89.679,95.446,6.976,14.881,-ATR,M
Attah-021_mono,Attah-021,mono,ʊ,89.579,89.708,21,89.684,0,0,12.635,-ATR,M
Attah-021_mono,Attah-021,mono,ʊ,89.579,89.708,22,89.689,0,0,10.918,-ATR,M
Attah-021_mono,Attah-021,mono,ʊ,89.579,89.708,23,89.694,0,0,13.154,-ATR,M
Attah-021_mono,Attah-021,mono,ʊ,89.579,89.708,24,89.699,0,0,12.143,-ATR,M
Attah-021_mono,Attah-021,mono,ʊ,89.579,89.708,25,89.704,0,0,16.788,-ATR,M
Attah-021_mono,Attah-021,mono,o,90.808,90.917,1,90.813,0,0,12.295,+ATR,M
Attah-021_mono,Attah-021,mono,o,90.808,90.917,2,90.818,0,0,15.123,+ATR,M
Attah-021_mono,Attah-021,mono,o,90.808,90.917,3,90.823,143.719,-5.528,13.834,+ATR,M
Attah-021_mono,Attah-021,mono,o,90.808,90.917,4,90.828,143.719,-0.851,10.961,+ATR,M
Attah-021_mono,Attah-021,mono,o,90.808,90.917,5,90.833,143.373,0.743,16.256,+ATR,M
Attah-021_mono,Attah-021,mono,o,90.808,90.917,6,90.838,142.772,1.587,20.209,+ATR,M
Attah-021_mono,Attah-021,mono,o,90.808,90.917,7,90.843,142.171,3.394,16.45,+ATR,M
Attah-021_mono,Attah-021,mono,o,90.808,90.917,8,90.848,140.978,4.362,15.763,+ATR,M
Attah-021_mono,Attah-021,mono,o,90.808,90.917,9,90.853,139.349,5.626,20.65,+ATR,M
Attah-021_mono,Attah-021,mono,o,90.808,90.917,10,90.858,137.72,5.96,16.637,+ATR,M
Attah-021_mono,Attah-021,mono,o,90.808,90.917,11,90.863,136.744,6.104,18.715,+ATR,M
Attah-021_mono,Attah-021,mono,o,90.808,90.917,12,90.868,136.252,6.37,14.427,+ATR,M
Attah-021_mono,Attah-021,mono,o,90.808,90.917,13,90.873,135.759,6.793,15.997,+ATR,M
Attah-021_mono,Attah-021,mono,o,90.808,90.917,14,90.878,135.38,6.551,19.623,+ATR,M
Attah-021_mono,Attah-021,mono,o,90.808,90.917,15,90.883,135.085,5.684,20.059,+ATR,M
Attah-021_mono,Attah-021,mono,o,90.808,90.917,16,90.888,134.789,6.247,18.009,+ATR,M
Attah-021_mono,Attah-021,mono,o,90.808,90.917,17,90.893,133.849,6.979,16.556,+ATR,M
Attah-021_mono,Attah-021,mono,o,90.808,90.917,18,90.898,132.434,6.711,14.771,+ATR,M
Attah-021_mono,Attah-021,mono,o,90.808,90.917,19,90.903,131.019,6.213,13.386,+ATR,M
Attah-021_mono,Attah-021,mono,o,90.808,90.917,20,90.908,129.862,6.036,14.026,+ATR,M
Attah-021_mono,Attah-021,mono,o,90.808,90.917,21,90.913,128.893,5.998,14.327,+ATR,M
Attah-021_mono,Attah-021,mono,ɔ,92.442,92.538,1,92.448,161.352,6.447,13.18,-ATR,M
Attah-021_mono,Attah-021,mono,ɔ,92.442,92.538,2,92.453,160.031,5.086,14.121,-ATR,M
Attah-021_mono,Attah-021,mono,ɔ,92.442,92.538,3,92.458,157.519,5.314,16.144,-ATR,M
Attah-021_mono,Attah-021,mono,ɔ,92.442,92.538,4,92.463,155.007,5.136,27.342,-ATR,M
Attah-021_mono,Attah-021,mono,ɔ,92.442,92.538,5,92.468,152.927,5.213,24.12,-ATR,M
Attah-021_mono,Attah-021,mono,ɔ,92.442,92.538,6,92.473,151.237,6.619,23.946,-ATR,M
Attah-021_mono,Attah-021,mono,ɔ,92.442,92.538,7,92.478,149.546,7.826,18.842,-ATR,M
Attah-021_mono,Attah-021,mono,ɔ,92.442,92.538,8,92.483,148.25,6.755,21.917,-ATR,M
Attah-021_mono,Attah-021,mono,ɔ,92.442,92.538,9,92.488,147.311,6.195,24.55,-ATR,M
Attah-021_mono,Attah-021,mono,ɔ,92.442,92.538,10,92.493,146.371,6.095,23.339,-ATR,M
Attah-021_mono,Attah-021,mono,ɔ,92.442,92.538,11,92.498,145.345,6.352,16.409,-ATR,M
Attah-021_mono,Attah-021,mono,ɔ,92.442,92.538,12,92.503,144.243,7.04,14.648,-ATR,M
Attah-021_mono,Attah-021,mono,ɔ,92.442,92.538,13,92.508,143.141,8.332,13.844,-ATR,M
Attah-021_mono,Attah-021,mono,ɔ,92.442,92.538,14,92.513,142.284,10.58,16.181,-ATR,M
Attah-021_mono,Attah-021,mono,ɔ,92.442,92.538,15,92.518,141.648,17.045,11.143,-ATR,M
Attah-021_mono,Attah-021,mono,ɔ,92.442,92.538,16,92.523,141.012,16.458,11.679,-ATR,M
Attah-021_mono,Attah-021,mono,ɔ,92.442,92.538,17,92.528,141.32,12.508,14.904,-ATR,M
Attah-021_mono,Attah-021,mono,ɔ,92.442,92.538,18,92.533,142.48,11.538,13.066,-ATR,M
Attah-021_mono,Attah-021,mono,ɔ,92.442,92.538,19,92.538,143.64,13.82,13.349,-ATR,M
Attah-021_mono,Attah-021,mono,a,93.574,93.646,1,93.579,0,0,13.005,-ATR,M
Attah-021_mono,Attah-021,mono,a,93.574,93.646,2,93.584,0,0,12.463,-ATR,M
Attah-021_mono,Attah-021,mono,a,93.574,93.646,3,93.589,0,0,13.163,-ATR,M
Attah-021_mono,Attah-021,mono,a,93.574,93.646,4,93.594,0,0,13.9,-ATR,M
Attah-021_mono,Attah-021,mono,a,93.574,93.646,5,93.599,124.853,6.859,16.46,-ATR,M
Attah-021_mono,Attah-021,mono,a,93.574,93.646,6,93.604,124.853,5.454,12.72,-ATR,M
Attah-021_mono,Attah-021,mono,a,93.574,93.646,7,93.609,123.073,4.757,19.17,-ATR,M
Attah-021_mono,Attah-021,mono,a,93.574,93.646,8,93.614,121.018,5.014,15.119,-ATR,M
Attah-021_mono,Attah-021,mono,a,93.574,93.646,9,93.619,118.963,5.577,17.582,-ATR,M
Attah-021_mono,Attah-021,mono,a,93.574,93.646,10,93.624,117.764,7.013,14.388,-ATR,M
Attah-021_mono,Attah-021,mono,a,93.574,93.646,11,93.629,116.697,8.177,12.857,-ATR,M
Attah-021_mono,Attah-021,mono,a,93.574,93.646,12,93.634,115.629,7.678,14.277,-ATR,M
Attah-021_mono,Attah-021,mono,a,93.574,93.646,13,93.639,115.106,10.019,10.82,-ATR,M
Attah-021_mono,Attah-021,mono,a,93.574,93.646,14,93.644,114.666,17.138,12.299,-ATR,M
Boampong-009_mono,Boampong-009,mono,i,68.235,68.395,1,68.241,131.537,12.101,14.041,+ATR,M
Boampong-009_mono,Boampong-009,mono,i,68.235,68.395,2,68.246,131.24,15.27,12.645,+ATR,M
Boampong-009_mono,Boampong-009,mono,i,68.235,68.395,3,68.251,130.944,14.741,13.773,+ATR,M
Boampong-009_mono,Boampong-009,mono,i,68.235,68.395,4,68.256,130.742,16.055,14.437,+ATR,M
Boampong-009_mono,Boampong-009,mono,i,68.235,68.395,5,68.261,130.616,16.073,16.892,+ATR,M
Boampong-009_mono,Boampong-009,mono,i,68.235,68.395,6,68.266,130.491,16.591,17.625,+ATR,M
Boampong-009_mono,Boampong-009,mono,i,68.235,68.395,7,68.271,130.324,17.819,19.079,+ATR,M
Boampong-009_mono,Boampong-009,mono,i,68.235,68.395,8,68.276,130.123,18.298,18.022,+ATR,M
Boampong-009_mono,Boampong-009,mono,i,68.235,68.395,9,68.281,129.922,18.675,16.697,+ATR,M
Boampong-009_mono,Boampong-009,mono,i,68.235,68.395,10,68.286,129.568,18.977,18.423,+ATR,M
Boampong-009_mono,Boampong-009,mono,i,68.235,68.395,11,68.291,129.088,18.738,17.847,+ATR,M
Boampong-009_mono,Boampong-009,mono,i,68.235,68.395,12,68.296,128.609,17.982,21.045,+ATR,M
Boampong-009_mono,Boampong-009,mono,i,68.235,68.395,13,68.301,127.86,17.408,19.617,+ATR,M
Boampong-009_mono,Boampong-009,mono,i,68.235,68.395,14,68.306,126.892,16.243,15.109,+ATR,M
Boampong-009_mono,Boampong-009,mono,i,68.235,68.395,15,68.311,125.923,14.643,12.78,+ATR,M
Boampong-009_mono,Boampong-009,mono,i,68.235,68.395,16,68.316,124.749,13.374,15.07,+ATR,M
Boampong-009_mono,Boampong-009,mono,i,68.235,68.395,17,68.321,123.408,12.987,13.535,+ATR,M
Boampong-009_mono,Boampong-009,mono,i,68.235,68.395,18,68.326,122.066,12.709,13.352,+ATR,M
Boampong-009_mono,Boampong-009,mono,i,68.235,68.395,19,68.331,121.141,12.755,12.999,+ATR,M
Boampong-009_mono,Boampong-009,mono,i,68.235,68.395,20,68.336,120.56,12.192,13.441,+ATR,M
Boampong-009_mono,Boampong-009,mono,i,68.235,68.395,21,68.341,119.979,12.764,15.507,+ATR,M
Boampong-009_mono,Boampong-009,mono,i,68.235,68.395,22,68.346,119.118,13.322,11.533,+ATR,M
Boampong-009_mono,Boampong-009,mono,i,68.235,68.395,23,68.351,118.029,14.204,13.167,+ATR,M
Boampong-009_mono,Boampong-009,mono,i,68.235,68.395,24,68.356,116.939,14.23,14.272,+ATR,M
Boampong-009_mono,Boampong-009,mono,i,68.235,68.395,25,68.361,116.018,13.525,12.082,+ATR,M
Boampong-009_mono,Boampong-009,mono,i,68.235,68.395,26,68.366,115.236,13.063,11.882,+ATR,M
Boampong-009_mono,Boampong-009,mono,i,68.235,68.395,27,68.371,114.454,12.016,15.674,+ATR,M
Boampong-009_mono,Boampong-009,mono,i,68.235,68.395,28,68.376,114.757,10.338,10.189,+ATR,M
Boampong-009_mono,Boampong-009,mono,i,68.235,68.395,29,68.381,115.952,17.182,13.723,+ATR,M
Boampong-009_mono,Boampong-009,mono,i,68.235,68.395,30,68.386,117.147,14.079,11.007,+ATR,M
Boampong-009_mono,Boampong-009,mono,i,68.235,68.395,31,68.391,118.98,3.62,14.642,+ATR,M
Boampong-009_mono,Boampong-009,mono,i,68.235,68.395,32,68.396,121.336,-4.473,13.929,+ATR,M
Boampong-009_mono,Boampong-009,mono,ɪ,69.683,69.958,1,69.688,138.257,10.794,14.158,-ATR,M
Boampong-009_mono,Boampong-009,mono,ɪ,69.683,69.958,2,69.693,138.11,11.686,13.665,-ATR,M
Boampong-009_mono,Boampong-009,mono,ɪ,69.683,69.958,3,69.698,137.341,11.363,13.912,-ATR,M
Boampong-009_mono,Boampong-009,mono,ɪ,69.683,69.958,4,69.703,136.572,12.124,22.905,-ATR,M
Boampong-009_mono,Boampong-009,mono,ɪ,69.683,69.958,5,69.708,135.775,14.039,21.241,-ATR,M
Boampong-009_mono,Boampong-009,mono,ɪ,69.683,69.958,6,69.713,134.766,15.859,15.617,-ATR,M
Boampong-009_mono,Boampong-009,mono,ɪ,69.683,69.958,7,69.718,133.758,15.21,19.984,-ATR,M
Boampong-009_mono,Boampong-009,mono,ɪ,69.683,69.958,8,69.723,132.738,14.942,15.8,-ATR,M
Boampong-009_mono,Boampong-009,mono,ɪ,69.683,69.958,9,69.728,131.636,14.476,22.158,-ATR,M
Boampong-009_mono,Boampong-009,mono,ɪ,69.683,69.958,10,69.733,130.534,14.356,23.661,-ATR,M
Boampong-009_mono,Boampong-009,mono,ɪ,69.683,69.958,11,69.738,129.497,14.594,18.244,-ATR,M
Boampong-009_mono,Boampong-009,mono,ɪ,69.683,69.958,12,69.743,128.948,13.827,20.678,-ATR,M
Boampong-009_mono,Boampong-009,mono,ɪ,69.683,69.958,13,69.748,128.398,12.918,22.19,-ATR,M
Boampong-009_mono,Boampong-009,mono,ɪ,69.683,69.958,14,69.753,127.872,11.933,16.395,-ATR,M
Boampong-009_mono,Boampong-009,mono,ɪ,69.683,69.958,15,69.758,127.518,10.74,20.296,-ATR,M
Boampong-009_mono,Boampong-009,mono,ɪ,69.683,69.958,16,69.763,127.163,9.749,17.963,-ATR,M
Boampong-009_mono,Boampong-009,mono,ɪ,69.683,69.958,17,69.768,126.854,9.431,20.272,-ATR,M
Boampong-009_mono,Boampong-009,mono,ɪ,69.683,69.958,18,69.773,126.878,9.294,23.785,-ATR,M
Boampong-009_mono,Boampong-009,mono,ɪ,69.683,69.958,19,69.778,126.903,9.206,21.031,-ATR,M
Boampong-009_mono,Boampong-009,mono,ɪ,69.683,69.958,20,69.783,126.933,9.227,19.252,-ATR,M
Boampong-009_mono,Boampong-009,mono,ɪ,69.683,69.958,21,69.788,127.004,9.138,18.263,-ATR,M
Boampong-009_mono,Boampong-009,mono,ɪ,69.683,69.958,22,69.793,127.074,9.457,18.524,-ATR,M
Boampong-009_mono,Boampong-009,mono,ɪ,69.683,69.958,23,69.798,127.139,9.782,21.223,-ATR,M
Boampong-009_mono,Boampong-009,mono,ɪ,69.683,69.958,24,69.803,127.164,9.544,18.331,-ATR,M
Boampong-009_mono,Boampong-009,mono,ɪ,69.683,69.958,25,69.808,127.189,9.084,20.724,-ATR,M
Boampong-009_mono,Boampong-009,mono,ɪ,69.683,69.958,26,69.813,127.194,8.691,16.639,-ATR,M
Boampong-009_mono,Boampong-009,mono,ɪ,69.683,69.958,27,69.818,127.049,8.269,15.64,-ATR,M
Boampong-009_mono,Boampong-009,mono,ɪ,69.683,69.958,28,69.823,126.904,8.333,15.408,-ATR,M
Boampong-009_mono,Boampong-009,mono,ɪ,69.683,69.958,29,69.828,126.689,8.583,18.225,-ATR,M
Boampong-009_mono,Boampong-009,mono,ɪ,69.683,69.958,30,69.833,125.954,8.913,13.48,-ATR,M
Boampong-009_mono,Boampong-009,mono,ɪ,69.683,69.958,31,69.838,125.219,9.245,16.049,-ATR,M
Boampong-009_mono,Boampong-009,mono,ɪ,69.683,69.958,32,69.843,124.549,9.141,16.365,-ATR,M
Boampong-009_mono,Boampong-009,mono,ɪ,69.683,69.958,33,69.848,124.368,8.732,11.08,-ATR,M
Boampong-009_mono,Boampong-009,mono,ɪ,69.683,69.958,34,69.853,124.186,9.005,17.391,-ATR,M
Boampong-009_mono,Boampong-009,mono,ɪ,69.683,69.958,35,69.858,124.138,9.287,13.997,-ATR,M
Boampong-009_mono,Boampong-009,mono,ɪ,69.683,69.958,36,69.863,125.089,9.412,15.31,-ATR,M
Boampong-009_mono,Boampong-009,mono,ɪ,69.683,69.958,37,69.868,126.041,9.58,15.973,-ATR,M
Boampong-009_mono,Boampong-009,mono,ɪ,69.683,69.958,38,69.873,126.965,9.928,13.625,-ATR,M
Boampong-009_mono,Boampong-009,mono,ɪ,69.683,69.958,39,69.878,127.684,10.503,13.038,-ATR,M
Boampong-009_mono,Boampong-009,mono,ɪ,69.683,69.958,40,69.883,128.402,10.25,12.202,-ATR,M
Boampong-009_mono,Boampong-009,mono,ɪ,69.683,69.958,41,69.888,128.969,9.642,17.745,-ATR,M
Boampong-009_mono,Boampong-009,mono,ɪ,69.683,69.958,42,69.893,128.395,9.762,14.874,-ATR,M
Boampong-009_mono,Boampong-009,mono,ɪ,69.683,69.958,43,69.898,127.82,11.475,13.574,-ATR,M
Boampong-009_mono,Boampong-009,mono,ɪ,69.683,69.958,44,69.903,127.103,12.391,12.8,-ATR,M
Boampong-009_mono,Boampong-009,mono,ɪ,69.683,69.958,45,69.908,125.312,14.807,12.137,-ATR,M
Boampong-009_mono,Boampong-009,mono,ɪ,69.683,69.958,46,69.913,123.521,25.021,13.318,-ATR,M
Boampong-009_mono,Boampong-009,mono,ɪ,69.683,69.958,47,69.918,121.724,22.564,13.404,-ATR,M
Boampong-009_mono,Boampong-009,mono,ɪ,69.683,69.958,48,69.923,119.886,17.735,13.782,-ATR,M
Boampong-009_mono,Boampong-009,mono,ɪ,69.683,69.958,49,69.928,118.047,14.118,14.392,-ATR,M
Boampong-009_mono,Boampong-009,mono,ɪ,69.683,69.958,50,69.933,116.333,13.989,16.895,-ATR,M
Boampong-009_mono,Boampong-009,mono,ɪ,69.683,69.958,51,69.938,115.553,11.615,13.046,-ATR,M
Boampong-009_mono,Boampong-009,mono,ɪ,69.683,69.958,52,69.943,114.773,8.899,11.877,-ATR,M
Boampong-009_mono,Boampong-009,mono,ɪ,69.683,69.958,53,69.948,114.085,11.138,12.056,-ATR,M
Boampong-009_mono,Boampong-009,mono,ɪ,69.683,69.958,54,69.953,114.085,10.408,13.203,-ATR,M
Boampong-009_mono,Boampong-009,mono,ɪ,69.683,69.958,55,69.958,0,0,12.051,-ATR,M
Boampong-009_mono,Boampong-009,mono,e,73.396,73.486,1,73.401,167.139,6.953,12.52,+ATR,M
Boampong-009_mono,Boampong-009,mono,e,73.396,73.486,2,73.406,162.54,5.24,13.303,+ATR,M
Boampong-009_mono,Boampong-009,mono,e,73.396,73.486,3,73.411,157.941,2.395,17.31,+ATR,M
Boampong-009_mono,Boampong-009,mono,e,73.396,73.486,4,73.416,153.45,2.145,11.539,+ATR,M
Boampong-009_mono,Boampong-009,mono,e,73.396,73.486,5,73.421,149.007,2.595,11.762,+ATR,M
Boampong-009_mono,Boampong-009,mono,e,73.396,73.486,6,73.426,144.563,0.933,17.107,+ATR,M
Boampong-009_mono,Boampong-009,mono,e,73.396,73.486,7,73.431,141.49,0.513,17.799,+ATR,M
Boampong-009_mono,Boampong-009,mono,e,73.396,73.486,8,73.436,139.028,0.545,19.752,+ATR,M
Boampong-009_mono,Boampong-009,mono,e,73.396,73.486,9,73.441,136.566,0.821,21.097,+ATR,M
Boampong-009_mono,Boampong-009,mono,e,73.396,73.486,10,73.446,134.648,1.113,16.122,+ATR,M
Boampong-009_mono,Boampong-009,mono,e,73.396,73.486,11,73.451,132.975,1.65,18.578,+ATR,M
Boampong-009_mono,Boampong-009,mono,e,73.396,73.486,12,73.456,131.301,1.883,16.797,+ATR,M
Boampong-009_mono,Boampong-009,mono,e,73.396,73.486,13,73.461,129.656,2.172,17.245,+ATR,M
Boampong-009_mono,Boampong-009,mono,e,73.396,73.486,14,73.466,128.025,3.2,15.948,+ATR,M
Boampong-009_mono,Boampong-009,mono,e,73.396,73.486,15,73.471,126.394,4.908,12.305,+ATR,M
Boampong-009_mono,Boampong-009,mono,e,73.396,73.486,16,73.476,123.759,8.701,13.758,+ATR,M
Boampong-009_mono,Boampong-009,mono,e,73.396,73.486,17,73.481,120.675,12.263,14.328,+ATR,M
Boampong-009_mono,Boampong-009,mono,e,73.396,73.486,18,73.486,117.591,13.359,11.614,+ATR,M
Boampong-009_mono,Boampong-009,mono,ɛ,74.424,74.528,1,74.43,155.136,14.802,12.719,-ATR,M
Boampong-009_mono,Boampong-009,mono,ɛ,74.424,74.528,2,74.435,151.381,12.309,13.119,-ATR,M
Boampong-009_mono,Boampong-009,mono,ɛ,74.424,74.528,3,74.44,142.69,9.905,12.751,-ATR,M
Boampong-009_mono,Boampong-009,mono,ɛ,74.424,74.528,4,74.445,133.999,4.55,14.447,-ATR,M
Boampong-009_mono,Boampong-009,mono,ɛ,74.424,74.528,5,74.45,129.157,5.172,11.56,-ATR,M
Boampong-009_mono,Boampong-009,mono,ɛ,74.424,74.528,6,74.455,129.376,4.491,12.065,-ATR,M
Boampong-009_mono,Boampong-009,mono,ɛ,74.424,74.528,7,74.46,129.594,5.441,14.053,-ATR,M
Boampong-009_mono,Boampong-009,mono,ɛ,74.424,74.528,8,74.465,129.429,5.98,18.23,-ATR,M
Boampong-009_mono,Boampong-009,mono,ɛ,74.424,74.528,9,74.47,128.762,6.279,20.609,-ATR,M
Boampong-009_mono,Boampong-009,mono,ɛ,74.424,74.528,10,74.475,128.094,7.092,14.202,-ATR,M
Boampong-009_mono,Boampong-009,mono,ɛ,74.424,74.528,11,74.48,127.183,8.235,19.509,-ATR,M
Boampong-009_mono,Boampong-009,mono,ɛ,74.424,74.528,12,74.485,125.953,9.242,22.506,-ATR,M
Boampong-009_mono,Boampong-009,mono,ɛ,74.424,74.528,13,74.49,124.723,9.788,20.379,-ATR,M
Boampong-009_mono,Boampong-009,mono,ɛ,74.424,74.528,14,74.495,123.454,9.966,17.993,-ATR,M
Boampong-009_mono,Boampong-009,mono,ɛ,74.424,74.528,15,74.5,122.133,9.857,17.313,-ATR,M
Boampong-009_mono,Boampong-009,mono,ɛ,74.424,74.528,16,74.505,120.812,9.523,19.63,-ATR,M
Boampong-009_mono,Boampong-009,mono,ɛ,74.424,74.528,17,74.51,119.215,8.845,14.382,-ATR,M
Boampong-009_mono,Boampong-009,mono,ɛ,74.424,74.528,18,74.515,117.255,9.035,13.851,-ATR,M
Boampong-009_mono,Boampong-009,mono,ɛ,74.424,74.528,19,74.52,115.295,8.947,13.115,-ATR,M
Boampong-009_mono,Boampong-009,mono,ɛ,74.424,74.528,20,74.525,113.069,11.731,11.729,-ATR,M
Boampong-009_mono,Boampong-009,mono,æ,75.621,75.763,1,75.626,233.635,17.592,12.81,+ATR,M
Boampong-009_mono,Boampong-009,mono,æ,75.621,75.763,2,75.631,233.635,16.114,14.17,+ATR,M
Boampong-009_mono,Boampong-009,mono,æ,75.621,75.763,3,75.636,219.629,14.916,13.19,+ATR,M
Boampong-009_mono,Boampong-009,mono,æ,75.621,75.763,4,75.641,199.222,12.922,13.664,+ATR,M
Boampong-009_mono,Boampong-009,mono,æ,75.621,75.763,5,75.646,178.815,11.62,15.02,+ATR,M
Boampong-009_mono,Boampong-009,mono,æ,75.621,75.763,6,75.651,171.738,13.59,16.357,+ATR,M
Boampong-009_mono,Boampong-009,mono,æ,75.621,75.763,7,75.656,170.753,12.458,12.315,+ATR,M
Boampong-009_mono,Boampong-009,mono,æ,75.621,75.763,8,75.661,169.769,10.923,12.54,+ATR,M
Boampong-009_mono,Boampong-009,mono,æ,75.621,75.763,9,75.666,167.95,11.149,15.691,+ATR,M
Boampong-009_mono,Boampong-009,mono,æ,75.621,75.763,10,75.671,165.75,11.198,13.492,+ATR,M
Boampong-009_mono,Boampong-009,mono,æ,75.621,75.763,11,75.676,163.55,14.732,11.544,+ATR,M
Boampong-009_mono,Boampong-009,mono,æ,75.621,75.763,12,75.681,159.857,14.8,11.275,+ATR,M
Boampong-009_mono,Boampong-009,mono,æ,75.621,75.763,13,75.686,155.48,12.921,12.176,+ATR,M
Boampong-009_mono,Boampong-009,mono,æ,75.621,75.763,14,75.691,151.103,12.171,11.328,+ATR,M
Boampong-009_mono,Boampong-009,mono,æ,75.621,75.763,15,75.696,144.287,14.023,14.314,+ATR,M
Boampong-009_mono,Boampong-009,mono,æ,75.621,75.763,16,75.701,136.357,9.795,14.721,+ATR,M
Boampong-009_mono,Boampong-009,mono,æ,75.621,75.763,17,75.706,128.427,7.277,15.564,+ATR,M
Boampong-009_mono,Boampong-009,mono,æ,75.621,75.763,18,75.711,125.095,6.141,12.61,+ATR,M
Boampong-009_mono,Boampong-009,mono,æ,75.621,75.763,19,75.716,123.864,6.849,15.958,+ATR,M
Boampong-009_mono,Boampong-009,mono,æ,75.621,75.763,20,75.721,122.633,7.395,14.131,+ATR,M
Boampong-009_mono,Boampong-009,mono,æ,75.621,75.763,21,75.726,121.375,9.168,16.143,+ATR,M
Boampong-009_mono,Boampong-009,mono,æ,75.621,75.763,22,75.731,120.104,9.728,16.054,+ATR,M
Boampong-009_mono,Boampong-009,mono,æ,75.621,75.763,23,75.736,118.833,9.007,15.04,+ATR,M
Boampong-009_mono,Boampong-009,mono,æ,75.621,75.763,24,75.741,117.499,9.56,13.3,+ATR,M
Boampong-009_mono,Boampong-009,mono,æ,75.621,75.763,25,75.746,116.137,11.263,18.228,+ATR,M
Boampong-009_mono,Boampong-009,mono,æ,75.621,75.763,26,75.751,114.774,13.442,14.388,+ATR,M
Boampong-009_mono,Boampong-009,mono,æ,75.621,75.763,27,75.756,112.528,14.818,15.289,+ATR,M
Boampong-009_mono,Boampong-009,mono,æ,75.621,75.763,28,75.761,109.878,15.64,11.561,+ATR,M
Boampong-009_mono,Boampong-009,mono,u,75.894,75.984,1,75.899,132.896,11.719,15.705,+ATR,M
Boampong-009_mono,Boampong-009,mono,u,75.894,75.984,2,75.904,131.936,7.997,10.811,+ATR,M
Boampong-009_mono,Boampong-009,mono,u,75.894,75.984,3,75.909,130.755,14.363,13.575,+ATR,M
Boampong-009_mono,Boampong-009,mono,u,75.894,75.984,4,75.914,129.575,13.268,18.719,+ATR,M
Boampong-009_mono,Boampong-009,mono,u,75.894,75.984,5,75.919,128.71,12.316,13.626,+ATR,M
Boampong-009_mono,Boampong-009,mono,u,75.894,75.984,6,75.924,128.873,12.614,15.145,+ATR,M
Boampong-009_mono,Boampong-009,mono,u,75.894,75.984,7,75.929,129.036,13.268,15.564,+ATR,M
Boampong-009_mono,Boampong-009,mono,u,75.894,75.984,8,75.934,129.418,13.445,13.256,+ATR,M
Boampong-009_mono,Boampong-009,mono,u,75.894,75.984,9,75.939,130.512,13.046,17.976,+ATR,M
Boampong-009_mono,Boampong-009,mono,u,75.894,75.984,10,75.944,131.606,15.039,12.013,+ATR,M
Boampong-009_mono,Boampong-009,mono,u,75.894,75.984,11,75.949,132.918,16.645,13.596,+ATR,M
Boampong-009_mono,Boampong-009,mono,u,75.894,75.984,12,75.954,134.937,16.938,13.371,+ATR,M
Boampong-009_mono,Boampong-009,mono,u,75.894,75.984,13,75.959,136.957,16.688,15.614,+ATR,M
Boampong-009_mono,Boampong-009,mono,u,75.894,75.984,14,75.964,138.932,10.098,11.878,+ATR,M
Boampong-009_mono,Boampong-009,mono,u,75.894,75.984,15,75.969,140.759,6.158,11.433,+ATR,M
Boampong-009_mono,Boampong-009,mono,u,75.894,75.984,16,75.974,142.586,8.704,11.823,+ATR,M
Boampong-009_mono,Boampong-009,mono,u,75.894,75.984,17,75.979,143.984,-0.24,10.565,+ATR,M
Boampong-009_mono,Boampong-009,mono,u,75.894,75.984,18,75.984,143.984,0.525,16.216,+ATR,M
Boampong-009_mono,Boampong-009,mono,ʊ,77.127,77.225,1,77.132,133.742,13.597,16.193,-ATR,M
Boampong-009_mono,Boampong-009,mono,ʊ,77.127,77.225,2,77.137,129.2,11.962,14.545,-ATR,M
Boampong-009_mono,Boampong-009,mono,ʊ,77.127,77.225,3,77.142,124.318,8.295,13.016,-ATR,M
Boampong-009_mono,Boampong-009,mono,ʊ,77.127,77.225,4,77.147,119.437,4.374,11.443,-ATR,M
Boampong-009_mono,Boampong-009,mono,ʊ,77.127,77.225,5,77.152,117.414,2.565,12.517,-ATR,M
Boampong-009_mono,Boampong-009,mono,ʊ,77.127,77.225,6,77.157,115.606,1.498,14.136,-ATR,M
Boampong-009_mono,Boampong-009,mono,ʊ,77.127,77.225,7,77.162,113.797,0.681,11.488,-ATR,M
Boampong-009_mono,Boampong-009,mono,ʊ,77.127,77.225,8,77.167,112.316,0.347,13.734,-ATR,M
Boampong-009_mono,Boampong-009,mono,ʊ,77.127,77.225,9,77.172,110.86,0.054,16.685,-ATR,M
Boampong-009_mono,Boampong-009,mono,ʊ,77.127,77.225,10,77.177,109.403,0.178,11.141,-ATR,M
Boampong-009_mono,Boampong-009,mono,ʊ,77.127,77.225,11,77.182,107.769,0.335,13.977,-ATR,M
Boampong-009_mono,Boampong-009,mono,ʊ,77.127,77.225,12,77.187,106.122,0.357,12.803,-ATR,M
Boampong-009_mono,Boampong-009,mono,ʊ,77.127,77.225,13,77.192,104.475,1.005,15.86,-ATR,M
Boampong-009_mono,Boampong-009,mono,ʊ,77.127,77.225,14,77.197,95.692,0.336,15.769,-ATR,M
Boampong-009_mono,Boampong-009,mono,ʊ,77.127,77.225,15,77.202,86.376,-2.199,11.027,-ATR,M
Boampong-009_mono,Boampong-009,mono,ʊ,77.127,77.225,16,77.207,77.06,-4.063,11.937,-ATR,M
Boampong-009_mono,Boampong-009,mono,ʊ,77.127,77.225,17,77.212,76.412,-3.368,10.776,-ATR,M
Boampong-009_mono,Boampong-009,mono,ʊ,77.127,77.225,18,77.217,0,0,11.878,-ATR,M
Boampong-009_mono,Boampong-009,mono,ʊ,77.127,77.225,19,77.222,0,0,14.469,-ATR,M
Boampong-009_mono,Boampong-009,mono,o,78.057,78.16,1,78.063,143.004,13.326,12.491,+ATR,M
Boampong-009_mono,Boampong-009,mono,o,78.057,78.16,2,78.068,138.43,8.745,15.62,+ATR,M
Boampong-009_mono,Boampong-009,mono,o,78.057,78.16,3,78.073,133.723,4.641,11.926,+ATR,M
Boampong-009_mono,Boampong-009,mono,o,78.057,78.16,4,78.078,129.016,3.436,12.544,+ATR,M
Boampong-009_mono,Boampong-009,mono,o,78.057,78.16,5,78.083,127.021,1.953,12.351,+ATR,M
Boampong-009_mono,Boampong-009,mono,o,78.057,78.16,6,78.088,125.105,1.83,13.588,+ATR,M
Boampong-009_mono,Boampong-009,mono,o,78.057,78.16,7,78.093,123.188,1.682,13.595,+ATR,M
Boampong-009_mono,Boampong-009,mono,o,78.057,78.16,8,78.098,122.139,1.697,15.416,+ATR,M
Boampong-009_mono,Boampong-009,mono,o,78.057,78.16,9,78.103,121.115,1.364,15.221,+ATR,M
Boampong-009_mono,Boampong-009,mono,o,78.057,78.16,10,78.108,120.092,1.312,11.759,+ATR,M
Boampong-009_mono,Boampong-009,mono,o,78.057,78.16,11,78.113,119.058,1.514,11.827,+ATR,M
Boampong-009_mono,Boampong-009,mono,o,78.057,78.16,12,78.118,118.023,1.576,13.464,+ATR,M
Boampong-009_mono,Boampong-009,mono,o,78.057,78.16,13,78.123,116.989,1.597,14.408,+ATR,M
Boampong-009_mono,Boampong-009,mono,o,78.057,78.16,14,78.128,116.194,2.234,12.149,+ATR,M
Boampong-009_mono,Boampong-009,mono,o,78.057,78.16,15,78.133,115.406,2.82,12.913,+ATR,M
Boampong-009_mono,Boampong-009,mono,o,78.057,78.16,16,78.138,114.619,3.782,12.009,+ATR,M
Boampong-009_mono,Boampong-009,mono,o,78.057,78.16,17,78.143,112.908,4.774,13.726,+ATR,M
Boampong-009_mono,Boampong-009,mono,o,78.057,78.16,18,78.148,111.171,5.663,16.107,+ATR,M
Boampong-009_mono,Boampong-009,mono,o,78.057,78.16,19,78.153,109.433,7.505,12.987,+ATR,M
Boampong-009_mono,Boampong-009,mono,o,78.057,78.16,20,78.158,108.311,7.92,13.032,+ATR,M
Boampong-009_mono,Boampong-009,mono,ɔ,80.92,81.019,1,80.926,150.462,7.917,10.876,-ATR,M
Boampong-009_mono,Boampong-009,mono,ɔ,80.92,81.019,2,80.931,148.436,4.083,17.027,-ATR,M
Boampong-009_mono,Boampong-009,mono,ɔ,80.92,81.019,3,80.936,147.732,1.105,19.883,-ATR,M
Boampong-009_mono,Boampong-009,mono,ɔ,80.92,81.019,4,80.941,147.029,0.614,24.522,-ATR,M
Boampong-009_mono,Boampong-009,mono,ɔ,80.92,81.019,5,80.946,146.69,0.535,26.599,-ATR,M
Boampong-009_mono,Boampong-009,mono,ɔ,80.92,81.019,6,80.951,146.64,0.19,23.358,-ATR,M
Boampong-009_mono,Boampong-009,mono,ɔ,80.92,81.019,7,80.956,146.59,-0.085,22.328,-ATR,M
Boampong-009_mono,Boampong-009,mono,ɔ,80.92,81.019,8,80.961,146.695,0.053,24.331,-ATR,M
Boampong-009_mono,Boampong-009,mono,ɔ,80.92,81.019,9,80.966,146.925,0.564,18.895,-ATR,M
Boampong-009_mono,Boampong-009,mono,ɔ,80.92,81.019,10,80.971,147.154,1.178,19.493,-ATR,M
Boampong-009_mono,Boampong-009,mono,ɔ,80.92,81.019,11,80.976,147.009,1.553,20.964,-ATR,M
Boampong-009_mono,Boampong-009,mono,ɔ,80.92,81.019,12,80.981,146.567,1.842,15.898,-ATR,M
Boampong-009_mono,Boampong-009,mono,ɔ,80.92,81.019,13,80.986,146.126,2.458,14.186,-ATR,M
Boampong-009_mono,Boampong-009,mono,ɔ,80.92,81.019,14,80.991,144.689,3.36,14.691,-ATR,M
Boampong-009_mono,Boampong-009,mono,ɔ,80.92,81.019,15,80.996,142.461,5.05,17.196,-ATR,M
Boampong-009_mono,Boampong-009,mono,ɔ,80.92,81.019,16,81.001,140.234,10.497,15.549,-ATR,M
Boampong-009_mono,Boampong-009,mono,ɔ,80.92,81.019,17,81.006,136.74,17.21,15.11,-ATR,M
Boampong-009_mono,Boampong-009,mono,ɔ,80.92,81.019,18,81.011,132.241,26.414,15.622,-ATR,M
Boampong-009_mono,Boampong-009,mono,ɔ,80.92,81.019,19,81.016,127.742,21.474,12.829,-ATR,M
Boampong-009_mono,Boampong-009,mono,a,81.922,82.021,1,81.927,0,0,13.007,-ATR,M
Boampong-009_mono,Boampong-009,mono,a,81.922,82.021,2,81.932,0,0,19.773,-ATR,M
Boampong-009_mono,Boampong-009,mono,a,81.922,82.021,3,81.937,0,0,17.986,-ATR,M
Boampong-009_mono,Boampong-009,mono,a,81.922,82.021,4,81.942,121.472,5.947,17.306,-ATR,M
Boampong-009_mono,Boampong-009,mono,a,81.922,82.021,5,81.947,121.472,3.763,20.907,-ATR,M
Boampong-009_mono,Boampong-009,mono,a,81.922,82.021,6,81.952,120.967,3.1,17.254,-ATR,M
Boampong-009_mono,Boampong-009,mono,a,81.922,82.021,7,81.957,120.374,3.414,18.02,-ATR,M
Boampong-009_mono,Boampong-009,mono,a,81.922,82.021,8,81.962,119.781,3.677,13.227,-ATR,M
Boampong-009_mono,Boampong-009,mono,a,81.922,82.021,9,81.967,117.981,4.087,20.321,-ATR,M
Boampong-009_mono,Boampong-009,mono,a,81.922,82.021,10,81.972,115.973,3.926,17.146,-ATR,M
Boampong-009_mono,Boampong-009,mono,a,81.922,82.021,11,81.977,113.966,4.434,18.822,-ATR,M
Boampong-009_mono,Boampong-009,mono,a,81.922,82.021,12,81.982,113.13,4.757,18.555,-ATR,M
Boampong-009_mono,Boampong-009,mono,a,81.922,82.021,13,81.987,112.496,5.628,17.484,-ATR,M
Boampong-009_mono,Boampong-009,mono,a,81.922,82.021,14,81.992,111.862,5.902,19.129,-ATR,M
Boampong-009_mono,Boampong-009,mono,a,81.922,82.021,15,81.997,111.28,6.889,13.039,-ATR,M
Boampong-009_mono,Boampong-009,mono,a,81.922,82.021,16,82.002,110.706,7.322,19.074,-ATR,M
Boampong-009_mono,Boampong-009,mono,a,81.922,82.021,17,82.007,110.133,8.398,15.466,-ATR,M
Boampong-009_mono,Boampong-009,mono,a,81.922,82.021,18,82.012,107.818,10.149,13.468,-ATR,M
Boampong-009_mono,Boampong-009,mono,a,81.922,82.021,19,82.017,105.203,12.442,13.559,-ATR,M
Cynthia-013_mono,Cynthia-013,mono,i,86.638,86.795,1,86.644,231.387,0.141,16.563,+ATR,F
Cynthia-013_mono,Cynthia-013,mono,i,86.638,86.795,2,86.649,232.191,0.08,18.486,+ATR,F
Cynthia-013_mono,Cynthia-013,mono,i,86.638,86.795,3,86.654,232.994,0.637,18.319,+ATR,F
Cynthia-013_mono,Cynthia-013,mono,i,86.638,86.795,4,86.659,233.731,1.082,19.608,+ATR,F
Cynthia-013_mono,Cynthia-013,mono,i,86.638,86.795,5,86.664,234.412,0.871,20.88,+ATR,F
Cynthia-013_mono,Cynthia-013,mono,i,86.638,86.795,6,86.669,235.092,-0.346,20.906,+ATR,F
Cynthia-013_mono,Cynthia-013,mono,i,86.638,86.795,7,86.674,235.561,-0.797,24.177,+ATR,F
Cynthia-013_mono,Cynthia-013,mono,i,86.638,86.795,8,86.679,235.849,-0.9,24.571,+ATR,F
Cynthia-013_mono,Cynthia-013,mono,i,86.638,86.795,9,86.684,236.137,-1.004,25.135,+ATR,F
Cynthia-013_mono,Cynthia-013,mono,i,86.638,86.795,10,86.689,236.296,-1.187,24.29,+ATR,F
Cynthia-013_mono,Cynthia-013,mono,i,86.638,86.795,11,86.694,236.345,-2.539,24.102,+ATR,F
Cynthia-013_mono,Cynthia-013,mono,i,86.638,86.795,12,86.699,236.393,-2.781,24.231,+ATR,F
Cynthia-013_mono,Cynthia-013,mono,i,86.638,86.795,13,86.704,236.532,-3.319,23.317,+ATR,F
Cynthia-013_mono,Cynthia-013,mono,i,86.638,86.795,14,86.709,236.748,-3.391,22.017,+ATR,F
Cynthia-013_mono,Cynthia-013,mono,i,86.638,86.795,15,86.714,236.964,-2.984,21.312,+ATR,F
Cynthia-013_mono,Cynthia-013,mono,i,86.638,86.795,16,86.719,237.371,-2.647,19.548,+ATR,F
Cynthia-013_mono,Cynthia-013,mono,i,86.638,86.795,17,86.724,237.943,-2.511,16.268,+ATR,F
Cynthia-013_mono,Cynthia-013,mono,i,86.638,86.795,18,86.729,238.514,-2.694,13.713,+ATR,F
Cynthia-013_mono,Cynthia-013,mono,i,86.638,86.795,19,86.734,238.963,-2.615,15.619,+ATR,F
Cynthia-013_mono,Cynthia-013,mono,i,86.638,86.795,20,86.739,239.306,-2.264,12.481,+ATR,F
Cynthia-013_mono,Cynthia-013,mono,i,86.638,86.795,21,86.744,239.649,-1.152,13.507,+ATR,F
Cynthia-013_mono,Cynthia-013,mono,i,86.638,86.795,22,86.749,239.798,1.105,10.971,+ATR,F
Cynthia-013_mono,Cynthia-013,mono,i,86.638,86.795,23,86.754,239.779,5.699,12.861,+ATR,F
Cynthia-013_mono,Cynthia-013,mono,i,86.638,86.795,24,86.759,239.761,20.46,13.007,+ATR,F
Cynthia-013_mono,Cynthia-013,mono,i,86.638,86.795,25,86.764,239.752,16.279,14.806,+ATR,F
Cynthia-013_mono,Cynthia-013,mono,i,86.638,86.795,26,86.769,0,0,14.959,+ATR,F
Cynthia-013_mono,Cynthia-013,mono,i,86.638,86.795,27,86.774,0,0,12.354,+ATR,F
Cynthia-013_mono,Cynthia-013,mono,i,86.638,86.795,28,86.779,0,0,11.215,+ATR,F
Cynthia-013_mono,Cynthia-013,mono,i,86.638,86.795,29,86.784,0,0,11.895,+ATR,F
Cynthia-013_mono,Cynthia-013,mono,i,86.638,86.795,30,86.789,0,0,13.019,+ATR,F
Cynthia-013_mono,Cynthia-013,mono,i,86.638,86.795,31,86.794,0,0,14.695,+ATR,F
Cynthia-013_mono,Cynthia-013,mono,ɪ,90.131,90.224,1,90.136,224.956,7.543,14.862,-ATR,F
Cynthia-013_mono,Cynthia-013,mono,ɪ,90.131,90.224,2,90.141,225.095,8.557,21.407,-ATR,F
Cynthia-013_mono,Cynthia-013,mono,ɪ,90.131,90.224,3,90.146,225.233,9.926,20.608,-ATR,F
Cynthia-013_mono,Cynthia-013,mono,ɪ,90.131,90.224,4,90.151,225.323,10.907,22.36,-ATR,F
Cynthia-013_mono,Cynthia-013,mono,ɪ,90.131,90.224,5,90.156,224.966,12.869,20.5,-ATR,F
Cynthia-013_mono,Cynthia-013,mono,ɪ,90.131,90.224,6,90.161,224.61,13.093,18.427,-ATR,F
Cynthia-013_mono,Cynthia-013,mono,ɪ,90.131,90.224,7,90.166,224.211,13.273,20.457,-ATR,F
Cynthia-013_mono,Cynthia-013,mono,ɪ,90.131,90.224,8,90.171,223.423,14.131,22.488,-ATR,F
Cynthia-013_mono,Cynthia-013,mono,ɪ,90.131,90.224,9,90.176,222.635,15.64,22.309,-ATR,F
Cynthia-013_mono,Cynthia-013,mono,ɪ,90.131,90.224,10,90.181,221.802,16.161,23.939,-ATR,F
Cynthia-013_mono,Cynthia-013,mono,ɪ,90.131,90.224,11,90.186,220.563,14.871,24.358,-ATR,F
Cynthia-013_mono,Cynthia-013,mono,ɪ,90.131,90.224,12,90.191,219.324,12.734,22.954,-ATR,F
Cynthia-013_mono,Cynthia-013,mono,ɪ,90.131,90.224,13,90.196,218.116,10.621,23.518,-ATR,F
Cynthia-013_mono,Cynthia-013,mono,ɪ,90.131,90.224,14,90.201,217.189,9.322,19.774,-ATR,F
Cynthia-013_mono,Cynthia-013,mono,ɪ,90.131,90.224,15,90.206,216.262,8.407,24.141,-ATR,F
Cynthia-013_mono,Cynthia-013,mono,ɪ,90.131,90.224,16,90.211,215.397,7.243,25.966,-ATR,F
Cynthia-013_mono,Cynthia-013,mono,ɪ,90.131,90.224,17,90.216,215.097,6.101,26.197,-ATR,F
Cynthia-013_mono,Cynthia-013,mono,ɪ,90.131,90.224,18,90.221,214.796,4.962,26.912,-ATR,F
Cynthia-013_mono,Cynthia-013,mono,e,90.973,91.094,1,90.978,0,0,14.853,+ATR,F
Cynthia-013_mono,Cynthia-013,mono,e,90.973,91.094,2,90.983,199.999,12.998,16.903,+ATR,F
Cynthia-013_mono,Cynthia-013,mono,e,90.973,91.094,3,90.988,199.999,11.208,19.739,+ATR,F
Cynthia-013_mono,Cynthia-013,mono,e,90.973,91.094,4,90.993,200.339,8.665,13.765,+ATR,F
Cynthia-013_mono,Cynthia-013,mono,e,90.973,91.094,5,90.998,200.991,7.815,13.137,+ATR,F
Cynthia-013_mono,Cynthia-013,mono,e,90.973,91.094,6,91.003,201.644,7.448,17.17,+ATR,F
Cynthia-013_mono,Cynthia-013,mono,e,90.973,91.094,7,91.008,202.394,10.779,21.063,+ATR,F
Cynthia-013_mono,Cynthia-013,mono,e,90.973,91.094,8,91.013,203.235,16.027,22.491,+ATR,F
Cynthia-013_mono,Cynthia-013,mono,e,90.973,91.094,9,91.018,204.076,19.072,21.874,+ATR,F
Cynthia-013_mono,Cynthia-013,mono,e,90.973,91.094,10,91.023,204.687,18.291,18.211,+ATR,F
Cynthia-013_mono,Cynthia-013,mono,e,90.973,91.094,11,91.028,205.087,17.034,20.469,+ATR,F
Cynthia-013_mono,Cynthia-013,mono,e,90.973,91.094,12,91.033,205.487,15.957,18.81,+ATR,F
Cynthia-013_mono,Cynthia-013,mono,e,90.973,91.094,13,91.038,205.534,16.111,18.613,+ATR,F
Cynthia-013_mono,Cynthia-013,mono,e,90.973,91.094,14,91.043,205.257,16.108,21.03,+ATR,F
Cynthia-013_mono,Cynthia-013,mono,e,90.973,91.094,15,91.048,204.981,15.424,22.819,+ATR,F
Cynthia-013_mono,Cynthia-013,mono,e,90.973,91.094,16,91.053,204.67,15.18,26.26,+ATR,F
Cynthia-013_mono,Cynthia-013,mono,e,90.973,91.094,17,91.058,204.327,15.068,25.843,+ATR,F
Cynthia-013_mono,Cynthia-013,mono,e,90.973,91.094,18,91.063,203.984,14.86,24.148,+ATR,F
Cynthia-013_mono,Cynthia-013,mono,e,90.973,91.094,19,91.068,203.489,14.89,23.925,+ATR,F
Cynthia-013_mono,Cynthia-013,mono,e,90.973,91.094,20,91.073,202.854,15.431,22.952,+ATR,F
Cynthia-013_mono,Cynthia-013,mono,e,90.973,91.094,21,91.078,202.219,15.094,21.999,+ATR,F
Cynthia-013_mono,Cynthia-013,mono,e,90.973,91.094,22,91.083,201.846,15.262,21.356,+ATR,F
Cynthia-013_mono,Cynthia-013,mono,e,90.973,91.094,23,91.088,201.713,18.243,16.928,+ATR,F
Cynthia-013_mono,Cynthia-013,mono,e,90.973,91.094,24,91.093,201.581,24.343,13.511,+ATR,F
Cynthia-013_mono,Cynthia-013,mono,ɛ,92.078,92.176,1,92.083,0,0,15.041,-ATR,F
Cynthia-013_mono,Cynthia-013,mono,ɛ,92.078,92.176,2,92.088,0,0,15.534,-ATR,F
Cynthia-013_mono,Cynthia-013,mono,ɛ,92.078,92.176,3,92.093,198.93,14.602,13.934,-ATR,F
Cynthia-013_mono,Cynthia-013,mono,ɛ,92.078,92.176,4,92.098,198.93,10.233,15.343,-ATR,F
Cynthia-013_mono,Cynthia-013,mono,ɛ,92.078,92.176,5,92.103,199.517,3.137,18.59,-ATR,F
Cynthia-013_mono,Cynthia-013,mono,ɛ,92.078,92.176,6,92.108,200.654,0.998,19.409,-ATR,F
Cynthia-013_mono,Cynthia-013,mono,ɛ,92.078,92.176,7,92.113,201.791,1.127,23.34,-ATR,F
Cynthia-013_mono,Cynthia-013,mono,ɛ,92.078,92.176,8,92.118,202.459,2.169,20.384,-ATR,F
Cynthia-013_mono,Cynthia-013,mono,ɛ,92.078,92.176,9,92.123,202.689,2.659,20.718,-ATR,F
Cynthia-013_mono,Cynthia-013,mono,ɛ,92.078,92.176,10,92.128,202.919,2.53,25.092,-ATR,F
Cynthia-013_mono,Cynthia-013,mono,ɛ,92.078,92.176,11,92.133,202.868,2.853,28.047,-ATR,F
Cynthia-013_mono,Cynthia-013,mono,ɛ,92.078,92.176,12,92.138,202.555,2.899,28.753,-ATR,F
Cynthia-013_mono,Cynthia-013,mono,ɛ,92.078,92.176,13,92.143,202.241,2.617,28.367,-ATR,F
Cynthia-013_mono,Cynthia-013,mono,ɛ,92.078,92.176,14,92.148,201.68,2.381,28.872,-ATR,F
Cynthia-013_mono,Cynthia-013,mono,ɛ,92.078,92.176,15,92.153,200.886,2.358,27.253,-ATR,F
Cynthia-013_mono,Cynthia-013,mono,ɛ,92.078,92.176,16,92.158,200.091,2.606,22.296,-ATR,F
Cynthia-013_mono,Cynthia-013,mono,ɛ,92.078,92.176,17,92.163,199.087,3.104,22.847,-ATR,F
Cynthia-013_mono,Cynthia-013,mono,ɛ,92.078,92.176,18,92.168,197.886,4.015,23.547,-ATR,F
Cynthia-013_mono,Cynthia-013,mono,ɛ,92.078,92.176,19,92.173,196.684,5.306,17.412,-ATR,F
Cynthia-013_mono,Cynthia-013,mono,æ,93.26,93.364,1,93.265,0,0,15.234,+ATR,F
Cynthia-013_mono,Cynthia-013,mono,æ,93.26,93.364,2,93.27,0,0,10.705,+ATR,F
Cynthia-013_mono,Cynthia-013,mono,æ,93.26,93.364,3,93.275,0,0,14.302,+ATR,F
Cynthia-013_mono,Cynthia-013,mono,æ,93.26,93.364,4,93.28,0,0,12.955,+ATR,F
Cynthia-013_mono,Cynthia-013,mono,æ,93.26,93.364,5,93.285,0,0,12.92,+ATR,F
Cynthia-013_mono,Cynthia-013,mono,æ,93.26,93.364,6,93.29,0,0,15.014,+ATR,F
Cynthia-013_mono,Cynthia-013,mono,æ,93.26,93.364,7,93.295,193.968,2.231,17.044,+ATR,F
Cynthia-013_mono,Cynthia-013,mono,æ,93.26,93.364,8,93.3,193.968,3.439,17.491,+ATR,F
Cynthia-013_mono,Cynthia-013,mono,æ,93.26,93.364,9,93.305,194.758,4.721,21.722,+ATR,F
Cynthia-013_mono,Cynthia-013,mono,æ,93.26,93.364,10,93.31,195.613,5.483,21.088,+ATR,F
Cynthia-013_mono,Cynthia-013,mono,æ,93.26,93.364,11,93.315,196.468,5.084,23.246,+ATR,F
Cynthia-013_mono,Cynthia-013,mono,æ,93.26,93.364,12,93.32,197.249,4.999,21.107,+ATR,F
Cynthia-013_mono,Cynthia-013,mono,æ,93.26,93.364,13,93.325,198.023,4.845,21.767,+ATR,F
Cynthia-013_mono,Cynthia-013,mono,æ,93.26,93.364,14,93.33,198.798,4.645,24.731,+ATR,F
Cynthia-013_mono,Cynthia-013,mono,æ,93.26,93.364,15,93.335,199.177,4.404,26.168,+ATR,F
Cynthia-013_mono,Cynthia-013,mono,æ,93.26,93.364,16,93.34,199.525,4.153,27.377,+ATR,F
Cynthia-013_mono,Cynthia-013,mono,æ,93.26,93.364,17,93.345,199.872,4.277,26.435,+ATR,F
Cynthia-013_mono,Cynthia-013,mono,æ,93.26,93.364,18,93.35,199.799,5.4,25.47,+ATR,F
Cynthia-013_mono,Cynthia-013,mono,æ,93.26,93.364,19,93.355,199.691,8.311,23.346,+ATR,F
Cynthia-013_mono,Cynthia-013,mono,æ,93.26,93.364,20,93.36,199.583,10.111,18.917,+ATR,F
Cynthia-013_mono,Cynthia-013,mono,u,93.546,93.653,1,93.552,238.729,3.827,14.431,+ATR,F
Cynthia-013_mono,Cynthia-013,mono,u,93.546,93.653,2,93.557,238.567,-0.322,12.456,+ATR,F
Cynthia-013_mono,Cynthia-013,mono,u,93.546,93.653,3,93.562,237.575,-1.564,15.028,+ATR,F
Cynthia-013_mono,Cynthia-013,mono,u,93.546,93.653,4,93.567,236.582,-4.024,18.115,+ATR,F
Cynthia-013_mono,Cynthia-013,mono,u,93.546,93.653,5,93.572,235.661,-4.011,20.383,+ATR,F
Cynthia-013_mono,Cynthia-013,mono,u,93.546,93.653,6,93.577,235.105,-3.581,19.326,+ATR,F
Cynthia-013_mono,Cynthia-013,mono,u,93.546,93.653,7,93.582,234.55,-3.428,20.636,+ATR,F
Cynthia-013_mono,Cynthia-013,mono,u,93.546,93.653,8,93.587,234.025,-2.331,20.532,+ATR,F
Cynthia-013_mono,Cynthia-013,mono,u,93.546,93.653,9,93.592,233.661,-2.056,20.705,+ATR,F
Cynthia-013_mono,Cynthia-013,mono,u,93.546,93.653,10,93.597,233.296,-1.844,21.019,+ATR,F
Cynthia-013_mono,Cynthia-013,mono,u,93.546,93.653,11,93.602,232.869,-1.547,19.982,+ATR,F
Cynthia-013_mono,Cynthia-013,mono,u,93.546,93.653,12,93.607,232.124,-1.017,21.063,+ATR,F
Cynthia-013_mono,Cynthia-013,mono,u,93.546,93.653,13,93.612,231.378,0.293,22.615,+ATR,F
Cynthia-013_mono,Cynthia-013,mono,u,93.546,93.653,14,93.617,230.43,1.133,22.635,+ATR,F
Cynthia-013_mono,Cynthia-013,mono,u,93.546,93.653,15,93.622,228.44,2.689,18.287,+ATR,F
Cynthia-013_mono,Cynthia-013,mono,u,93.546,93.653,16,93.627,226.45,3.523,13.308,+ATR,F
Cynthia-013_mono,Cynthia-013,mono,u,93.546,93.653,17,93.632,224.77,4.601,13.545,+ATR,F
Cynthia-013_mono,Cynthia-013,mono,u,93.546,93.653,18,93.637,224.683,-0.924,13.201,+ATR,F
Cynthia-013_mono,Cynthia-013,mono,u,93.546,93.653,19,93.642,224.597,3.149,14.45,+ATR,F
Cynthia-013_mono,Cynthia-013,mono,u,93.546,93.653,20,93.647,224.524,4.715,15.364,+ATR,F
Cynthia-013_mono,Cynthia-013,mono,u,93.546,93.653,21,93.652,224.524,6.599,13.039,+ATR,F
Cynthia-013_mono,Cynthia-013,mono,ʊ,94.59,94.704,1,94.596,201.726,8.675,12.929,-ATR,F
Cynthia-013_mono,Cynthia-013,mono,ʊ,94.59,94.704,2,94.601,198.215,5.834,13.329,-ATR,F
Cynthia-013_mono,Cynthia-013,mono,ʊ,94.59,94.704,3,94.606,194.704,6.114,17.239,-ATR,F
Cynthia-013_mono,Cynthia-013,mono,ʊ,94.59,94.704,4,94.611,192.233,6.357,18.009,-ATR,F
Cynthia-013_mono,Cynthia-013,mono,ʊ,94.59,94.704,5,94.616,189.829,5.992,16.312,-ATR,F
Cynthia-013_mono,Cynthia-013,mono,ʊ,94.59,94.704,6,94.621,187.426,5.157,19.72,-ATR,F
Cynthia-013_mono,Cynthia-013,mono,ʊ,94.59,94.704,7,94.626,185.594,3.157,20.212,-ATR,F
Cynthia-013_mono,Cynthia-013,mono,ʊ,94.59,94.704,8,94.631,183.799,0.148,18.313,-ATR,F
Cynthia-013_mono,Cynthia-013,mono,ʊ,94.59,94.704,9,94.636,182.004,-1.514,20.11,-ATR,F
Cynthia-013_mono,Cynthia-013,mono,ʊ,94.59,94.704,10,94.641,179.849,-1.707,21.18,-ATR,F
Cynthia-013_mono,Cynthia-013,mono,ʊ,94.59,94.704,11,94.646,177.67,-2.362,19.215,-ATR,F
Cynthia-013_mono,Cynthia-013,mono,ʊ,94.59,94.704,12,94.651,175.491,-4.088,17.118,-ATR,F
Cynthia-013_mono,Cynthia-013,mono,ʊ,94.59,94.704,13,94.656,170.692,-5.797,16.497,-ATR,F
Cynthia-013_mono,Cynthia-013,mono,ʊ,94.59,94.704,14,94.661,165.724,-4.713,15.066,-ATR,F
Cynthia-013_mono,Cynthia-013,mono,ʊ,94.59,94.704,15,94.666,160.755,-3.79,14.389,-ATR,F
Cynthia-013_mono,Cynthia-013,mono,ʊ,94.59,94.704,16,94.671,158.388,-0.814,12.139,-ATR,F
Cynthia-013_mono,Cynthia-013,mono,ʊ,94.59,94.704,17,94.676,156.19,0.587,15.081,-ATR,F
Cynthia-013_mono,Cynthia-013,mono,ʊ,94.59,94.704,18,94.681,153.992,1.456,11.099,-ATR,F
Cynthia-013_mono,Cynthia-013,mono,ʊ,94.59,94.704,19,94.686,153.858,17.273,13.538,-ATR,F
Cynthia-013_mono,Cynthia-013,mono,ʊ,94.59,94.704,20,94.691,0,0,13.452,-ATR,F
Cynthia-013_mono,Cynthia-013,mono,ʊ,94.59,94.704,21,94.696,0,0,14.418,-ATR,F
Cynthia-013_mono,Cynthia-013,mono,ʊ,94.59,94.704,22,94.701,0,0,14.564,-ATR,F
Cynthia-013_mono,Cynthia-013,mono,o,95.349,95.45,1,95.355,211.148,10.224,12.121,+ATR,F
Cynthia-013_mono,Cynthia-013,mono,o,95.349,95.45,2,95.36,211.016,12.223,19.9,+ATR,F
Cynthia-013_mono,Cynthia-013,mono,o,95.349,95.45,3,95.365,210.85,14.649,15.088,+ATR,F
Cynthia-013_mono,Cynthia-013,mono,o,95.349,95.45,4,95.37,210.684,17.361,13.544,+ATR,F
Cynthia-013_mono,Cynthia-013,mono,o,95.349,95.45,5,95.375,210.123,18.665,16.635,+ATR,F
Cynthia-013_mono,Cynthia-013,mono,o,95.349,95.45,6,95.38,209.46,18.743,20.239,+ATR,F
Cynthia-013_mono,Cynthia-013,mono,o,95.349,95.45,7,95.385,208.797,18.61,15.082,+ATR,F
Cynthia-013_mono,Cynthia-013,mono,o,95.349,95.45,8,95.39,208.594,18.17,21.28,+ATR,F
Cynthia-013_mono,Cynthia-013,mono,o,95.349,95.45,9,95.395,208.508,18.612,21.043,+ATR,F
Cynthia-013_mono,Cynthia-013,mono,o,95.349,95.45,10,95.4,208.422,19.248,26.761,+ATR,F
Cynthia-013_mono,Cynthia-013,mono,o,95.349,95.45,11,95.405,207.845,18.227,26.99,+ATR,F
Cynthia-013_mono,Cynthia-013,mono,o,95.349,95.45,12,95.41,207.14,17.762,23.897,+ATR,F
Cynthia-013_mono,Cynthia-013,mono,o,95.349,95.45,13,95.415,206.436,17.911,23.398,+ATR,F
Cynthia-013_mono,Cynthia-013,mono,o,95.349,95.45,14,95.42,205.4,18.086,25.661,+ATR,F
Cynthia-013_mono,Cynthia-013,mono,o,95.349,95.45,15,95.425,204.279,17.862,24.231,+ATR,F
Cynthia-013_mono,Cynthia-013,mono,o,95.349,95.45,16,95.43,203.158,17.074,24.466,+ATR,F
Cynthia-013_mono,Cynthia-013,mono,o,95.349,95.45,17,95.435,202.419,16.102,23.515,+ATR,F
Cynthia-013_mono,Cynthia-013,mono,o,95.349,95.45,18,95.44,201.777,15.716,19.169,+ATR,F
Cynthia-013_mono,Cynthia-013,mono,o,95.349,95.45,19,95.445,201.136,16.591,19.549,+ATR,F
Cynthia-013_mono,Cynthia-013,mono,o,95.349,95.45,20,95.45,201.453,17.739,15.171,+ATR,F
Cynthia-013_mono,Cynthia-013,mono,ɔ,96.684,96.812,1,96.69,230.665,8.56,14.415,-ATR,F
Cynthia-013_mono,Cynthia-013,mono,ɔ,96.684,96.812,2,96.695,228.557,5.438,18.111,-ATR,F
Cynthia-013_mono,Cynthia-013,mono,ɔ,96.684,96.812,3,96.7,226.003,3.801,22.935,-ATR,F
Cynthia-013_mono,Cynthia-013,mono,ɔ,96.684,96.812,4,96.705,223.449,1.369,24.856,-ATR,F
Cynthia-013_mono,Cynthia-013,mono,ɔ,96.684,96.812,5,96.71,222.205,-0.038,27.586,-ATR,F
Cynthia-013_mono,Cynthia-013,mono,ɔ,96.684,96.812,6,96.715,221.239,-0.332,29.593,-ATR,F
Cynthia-013_mono,Cynthia-013,mono,ɔ,96.684,96.812,7,96.72,220.273,-0.057,27.865,-ATR,F
Cynthia-013_mono,Cynthia-013,mono,ɔ,96.684,96.812,8,96.725,219.956,0.035,27.438,-ATR,F
Cynthia-013_mono,Cynthia-013,mono,ɔ,96.684,96.812,9,96.73,219.778,-0.002,27.243,-ATR,F
Cynthia-013_mono,Cynthia-013,mono,ɔ,96.684,96.812,10,96.735,219.599,0.23,28.677,-ATR,F
Cynthia-013_mono,Cynthia-013,mono,ɔ,96.684,96.812,11,96.74,219.366,0.731,29.782,-ATR,F
Cynthia-013_mono,Cynthia-013,mono,ɔ,96.684,96.812,12,96.745,219.121,1.38,27.112,-ATR,F
Cynthia-013_mono,Cynthia-013,mono,ɔ,96.684,96.812,13,96.75,218.877,2.077,28.304,-ATR,F
Cynthia-013_mono,Cynthia-013,mono,ɔ,96.684,96.812,14,96.755,218.77,2.903,26.582,-ATR,F
Cynthia-013_mono,Cynthia-013,mono,ɔ,96.684,96.812,15,96.76,218.692,3.971,26.645,-ATR,F
Cynthia-013_mono,Cynthia-013,mono,ɔ,96.684,96.812,16,96.765,218.613,5.449,24.123,-ATR,F
Cynthia-013_mono,Cynthia-013,mono,ɔ,96.684,96.812,17,96.77,219.123,7.453,21.416,-ATR,F
Cynthia-013_mono,Cynthia-013,mono,ɔ,96.684,96.812,18,96.775,219.758,10.008,15.159,-ATR,F
Cynthia-013_mono,Cynthia-013,mono,ɔ,96.684,96.812,19,96.78,220.393,12.321,12.788,-ATR,F
Cynthia-013_mono,Cynthia-013,mono,ɔ,96.684,96.812,20,96.785,220.9,13.984,12.476,-ATR,F
Cynthia-013_mono,Cynthia-013,mono,ɔ,96.684,96.812,21,96.79,221.38,17.268,14.454,-ATR,F
Cynthia-013_mono,Cynthia-013,mono,ɔ,96.684,96.812,22,96.795,221.859,22.584,13.85,-ATR,F
Cynthia-013_mono,Cynthia-013,mono,ɔ,96.684,96.812,23,96.8,221.629,23.479,14.01,-ATR,F
Cynthia-013_mono,Cynthia-013,mono,ɔ,96.684,96.812,24,96.805,221.249,14.257,13.708,-ATR,F
Cynthia-013_mono,Cynthia-013,mono,ɔ,96.684,96.812,25,96.81,220.868,9.976,11.846,-ATR,F
Cynthia-013_mono,Cynthia-013,mono,a,97.607,97.713,1,97.613,0,0,13.517,-ATR,F
Cynthia-013_mono,Cynthia-013,mono,a,97.607,97.713,2,97.618,0,0,18.221,-ATR,F
Cynthia-013_mono,Cynthia-013,mono,a,97.607,97.713,3,97.623,0,0,14.689,-ATR,F
Cynthia-013_mono,Cynthia-013,mono,a,97.607,97.713,4,97.628,0,0,12.533,-ATR,F
Cynthia-013_mono,Cynthia-013,mono,a,97.607,97.713,5,97.633,197.123,2.704,15.162,-ATR,F
Cynthia-013_mono,Cynthia-013,mono,a,97.607,97.713,6,97.638,196.998,3.537,21.635,-ATR,F
Cynthia-013_mono,Cynthia-013,mono,a,97.607,97.713,7,97.643,196.678,5.202,21.217,-ATR,F
Cynthia-013_mono,Cynthia-013,mono,a,97.607,97.713,8,97.648,196.357,6.243,23.768,-ATR,F
Cynthia-013_mono,Cynthia-013,mono,a,97.607,97.713,9,97.653,195.884,5.977,23.32,-ATR,F
Cynthia-013_mono,Cynthia-013,mono,a,97.607,97.713,10,97.658,195.173,5.069,25.749,-ATR,F
Cynthia-013_mono,Cynthia-013,mono,a,97.607,97.713,11,97.663,194.462,4.136,29.274,-ATR,F
Cynthia-013_mono,Cynthia-013,mono,a,97.607,97.713,12,97.668,193.689,3.316,28.846,-ATR,F
Cynthia-013_mono,Cynthia-013,mono,a,97.607,97.713,13,97.673,192.82,2.575,29.233,-ATR,F
Cynthia-013_mono,Cynthia-013,mono,a,97.607,97.713,14,97.678,191.952,1.759,27.202,-ATR,F
Cynthia-013_mono,Cynthia-013,mono,a,97.607,97.713,15,97.683,191.187,0.956,28.171,-ATR,F
Cynthia-013_mono,Cynthia-013,mono,a,97.607,97.713,16,97.688,190.582,0.18,28.768,-ATR,F
Cynthia-013_mono,Cynthia-013,mono,a,97.607,97.713,17,97.693,189.978,-0.441,28.272,-ATR,F
Cynthia-013_mono,Cynthia-013,mono,a,97.607,97.713,18,97.698,189.371,-0.911,27.769,-ATR,F
Cynthia-013_mono,Cynthia-013,mono,a,97.607,97.713,19,97.703,188.759,-0.751,25.583,-ATR,F
Cynthia-013_mono,Cynthia-013,mono,a,97.607,97.713,20,97.708,188.148,1.032,18.404,-ATR,F
Cynthia-013_mono,Cynthia-013,mono,a,97.607,97.713,21,97.713,187.648,7.436,13.589,-ATR,F
Elizabeth-010_mono,Elizabeth-010,mono,i,99.754,99.892,1,99.76,0,0,18.094,+ATR,F
Elizabeth-010_mono,Elizabeth-010,mono,i,99.754,99.892,2,99.765,218.816,7.942,21.233,+ATR,F
Elizabeth-010_mono,Elizabeth-010,mono,i,99.754,99.892,3,99.77,219.041,5.519,14.048,+ATR,F
Elizabeth-010_mono,Elizabeth-010,mono,i,99.754,99.892,4,99.775,222.327,8.891,16.282,+ATR,F
Elizabeth-010_mono,Elizabeth-010,mono,i,99.754,99.892,5,99.78,225.613,9.85,12.788,+ATR,F
Elizabeth-010_mono,Elizabeth-010,mono,i,99.754,99.892,6,99.785,228.751,8.33,14.562,+ATR,F
Elizabeth-010_mono,Elizabeth-010,mono,i,99.754,99.892,7,99.79,229.872,6.13,19.777,+ATR,F
Elizabeth-010_mono,Elizabeth-010,mono,i,99.754,99.892,8,99.795,230.992,5.724,20.577,+ATR,F
Elizabeth-010_mono,Elizabeth-010,mono,i,99.754,99.892,9,99.8,232.184,6.228,23.116,+ATR,F
Elizabeth-010_mono,Elizabeth-010,mono,i,99.754,99.892,10,99.805,234.339,7.326,20.977,+ATR,F
Elizabeth-010_mono,Elizabeth-010,mono,i,99.754,99.892,11,99.81,236.495,8.746,19.367,+ATR,F
Elizabeth-010_mono,Elizabeth-010,mono,i,99.754,99.892,12,99.815,238.545,10.082,20.294,+ATR,F
Elizabeth-010_mono,Elizabeth-010,mono,i,99.754,99.892,13,99.82,239.169,11.027,20.73,+ATR,F
Elizabeth-010_mono,Elizabeth-010,mono,i,99.754,99.892,14,99.825,239.792,8.196,21.222,+ATR,F
Elizabeth-010_mono,Elizabeth-010,mono,i,99.754,99.892,15,99.83,240.393,6.174,18.584,+ATR,F
Elizabeth-010_mono,Elizabeth-010,mono,i,99.754,99.892,16,99.835,240.676,6.263,19.641,+ATR,F
Elizabeth-010_mono,Elizabeth-010,mono,i,99.754,99.892,17,99.84,240.959,7.022,17.626,+ATR,F
Elizabeth-010_mono,Elizabeth-010,mono,i,99.754,99.892,18,99.845,241.243,5.764,14.884,+ATR,F
Elizabeth-010_mono,Elizabeth-010,mono,i,99.754,99.892,19,99.85,241.528,3.022,16.28,+ATR,F
Elizabeth-010_mono,Elizabeth-010,mono,i,99.754,99.892,20,99.855,241.813,1.935,16.337,+ATR,F
Elizabeth-010_mono,Elizabeth-010,mono,i,99.754,99.892,21,99.86,241.95,2.022,14.523,+ATR,F
Elizabeth-010_mono,Elizabeth-010,mono,i,99.754,99.892,22,99.865,240.078,1.41,12.835,+ATR,F
Elizabeth-010_mono,Elizabeth-010,mono,i,99.754,99.892,23,99.87,238.206,0.982,13.522,+ATR,F
Elizabeth-010_mono,Elizabeth-010,mono,i,99.754,99.892,24,99.875,236.23,5.161,12.441,+ATR,F
Elizabeth-010_mono,Elizabeth-010,mono,i,99.754,99.892,25,99.88,232.843,29.827,12.619,+ATR,F
Elizabeth-010_mono,Elizabeth-010,mono,i,99.754,99.892,26,99.885,229.456,27.005,12.224,+ATR,F
Elizabeth-010_mono,Elizabeth-010,mono,i,99.754,99.892,27,99.89,226.301,18.312,13.962,+ATR,F
Elizabeth-010_mono,Elizabeth-010,mono,ɪ,101.568,101.674,1,101.573,220.254,8.086,16.636,-ATR,F
Elizabeth-010_mono,Elizabeth-010,mono,ɪ,101.568,101.674,2,101.578,222.488,9.099,14.788,-ATR,F
Elizabeth-010_mono,Elizabeth-010,mono,ɪ,101.568,101.674,3,101.583,224.723,10.857,15.426,-ATR,F
Elizabeth-010_mono,Elizabeth-010,mono,ɪ,101.568,101.674,4,101.588,225.158,12.264,19.805,-ATR,F
Elizabeth-010_mono,Elizabeth-010,mono,ɪ,101.568,101.674,5,101.593,225.29,12.41,19.802,-ATR,F
Elizabeth-010_mono,Elizabeth-010,mono,ɪ,101.568,101.674,6,101.598,225.422,12.319,21.411,-ATR,F
Elizabeth-010_mono,Elizabeth-010,mono,ɪ,101.568,101.674,7,101.603,225.192,12.356,19.566,-ATR,F
Elizabeth-010_mono,Elizabeth-010,mono,ɪ,101.568,101.674,8,101.608,224.902,12.254,22.701,-ATR,F
Elizabeth-010_mono,Elizabeth-010,mono,ɪ,101.568,101.674,9,101.613,224.612,12.324,23.647,-ATR,F
Elizabeth-010_mono,Elizabeth-010,mono,ɪ,101.568,101.674,10,101.618,224.255,12.599,25.308,-ATR,F
Elizabeth-010_mono,Elizabeth-010,mono,ɪ,101.568,101.674,11,101.623,223.887,12.548,22.282,-ATR,F
Elizabeth-010_mono,Elizabeth-010,mono,ɪ,101.568,101.674,12,101.628,223.519,12.854,21.784,-ATR,F
Elizabeth-010_mono,Elizabeth-010,mono,ɪ,101.568,101.674,13,101.633,222.963,13.916,21.284,-ATR,F
Elizabeth-010_mono,Elizabeth-010,mono,ɪ,101.568,101.674,14,101.638,222.375,14.691,19.389,-ATR,F
Elizabeth-010_mono,Elizabeth-010,mono,ɪ,101.568,101.674,15,101.643,221.788,15.372,17.996,-ATR,F
Elizabeth-010_mono,Elizabeth-010,mono,ɪ,101.568,101.674,16,101.648,221.638,16.22,19.689,-ATR,F
Elizabeth-010_mono,Elizabeth-010,mono,ɪ,101.568,101.674,17,101.653,221.562,16.676,21.464,-ATR,F
Elizabeth-010_mono,Elizabeth-010,mono,ɪ,101.568,101.674,18,101.658,221.487,17.505,19.646,-ATR,F
Elizabeth-010_mono,Elizabeth-010,mono,ɪ,101.568,101.674,19,101.663,221.553,18.27,20.062,-ATR,F
Elizabeth-010_mono,Elizabeth-010,mono,ɪ,101.568,101.674,20,101.668,221.642,15.803,21.219,-ATR,F
Elizabeth-010_mono,Elizabeth-010,mono,ɪ,101.568,101.674,21,101.673,221.732,13.389,21.721,-ATR,F
Elizabeth-010_mono,Elizabeth-010,mono,e,102.595,102.728,1,102.6,0,0,12.991,+ATR,F
Elizabeth-010_mono,Elizabeth-010,mono,e,102.595,102.728,2,102.605,0,0,12.181,+ATR,F
Elizabeth-010_mono,Elizabeth-010,mono,e,102.595,102.728,3,102.61,0,0,14.871,+ATR,F
Elizabeth-010_mono,Elizabeth-010,mono,e,102.595,102.728,4,102.615,211.89,4.165,17.369,+ATR,F
Elizabeth-010_mono,Elizabeth-010,mono,e,102.595,102.728,5,102.62,212.208,6.447,18.134,+ATR,F
Elizabeth-010_mono,Elizabeth-010,mono,e,102.595,102.728,6,102.625,213.735,8.638,18.607,+ATR,F
Elizabeth-010_mono,Elizabeth-010,mono,e,102.595,102.728,7,102.63,215.261,11.033,20.922,+ATR,F
Elizabeth-010_mono,Elizabeth-010,mono,e,102.595,102.728,8,102.635,216.498,11.293,22.352,+ATR,F
Elizabeth-010_mono,Elizabeth-010,mono,e,102.595,102.728,9,102.64,216.629,8.408,23.14,+ATR,F
Elizabeth-010_mono,Elizabeth-010,mono,e,102.595,102.728,10,102.645,216.76,4.285,23.693,+ATR,F
Elizabeth-010_mono,Elizabeth-010,mono,e,102.595,102.728,11,102.65,216.652,1.416,25.366,+ATR,F
Elizabeth-010_mono,Elizabeth-010,mono,e,102.595,102.728,12,102.655,215.635,0.664,27.294,+ATR,F
Elizabeth-010_mono,Elizabeth-010,mono,e,102.595,102.728,13,102.66,214.618,0.339,24.58,+ATR,F
Elizabeth-010_mono,Elizabeth-010,mono,e,102.595,102.728,14,102.665,213.56,-0.037,25.052,+ATR,F
Elizabeth-010_mono,Elizabeth-010,mono,e,102.595,102.728,15,102.67,212.349,-0.443,24.588,+ATR,F
Elizabeth-010_mono,Elizabeth-010,mono,e,102.595,102.728,16,102.675,211.137,-1.115,27.356,+ATR,F
Elizabeth-010_mono,Elizabeth-010,mono,e,102.595,102.728,17,102.68,210.129,-1.434,25.966,+ATR,F
Elizabeth-010_mono,Elizabeth-010,mono,e,102.595,102.728,18,102.685,209.892,-2.328,23.248,+ATR,F
Elizabeth-010_mono,Elizabeth-010,mono,e,102.595,102.728,19,102.69,209.655,-3.926,27.484,+ATR,F
Elizabeth-010_mono,Elizabeth-010,mono,e,102.595,102.728,20,102.695,209.185,-5.401,27.936,+ATR,F
Elizabeth-010_mono,Elizabeth-010,mono,e,102.595,102.728,21,102.7,207.829,-6.772,22.898,+ATR,F
Elizabeth-010_mono,Elizabeth-010,mono,e,102.595,102.728,22,102.705,206.472,-6.584,26.847,+ATR,F
Elizabeth-010_mono,Elizabeth-010,mono,e,102.595,102.728,23,102.71,205.075,-5.659,21.853,+ATR,F
Elizabeth-010_mono,Elizabeth-010,mono,e,102.595,102.728,24,102.715,203.525,-4.591,21.328,+ATR,F
Elizabeth-010_mono,Elizabeth-010,mono,e,102.595,102.728,25,102.72,201.974,-3.228,16.114,+ATR,F
Elizabeth-010_mono,Elizabeth-010,mono,e,102.595,102.728,26,102.725,200.556,2.125,14.191,+ATR,F
Elizabeth-010_mono,Elizabeth-010,mono,ɛ,103.894,103.997,1,103.899,178.031,1.443,17.079,-ATR,F
Elizabeth-010_mono,Elizabeth-010,mono,ɛ,103.894,103.997,2,103.904,178.979,2.498,18.478,-ATR,F
Elizabeth-010_mono,Elizabeth-010,mono,ɛ,103.894,103.997,3,103.909,179.98,3.505,20.22,-ATR,F
Elizabeth-010_mono,Elizabeth-010,mono,ɛ,103.894,103.997,4,103.914,182.692,3.382,17.97,-ATR,F
Elizabeth-010_mono,Elizabeth-010,mono,ɛ,103.894,103.997,5,103.919,185.405,3.209,20.975,-ATR,F
Elizabeth-010_mono,Elizabeth-010,mono,ɛ,103.894,103.997,6,103.924,188.092,3.243,16.708,-ATR,F
Elizabeth-010_mono,Elizabeth-010,mono,ɛ,103.894,103.997,7,103.929,189.966,3.716,19.049,-ATR,F
Elizabeth-010_mono,Elizabeth-010,mono,ɛ,103.894,103.997,8,103.934,191.84,4.647,19.761,-ATR,F
Elizabeth-010_mono,Elizabeth-010,mono,ɛ,103.894,103.997,9,103.939,193.651,5.64,23.23,-ATR,F
Elizabeth-010_mono,Elizabeth-010,mono,ɛ,103.894,103.997,10,103.944,193.424,6.455,24.174,-ATR,F
Elizabeth-010_mono,Elizabeth-010,mono,ɛ,103.894,103.997,11,103.949,193.196,6.336,24.894,-ATR,F
Elizabeth-010_mono,Elizabeth-010,mono,ɛ,103.894,103.997,12,103.954,192.879,5.928,21.031,-ATR,F
Elizabeth-010_mono,Elizabeth-010,mono,ɛ,103.894,103.997,13,103.959,189.652,5.302,21.532,-ATR,F
Elizabeth-010_mono,Elizabeth-010,mono,ɛ,103.894,103.997,14,103.964,186.424,4.713,18.819,-ATR,F
Elizabeth-010_mono,Elizabeth-010,mono,ɛ,103.894,103.997,15,103.969,183.277,4.331,16.812,-ATR,F
Elizabeth-010_mono,Elizabeth-010,mono,ɛ,103.894,103.997,16,103.974,182.692,4.366,19.52,-ATR,F
Elizabeth-010_mono,Elizabeth-010,mono,ɛ,103.894,103.997,17,103.979,182.106,4.415,17.498,-ATR,F
Elizabeth-010_mono,Elizabeth-010,mono,ɛ,103.894,103.997,18,103.984,181.519,4.393,18.332,-ATR,F
Elizabeth-010_mono,Elizabeth-010,mono,ɛ,103.894,103.997,19,103.989,180.847,5.396,21.398,-ATR,F
Elizabeth-010_mono,Elizabeth-010,mono,ɛ,103.894,103.997,20,103.994,180.176,6.154,18.769,-ATR,F
Elizabeth-010_mono,Elizabeth-010,mono,æ,105.182,105.289,1,105.187,183.016,-0.477,16.641,+ATR,F
Elizabeth-010_mono,Elizabeth-010,mono,æ,105.182,105.289,2,105.192,183.451,0.026,19.34,+ATR,F
Elizabeth-010_mono,Elizabeth-010,mono,æ,105.182,105.289,3,105.197,183.887,0.115,21.737,+ATR,F
Elizabeth-010_mono,Elizabeth-010,mono,æ,105.182,105.289,4,105.202,184.636,0.263,16.98,+ATR,F
Elizabeth-010_mono,Elizabeth-010,mono,æ,105.182,105.289,5,105.207,185.557,0.586,23.022,+ATR,F
Elizabeth-010_mono,Elizabeth-010,mono,æ,105.182,105.289,6,105.212,186.479,0.843,23.594,+ATR,F
Elizabeth-010_mono,Elizabeth-010,mono,æ,105.182,105.289,7,105.217,187.154,1.017,24.995,+ATR,F
Elizabeth-010_mono,Elizabeth-010,mono,æ,105.182,105.289,8,105.222,187.694,1.199,28.846,+ATR,F
Elizabeth-010_mono,Elizabeth-010,mono,æ,105.182,105.289,9,105.227,188.235,1.3,30.553,+ATR,F
Elizabeth-010_mono,Elizabeth-010,mono,æ,105.182,105.289,10,105.232,188.616,1.493,28.85,+ATR,F
Elizabeth-010_mono,Elizabeth-010,mono,æ,105.182,105.289,11,105.237,188.909,2.378,29.918,+ATR,F
Elizabeth-010_mono,Elizabeth-010,mono,æ,105.182,105.289,12,105.242,189.202,4.374,26.146,+ATR,F
Elizabeth-010_mono,Elizabeth-010,mono,æ,105.182,105.289,13,105.247,189.273,5.888,19.988,+ATR,F
Elizabeth-010_mono,Elizabeth-010,mono,æ,105.182,105.289,14,105.252,189.222,6.291,19.536,+ATR,F
Elizabeth-010_mono,Elizabeth-010,mono,æ,105.182,105.289,15,105.257,189.171,5.639,17.085,+ATR,F
Elizabeth-010_mono,Elizabeth-010,mono,æ,105.182,105.289,16,105.262,189.42,3.242,18.958,+ATR,F
Elizabeth-010_mono,Elizabeth-010,mono,æ,105.182,105.289,17,105.267,189.834,1.723,19.896,+ATR,F
Elizabeth-010_mono,Elizabeth-010,mono,æ,105.182,105.289,18,105.272,190.247,1.974,23.09,+ATR,F
Elizabeth-010_mono,Elizabeth-010,mono,æ,105.182,105.289,19,105.277,190.321,3.18,25.031,+ATR,F
Elizabeth-010_mono,Elizabeth-010,mono,æ,105.182,105.289,20,105.282,190.209,5.571,25.299,+ATR,F
Elizabeth-010_mono,Elizabeth-010,mono,æ,105.182,105.289,21,105.287,190.097,8.739,21.882,+ATR,F
Elizabeth-010_mono,Elizabeth-010,mono,u,105.419,105.549,1,105.424,216.58,5.446,13.275,+ATR,F
Elizabeth-010_mono,Elizabeth-010,mono,u,105.419,105.549,2,105.429,218.313,4.163,14.931,+ATR,F
Elizabeth-010_mono,Elizabeth-010,mono,u,105.419,105.549,3,105.434,220.046,3.5,16.723,+ATR,F
Elizabeth-010_mono,Elizabeth-010,mono,u,105.419,105.549,4,105.439,221.788,4.037,18.751,+ATR,F
Elizabeth-010_mono,Elizabeth-010,mono,u,105.419,105.549,5,105.444,223.997,5.586,17.077,+ATR,F
Elizabeth-010_mono,Elizabeth-010,mono,u,105.419,105.549,6,105.449,226.206,6.092,17.703,+ATR,F
Elizabeth-010_mono,Elizabeth-010,mono,u,105.419,105.549,7,105.454,228.416,6.621,22.387,+ATR,F
Elizabeth-010_mono,Elizabeth-010,mono,u,105.419,105.549,8,105.459,230.673,6.783,21.898,+ATR,F
Elizabeth-010_mono,Elizabeth-010,mono,u,105.419,105.549,9,105.464,232.929,6.53,22.988,+ATR,F
Elizabeth-010_mono,Elizabeth-010,mono,u,105.419,105.549,10,105.469,235.166,7.289,26.082,+ATR,F
Elizabeth-010_mono,Elizabeth-010,mono,u,105.419,105.549,11,105.474,236.422,7.986,23.982,+ATR,F
Elizabeth-010_mono,Elizabeth-010,mono,u,105.419,105.549,12,105.479,237.677,8.466,22.773,+ATR,F
Elizabeth-010_mono,Elizabeth-010,mono,u,105.419,105.549,13,105.484,238.902,8.438,25.524,+ATR,F
Elizabeth-010_mono,Elizabeth-010,mono,u,105.419,105.549,14,105.489,238.593,8.131,26.852,+ATR,F
Elizabeth-010_mono,Elizabeth-010,mono,u,105.419,105.549,15,105.494,238.284,7.005,27.221,+ATR,F
Elizabeth-010_mono,Elizabeth-010,mono,u,105.419,105.549,16,105.499,237.961,6.086,27.428,+ATR,F
Elizabeth-010_mono,Elizabeth-010,mono,u,105.419,105.549,17,105.504,236.948,7.694,26.4,+ATR,F
Elizabeth-010_mono,Elizabeth-010,mono,u,105.419,105.549,18,105.509,235.935,9.092,23.91,+ATR,F
Elizabeth-010_mono,Elizabeth-010,mono,u,105.419,105.549,19,105.514,234.936,8.652,24.223,+ATR,F
Elizabeth-010_mono,Elizabeth-010,mono,u,105.419,105.549,20,105.519,234.609,4.786,22.427,+ATR,F
Elizabeth-010_mono,Elizabeth-010,mono,u,105.419,105.549,21,105.524,234.283,4.366,21.296,+ATR,F
Elizabeth-010_mono,Elizabeth-010,mono,u,105.419,105.549,22,105.529,234.007,4.949,20.065,+ATR,F
Elizabeth-010_mono,Elizabeth-010,mono,u,105.419,105.549,23,105.534,236.219,2.533,10.133,+ATR,F
Elizabeth-010_mono,Elizabeth-010,mono,u,105.419,105.549,24,105.539,238.431,3.851,12.337,+ATR,F
Elizabeth-010_mono,Elizabeth-010,mono,u,105.419,105.549,25,105.544,240.599,10.176,16.84,+ATR,F
Elizabeth-010_mono,Elizabeth-010,mono,u,105.419,105.549,26,105.549,240.599,3.124,13.739,+ATR,F
Elizabeth-010_mono,Elizabeth-010,mono,ʊ,106.572,106.663,1,106.578,0,0,13.037,-ATR,F
Elizabeth-010_mono,Elizabeth-010,mono,ʊ,106.572,106.663,2,106.583,0,0,17.491,-ATR,F
Elizabeth-010_mono,Elizabeth-010,mono,ʊ,106.572,106.663,3,106.588,171.478,-5.42,17.251,-ATR,F
Elizabeth-010_mono,Elizabeth-010,mono,ʊ,106.572,106.663,4,106.593,171.478,-3.8,15.246,-ATR,F
Elizabeth-010_mono,Elizabeth-010,mono,ʊ,106.572,106.663,5,106.598,170.347,-3.964,17.608,-ATR,F
Elizabeth-010_mono,Elizabeth-010,mono,ʊ,106.572,106.663,6,106.603,168.84,-4.244,20.211,-ATR,F
Elizabeth-010_mono,Elizabeth-010,mono,ʊ,106.572,106.663,7,106.608,167.332,-4.157,16.533,-ATR,F
Elizabeth-010_mono,Elizabeth-010,mono,ʊ,106.572,106.663,8,106.613,166.105,-3.72,17.796,-ATR,F
Elizabeth-010_mono,Elizabeth-010,mono,ʊ,106.572,106.663,9,106.618,164.971,-3.33,15.46,-ATR,F
Elizabeth-010_mono,Elizabeth-010,mono,ʊ,106.572,106.663,10,106.623,163.837,-2.597,15.232,-ATR,F
Elizabeth-010_mono,Elizabeth-010,mono,ʊ,106.572,106.663,11,106.628,161.339,-2.662,16.881,-ATR,F
Elizabeth-010_mono,Elizabeth-010,mono,ʊ,106.572,106.663,12,106.633,158.387,-2.312,15.675,-ATR,F
Elizabeth-010_mono,Elizabeth-010,mono,ʊ,106.572,106.663,13,106.638,155.434,-1.961,12.469,-ATR,F
Elizabeth-010_mono,Elizabeth-010,mono,ʊ,106.572,106.663,14,106.643,154.696,-1.264,15.775,-ATR,F
Elizabeth-010_mono,Elizabeth-010,mono,ʊ,106.572,106.663,15,106.648,0,0,15.864,-ATR,F
Elizabeth-010_mono,Elizabeth-010,mono,ʊ,106.572,106.663,16,106.653,0,0,16.414,-ATR,F
Elizabeth-010_mono,Elizabeth-010,mono,ʊ,106.572,106.663,17,106.658,0,0,15.586,-ATR,F
Elizabeth-010_mono,Elizabeth-010,mono,ʊ,106.572,106.663,18,106.663,0,0,11.872,-ATR,F
Elizabeth-010_mono,Elizabeth-010,mono,o,107.575,107.681,1,107.58,194.039,6.318,13.44,-ATR,F
Elizabeth-010_mono,Elizabeth-010,mono,o,107.575,107.681,2,107.585,191.796,6.045,18.247,-ATR,F
Elizabeth-010_mono,Elizabeth-010,mono,o,107.575,107.681,3,107.59,191.627,5.272,20.391,-ATR,F
Elizabeth-010_mono,Elizabeth-010,mono,o,107.575,107.681,4,107.595,191.459,4.817,19.295,-ATR,F
Elizabeth-010_mono,Elizabeth-010,mono,o,107.575,107.681,5,107.6,191.461,2.322,21.857,-ATR,F
Elizabeth-010_mono,Elizabeth-010,mono,o,107.575,107.681,6,107.605,191.961,2.122,24.252,-ATR,F
Elizabeth-010_mono,Elizabeth-010,mono,o,107.575,107.681,7,107.61,192.461,2.254,25.083,-ATR,F
Elizabeth-010_mono,Elizabeth-010,mono,o,107.575,107.681,8,107.615,192.769,2.498,27.516,-ATR,F
Elizabeth-010_mono,Elizabeth-010,mono,o,107.575,107.681,9,107.62,192.519,2.359,17.83,-ATR,F
Elizabeth-010_mono,Elizabeth-010,mono,o,107.575,107.681,10,107.625,192.268,1.439,17.819,-ATR,F
Elizabeth-010_mono,Elizabeth-010,mono,o,107.575,107.681,11,107.63,191.839,0.287,18.153,-ATR,F
Elizabeth-010_mono,Elizabeth-010,mono,o,107.575,107.681,12,107.635,190.888,-0.987,25.348,-ATR,F
Elizabeth-010_mono,Elizabeth-010,mono,o,107.575,107.681,13,107.64,189.936,-2.379,27.032,-ATR,F
Elizabeth-010_mono,Elizabeth-010,mono,o,107.575,107.681,14,107.645,189.01,-3.522,26.166,-ATR,F
Elizabeth-010_mono,Elizabeth-010,mono,o,107.575,107.681,15,107.65,188.156,-4.27,23.942,-ATR,F
Elizabeth-010_mono,Elizabeth-010,mono,o,107.575,107.681,16,107.655,187.303,-4.555,24.517,-ATR,F
Elizabeth-010_mono,Elizabeth-010,mono,o,107.575,107.681,17,107.66,186.382,-4.365,25.33,-ATR,F
Elizabeth-010_mono,Elizabeth-010,mono,o,107.575,107.681,18,107.665,185.267,-3.878,22.115,-ATR,F
Elizabeth-010_mono,Elizabeth-010,mono,o,107.575,107.681,19,107.67,184.153,-3.014,18.758,-ATR,F
Elizabeth-010_mono,Elizabeth-010,mono,o,107.575,107.681,20,107.675,183.034,-1.148,17.061,-ATR,F
Elizabeth-010_mono,Elizabeth-010,mono,o,107.575,107.681,21,107.68,181.905,4.603,16.187,-ATR,F
Elizabeth-010_mono,Elizabeth-010,mono,ɔ,109.393,109.483,1,109.399,0,0,16.874,-ATR,F
Elizabeth-010_mono,Elizabeth-010,mono,ɔ,109.393,109.483,2,109.404,0,0,21.736,-ATR,F
Elizabeth-010_mono,Elizabeth-010,mono,ɔ,109.393,109.483,3,109.409,232.5,3.915,22.166,-ATR,F
Elizabeth-010_mono,Elizabeth-010,mono,ɔ,109.393,109.483,4,109.414,232.5,4.822,21.213,-ATR,F
Elizabeth-010_mono,Elizabeth-010,mono,ɔ,109.393,109.483,5,109.419,232.042,5.394,24.546,-ATR,F
Elizabeth-010_mono,Elizabeth-010,mono,ɔ,109.393,109.483,6,109.424,231.524,6.379,30.233,-ATR,F
Elizabeth-010_mono,Elizabeth-010,mono,ɔ,109.393,109.483,7,109.429,231.005,6.689,28.462,-ATR,F
Elizabeth-010_mono,Elizabeth-010,mono,ɔ,109.393,109.483,8,109.434,230.335,6.298,30.204,-ATR,F
Elizabeth-010_mono,Elizabeth-010,mono,ɔ,109.393,109.483,9,109.439,229.643,5.838,28.178,-ATR,F
Elizabeth-010_mono,Elizabeth-010,mono,ɔ,109.393,109.483,10,109.444,228.952,5.323,27.7,-ATR,F
Elizabeth-010_mono,Elizabeth-010,mono,ɔ,109.393,109.483,11,109.449,228.349,4.573,27.6,-ATR,F
Elizabeth-010_mono,Elizabeth-010,mono,ɔ,109.393,109.483,12,109.454,227.759,5.002,23.107,-ATR,F
Elizabeth-010_mono,Elizabeth-010,mono,ɔ,109.393,109.483,13,109.459,227.169,7.512,20.323,-ATR,F
Elizabeth-010_mono,Elizabeth-010,mono,ɔ,109.393,109.483,14,109.464,227.237,8.684,22.127,-ATR,F
Elizabeth-010_mono,Elizabeth-010,mono,ɔ,109.393,109.483,15,109.469,227.395,9.857,20.149,-ATR,F
Elizabeth-010_mono,Elizabeth-010,mono,ɔ,109.393,109.483,16,109.474,227.552,11.92,18.902,-ATR,F
Elizabeth-010_mono,Elizabeth-010,mono,ɔ,109.393,109.483,17,109.479,229.587,15.171,17.335,-ATR,F
Elizabeth-010_mono,Elizabeth-010,mono,ɔ,109.393,109.483,18,109.484,231.874,21.389,12.606,-ATR,F
Elizabeth-010_mono,Elizabeth-010,mono,a,110.456,110.552,1,110.461,0,0,12.847,-ATR,F
Elizabeth-010_mono,Elizabeth-010,mono,a,110.456,110.552,2,110.466,0,0,16.961,-ATR,F
Elizabeth-010_mono,Elizabeth-010,mono,a,110.456,110.552,3,110.471,0,0,16.833,-ATR,F
Elizabeth-010_mono,Elizabeth-010,mono,a,110.456,110.552,4,110.476,0,0,11.435,-ATR,F
Elizabeth-010_mono,Elizabeth-010,mono,a,110.456,110.552,5,110.481,0,0,14.007,-ATR,F
Elizabeth-010_mono,Elizabeth-010,mono,a,110.456,110.552,6,110.486,0,0,17.418,-ATR,F
Elizabeth-010_mono,Elizabeth-010,mono,a,110.456,110.552,7,110.491,0,0,18.412,-ATR,F
Elizabeth-010_mono,Elizabeth-010,mono,a,110.456,110.552,8,110.496,0,0,17.241,-ATR,F
Elizabeth-010_mono,Elizabeth-010,mono,a,110.456,110.552,9,110.501,0,0,18.337,-ATR,F
Elizabeth-010_mono,Elizabeth-010,mono,a,110.456,110.552,10,110.506,0,0,19.818,-ATR,F
Elizabeth-010_mono,Elizabeth-010,mono,a,110.456,110.552,11,110.511,0,0,15.289,-ATR,F
Elizabeth-010_mono,Elizabeth-010,mono,a,110.456,110.552,12,110.516,0,0,16.428,-ATR,F
Elizabeth-010_mono,Elizabeth-010,mono,a,110.456,110.552,13,110.521,0,0,21.029,-ATR,F
Elizabeth-010_mono,Elizabeth-010,mono,a,110.456,110.552,14,110.526,0,0,13.143,-ATR,F
Elizabeth-010_mono,Elizabeth-010,mono,a,110.456,110.552,15,110.531,0,0,12.42,-ATR,F
Elizabeth-010_mono,Elizabeth-010,mono,a,110.456,110.552,16,110.536,0,0,15.745,-ATR,F
Elizabeth-010_mono,Elizabeth-010,mono,a,110.456,110.552,17,110.541,0,0,14.102,-ATR,F
Elizabeth-010_mono,Elizabeth-010,mono,a,110.456,110.552,18,110.546,0,0,12.756,-ATR,F
Elizabeth-010_mono,Elizabeth-010,mono,a,110.456,110.552,19,110.551,0,0,14.313,-ATR,F
Eric-020_mono,Eric-020,mono,i,74.488,74.64,1,74.493,142.586,3.784,11.528,+ATR,M
Eric-020_mono,Eric-020,mono,i,74.488,74.64,2,74.498,143.553,3.777,13.191,+ATR,M
Eric-020_mono,Eric-020,mono,i,74.488,74.64,3,74.503,144.519,4.552,16.453,+ATR,M
Eric-020_mono,Eric-020,mono,i,74.488,74.64,4,74.508,145.702,5.355,12.419,+ATR,M
Eric-020_mono,Eric-020,mono,i,74.488,74.64,5,74.513,147.305,5.713,15.387,+ATR,M
Eric-020_mono,Eric-020,mono,i,74.488,74.64,6,74.518,148.908,7.009,13.278,+ATR,M
Eric-020_mono,Eric-020,mono,i,74.488,74.64,7,74.523,150.522,7.062,13.673,+ATR,M
Eric-020_mono,Eric-020,mono,i,74.488,74.64,8,74.528,152.157,7.15,19.134,+ATR,M
Eric-020_mono,Eric-020,mono,i,74.488,74.64,9,74.533,153.792,6.916,18.55,+ATR,M
Eric-020_mono,Eric-020,mono,i,74.488,74.64,10,74.538,155.268,6.488,21.675,+ATR,M
Eric-020_mono,Eric-020,mono,i,74.488,74.64,11,74.543,156.436,6.342,20.272,+ATR,M
Eric-020_mono,Eric-020,mono,i,74.488,74.64,12,74.548,157.604,6.666,23.168,+ATR,M
Eric-020_mono,Eric-020,mono,i,74.488,74.64,13,74.553,158.637,7.216,17.75,+ATR,M
Eric-020_mono,Eric-020,mono,i,74.488,74.64,14,74.558,159.409,7.24,21.65,+ATR,M
Eric-020_mono,Eric-020,mono,i,74.488,74.64,15,74.563,160.181,7.195,20.326,+ATR,M
Eric-020_mono,Eric-020,mono,i,74.488,74.64,16,74.568,160.567,7.176,17.063,+ATR,M
Eric-020_mono,Eric-020,mono,i,74.488,74.64,17,74.573,160.207,7.171,17.902,+ATR,M
Eric-020_mono,Eric-020,mono,i,74.488,74.64,18,74.578,159.848,6.534,14.664,+ATR,M
Eric-020_mono,Eric-020,mono,i,74.488,74.64,19,74.583,159.287,4.661,13.943,+ATR,M
Eric-020_mono,Eric-020,mono,i,74.488,74.64,20,74.588,158.339,3.358,13.771,+ATR,M
Eric-020_mono,Eric-020,mono,i,74.488,74.64,21,74.593,157.391,1.904,11.281,+ATR,M
Eric-020_mono,Eric-020,mono,i,74.488,74.64,22,74.598,156.217,4.976,11.512,+ATR,M
Eric-020_mono,Eric-020,mono,i,74.488,74.64,23,74.603,154.605,14.647,13.487,+ATR,M
Eric-020_mono,Eric-020,mono,i,74.488,74.64,24,74.608,152.993,5.995,15,+ATR,M
Eric-020_mono,Eric-020,mono,i,74.488,74.64,25,74.613,152.001,6.678,14.818,+ATR,M
Eric-020_mono,Eric-020,mono,i,74.488,74.64,26,74.618,152.207,6.952,12.831,+ATR,M
Eric-020_mono,Eric-020,mono,i,74.488,74.64,27,74.623,152.414,1.244,13.672,+ATR,M
Eric-020_mono,Eric-020,mono,i,74.488,74.64,28,74.628,152.55,4.096,12.344,+ATR,M
Eric-020_mono,Eric-020,mono,i,74.488,74.64,29,74.633,152.55,12.888,12.644,+ATR,M
Eric-020_mono,Eric-020,mono,i,74.488,74.64,30,74.638,0,0,14.859,+ATR,M
Eric-020_mono,Eric-020,mono,ɪ,76.03,76.14,1,76.036,136.349,7.026,14.615,-ATR,M
Eric-020_mono,Eric-020,mono,ɪ,76.03,76.14,2,76.041,136.583,6.726,11.461,-ATR,M
Eric-020_mono,Eric-020,mono,ɪ,76.03,76.14,3,76.046,136.846,7.832,15.016,-ATR,M
Eric-020_mono,Eric-020,mono,ɪ,76.03,76.14,4,76.051,137.109,8.392,17.463,-ATR,M
Eric-020_mono,Eric-020,mono,ɪ,76.03,76.14,5,76.056,137.325,9.382,15.192,-ATR,M
Eric-020_mono,Eric-020,mono,ɪ,76.03,76.14,6,76.061,137.535,10.066,17.968,-ATR,M
Eric-020_mono,Eric-020,mono,ɪ,76.03,76.14,7,76.066,137.745,10.671,18.615,-ATR,M
Eric-020_mono,Eric-020,mono,ɪ,76.03,76.14,8,76.071,137.281,11.403,16.319,-ATR,M
Eric-020_mono,Eric-020,mono,ɪ,76.03,76.14,9,76.076,136.732,12.098,18.447,-ATR,M
Eric-020_mono,Eric-020,mono,ɪ,76.03,76.14,10,76.081,136.183,12.228,19.989,-ATR,M
Eric-020_mono,Eric-020,mono,ɪ,76.03,76.14,11,76.086,136.057,12.762,22.419,-ATR,M
Eric-020_mono,Eric-020,mono,ɪ,76.03,76.14,12,76.091,135.984,13.23,23.73,-ATR,M
Eric-020_mono,Eric-020,mono,ɪ,76.03,76.14,13,76.096,135.91,13.205,23.834,-ATR,M
Eric-020_mono,Eric-020,mono,ɪ,76.03,76.14,14,76.101,135.971,10.412,21.347,-ATR,M
Eric-020_mono,Eric-020,mono,ɪ,76.03,76.14,15,76.106,136.048,7.542,18.423,-ATR,M
Eric-020_mono,Eric-020,mono,ɪ,76.03,76.14,16,76.111,136.125,7.348,17.998,-ATR,M
Eric-020_mono,Eric-020,mono,ɪ,76.03,76.14,17,76.116,135.977,9.355,18.601,-ATR,M
Eric-020_mono,Eric-020,mono,ɪ,76.03,76.14,18,76.121,135.801,12.215,17.371,-ATR,M
Eric-020_mono,Eric-020,mono,ɪ,76.03,76.14,19,76.126,135.624,10.792,15.431,-ATR,M
Eric-020_mono,Eric-020,mono,ɪ,76.03,76.14,20,76.131,135.388,8.428,15.749,-ATR,M
Eric-020_mono,Eric-020,mono,ɪ,76.03,76.14,21,76.136,135.145,7.5,16.337,-ATR,M
Eric-020_mono,Eric-020,mono,ɪ,76.03,76.14,22,76.141,134.901,8.012,15.118,-ATR,M
Eric-020_mono,Eric-020,mono,e,77.344,77.448,1,77.349,118.392,-1.315,11.73,+ATR,M
Eric-020_mono,Eric-020,mono,e,77.344,77.448,2,77.354,118.392,1.251,13.191,+ATR,M
Eric-020_mono,Eric-020,mono,e,77.344,77.448,3,77.359,119.014,2.786,19.717,+ATR,M
Eric-020_mono,Eric-020,mono,e,77.344,77.448,4,77.364,120.134,3.906,15.923,+ATR,M
Eric-020_mono,Eric-020,mono,e,77.344,77.448,5,77.369,121.253,5.11,14.696,+ATR,M
Eric-020_mono,Eric-020,mono,e,77.344,77.448,6,77.374,121.941,5.962,17.314,+ATR,M
Eric-020_mono,Eric-020,mono,e,77.344,77.448,7,77.379,122.282,6.13,15.19,+ATR,M
Eric-020_mono,Eric-020,mono,e,77.344,77.448,8,77.384,122.622,6.659,10.638,+ATR,M
Eric-020_mono,Eric-020,mono,e,77.344,77.448,9,77.389,122.876,7.485,19.03,+ATR,M
Eric-020_mono,Eric-020,mono,e,77.344,77.448,10,77.394,123.061,7.969,15.71,+ATR,M
Eric-020_mono,Eric-020,mono,e,77.344,77.448,11,77.399,123.246,8.074,18.612,+ATR,M
Eric-020_mono,Eric-020,mono,e,77.344,77.448,12,77.404,122.817,8.035,20.782,+ATR,M
Eric-020_mono,Eric-020,mono,e,77.344,77.448,13,77.409,121.893,7.776,14.978,+ATR,M
Eric-020_mono,Eric-020,mono,e,77.344,77.448,14,77.414,120.97,8.225,18.855,+ATR,M
Eric-020_mono,Eric-020,mono,e,77.344,77.448,15,77.419,119.935,8.788,12.278,+ATR,M
Eric-020_mono,Eric-020,mono,e,77.344,77.448,16,77.424,118.809,9.048,14.457,+ATR,M
Eric-020_mono,Eric-020,mono,e,77.344,77.448,17,77.429,117.683,9.292,13.375,+ATR,M
Eric-020_mono,Eric-020,mono,e,77.344,77.448,18,77.434,116.356,9.296,12.447,+ATR,M
Eric-020_mono,Eric-020,mono,e,77.344,77.448,19,77.439,114.868,9.215,14.033,+ATR,M
Eric-020_mono,Eric-020,mono,e,77.344,77.448,20,77.444,113.379,6.828,12.541,+ATR,M
Eric-020_mono,Eric-020,mono,ɛ,78.541,78.637,1,78.546,0,0,12.876,-ATR,M
Eric-020_mono,Eric-020,mono,ɛ,78.541,78.637,2,78.551,113.759,9.281,12.374,-ATR,M
Eric-020_mono,Eric-020,mono,ɛ,78.541,78.637,3,78.556,113.759,15.595,14.532,-ATR,M
Eric-020_mono,Eric-020,mono,ɛ,78.541,78.637,4,78.561,114.356,4.291,14.449,-ATR,M
Eric-020_mono,Eric-020,mono,ɛ,78.541,78.637,5,78.566,114.993,1.211,23.417,-ATR,M
Eric-020_mono,Eric-020,mono,ɛ,78.541,78.637,6,78.571,115.631,2.939,16.593,-ATR,M
Eric-020_mono,Eric-020,mono,ɛ,78.541,78.637,7,78.576,116.253,4.427,16.402,-ATR,M
Eric-020_mono,Eric-020,mono,ɛ,78.541,78.637,8,78.581,116.874,6.748,15.158,-ATR,M
Eric-020_mono,Eric-020,mono,ɛ,78.541,78.637,9,78.586,117.495,8.82,17.043,-ATR,M
Eric-020_mono,Eric-020,mono,ɛ,78.541,78.637,10,78.591,118.466,9.723,16.328,-ATR,M
Eric-020_mono,Eric-020,mono,ɛ,78.541,78.637,11,78.596,119.461,9.271,14.336,-ATR,M
Eric-020_mono,Eric-020,mono,ɛ,78.541,78.637,12,78.601,120.456,8.875,13.976,-ATR,M
Eric-020_mono,Eric-020,mono,ɛ,78.541,78.637,13,78.606,121.896,8.733,15.83,-ATR,M
Eric-020_mono,Eric-020,mono,ɛ,78.541,78.637,14,78.611,123.367,8.745,19.28,-ATR,M
Eric-020_mono,Eric-020,mono,ɛ,78.541,78.637,15,78.616,124.838,8.443,16.713,-ATR,M
Eric-020_mono,Eric-020,mono,ɛ,78.541,78.637,16,78.621,124.923,7.274,19.552,-ATR,M
Eric-020_mono,Eric-020,mono,ɛ,78.541,78.637,17,78.626,124.913,5.76,13.614,-ATR,M
Eric-020_mono,Eric-020,mono,ɛ,78.541,78.637,18,78.631,124.902,6.933,15.822,-ATR,M
Eric-020_mono,Eric-020,mono,ɛ,78.541,78.637,19,78.636,116.472,11.282,12.777,-ATR,M
Eric-020_mono,Eric-020,mono,æ,79.879,79.977,1,79.885,0,0,17.057,+ATR,M
Eric-020_mono,Eric-020,mono,æ,79.879,79.977,2,79.89,0,0,13.941,+ATR,M
Eric-020_mono,Eric-020,mono,æ,79.879,79.977,3,79.895,0,0,13.574,+ATR,M
Eric-020_mono,Eric-020,mono,æ,79.879,79.977,4,79.9,0,0,11.68,+ATR,M
Eric-020_mono,Eric-020,mono,æ,79.879,79.977,5,79.905,0,0,14.807,+ATR,M
Eric-020_mono,Eric-020,mono,æ,79.879,79.977,6,79.91,0,0,21.218,+ATR,M
Eric-020_mono,Eric-020,mono,æ,79.879,79.977,7,79.915,115.406,2.262,19.524,+ATR,M
Eric-020_mono,Eric-020,mono,æ,79.879,79.977,8,79.92,115.406,1.601,17.917,+ATR,M
Eric-020_mono,Eric-020,mono,æ,79.879,79.977,9,79.925,115.606,3.195,13.624,+ATR,M
Eric-020_mono,Eric-020,mono,æ,79.879,79.977,10,79.93,115.891,4.419,21.885,+ATR,M
Eric-020_mono,Eric-020,mono,æ,79.879,79.977,11,79.935,116.176,5.445,18.083,+ATR,M
Eric-020_mono,Eric-020,mono,æ,79.879,79.977,12,79.94,116.2,6.455,16.19,+ATR,M
Eric-020_mono,Eric-020,mono,æ,79.879,79.977,13,79.945,116.111,6.759,18.112,+ATR,M
Eric-020_mono,Eric-020,mono,æ,79.879,79.977,14,79.95,116.022,7.198,16.821,+ATR,M
Eric-020_mono,Eric-020,mono,æ,79.879,79.977,15,79.955,115.99,7.541,17.652,+ATR,M
Eric-020_mono,Eric-020,mono,æ,79.879,79.977,16,79.96,115.981,8.363,15.255,+ATR,M
Eric-020_mono,Eric-020,mono,æ,79.879,79.977,17,79.965,115.973,8.143,18.214,+ATR,M
Eric-020_mono,Eric-020,mono,æ,79.879,79.977,18,79.97,114.931,7.966,12.857,+ATR,M
Eric-020_mono,Eric-020,mono,æ,79.879,79.977,19,79.975,113.442,7.78,14.186,+ATR,M
Eric-020_mono,Eric-020,mono,u,80.155,80.258,1,80.161,145.402,4.947,14.591,+ATR,M
Eric-020_mono,Eric-020,mono,u,80.155,80.258,2,80.166,145.372,4.838,14.367,+ATR,M
Eric-020_mono,Eric-020,mono,u,80.155,80.258,3,80.171,145.34,5.445,20.378,+ATR,M
Eric-020_mono,Eric-020,mono,u,80.155,80.258,4,80.176,145.309,6.295,15.563,+ATR,M
Eric-020_mono,Eric-020,mono,u,80.155,80.258,5,80.181,145.679,7.29,19.585,+ATR,M
Eric-020_mono,Eric-020,mono,u,80.155,80.258,6,80.186,146.091,7.906,20.016,+ATR,M
Eric-020_mono,Eric-020,mono,u,80.155,80.258,7,80.191,146.504,8.228,15.902,+ATR,M
Eric-020_mono,Eric-020,mono,u,80.155,80.258,8,80.196,146.848,8.553,19.675,+ATR,M
Eric-020_mono,Eric-020,mono,u,80.155,80.258,9,80.201,147.185,9.142,16.421,+ATR,M
Eric-020_mono,Eric-020,mono,u,80.155,80.258,10,80.206,147.522,9.351,13.302,+ATR,M
Eric-020_mono,Eric-020,mono,u,80.155,80.258,11,80.211,147.519,9.216,13.895,+ATR,M
Eric-020_mono,Eric-020,mono,u,80.155,80.258,12,80.216,147.482,8.73,17.23,+ATR,M
Eric-020_mono,Eric-020,mono,u,80.155,80.258,13,80.221,147.445,8.055,13.08,+ATR,M
Eric-020_mono,Eric-020,mono,u,80.155,80.258,14,80.226,146.963,6.608,15.21,+ATR,M
Eric-020_mono,Eric-020,mono,u,80.155,80.258,15,80.231,146.436,4.955,13.087,+ATR,M
Eric-020_mono,Eric-020,mono,u,80.155,80.258,16,80.236,145.909,17.21,15.663,+ATR,M
Eric-020_mono,Eric-020,mono,u,80.155,80.258,17,80.241,144.998,22.613,12.744,+ATR,M
Eric-020_mono,Eric-020,mono,u,80.155,80.258,18,80.246,144.048,15.293,12.737,+ATR,M
Eric-020_mono,Eric-020,mono,u,80.155,80.258,19,80.251,143.099,10.233,14.845,+ATR,M
Eric-020_mono,Eric-020,mono,u,80.155,80.258,20,80.256,141.914,7.992,12.514,+ATR,M
Eric-020_mono,Eric-020,mono,ʊ,81.403,81.519,1,81.408,115.042,4.898,14.26,-ATR,M
Eric-020_mono,Eric-020,mono,ʊ,81.403,81.519,2,81.413,113.32,2.427,14.954,-ATR,M
Eric-020_mono,Eric-020,mono,ʊ,81.403,81.519,3,81.418,111.598,1.252,16.791,-ATR,M
Eric-020_mono,Eric-020,mono,ʊ,81.403,81.519,4,81.423,108.529,0.891,18.244,-ATR,M
Eric-020_mono,Eric-020,mono,ʊ,81.403,81.519,5,81.428,103.02,-0.9,18.708,-ATR,M
Eric-020_mono,Eric-020,mono,ʊ,81.403,81.519,6,81.433,97.512,-2.715,15.024,-ATR,M
Eric-020_mono,Eric-020,mono,ʊ,81.403,81.519,7,81.438,93.19,-3.094,13.052,-ATR,M
Eric-020_mono,Eric-020,mono,ʊ,81.403,81.519,8,81.443,91.018,-3.015,13.205,-ATR,M
Eric-020_mono,Eric-020,mono,ʊ,81.403,81.519,9,81.448,88.845,-3.097,14.134,-ATR,M
Eric-020_mono,Eric-020,mono,ʊ,81.403,81.519,10,81.453,86.681,-3.309,12.819,-ATR,M
Eric-020_mono,Eric-020,mono,ʊ,81.403,81.519,11,81.458,84.533,-4.885,14.621,-ATR,M
Eric-020_mono,Eric-020,mono,ʊ,81.403,81.519,12,81.463,82.385,-3.953,16.085,-ATR,M
Eric-020_mono,Eric-020,mono,ʊ,81.403,81.519,13,81.468,81.001,-4.989,14.943,-ATR,M
Eric-020_mono,Eric-020,mono,ʊ,81.403,81.519,14,81.473,81.001,-5.216,16.433,-ATR,M
Eric-020_mono,Eric-020,mono,ʊ,81.403,81.519,15,81.478,0,0,14.794,-ATR,M
Eric-020_mono,Eric-020,mono,ʊ,81.403,81.519,16,81.483,0,0,12.775,-ATR,M
Eric-020_mono,Eric-020,mono,ʊ,81.403,81.519,17,81.488,0,0,12.063,-ATR,M
Eric-020_mono,Eric-020,mono,ʊ,81.403,81.519,18,81.493,71.111,0.096,11.618,-ATR,M
Eric-020_mono,Eric-020,mono,ʊ,81.403,81.519,19,81.498,71.109,2.803,13.316,-ATR,M
Eric-020_mono,Eric-020,mono,ʊ,81.403,81.519,20,81.503,71.104,1.349,10.796,-ATR,M
Eric-020_mono,Eric-020,mono,ʊ,81.403,81.519,21,81.508,71.099,-4.367,11.784,-ATR,M
Eric-020_mono,Eric-020,mono,ʊ,81.403,81.519,22,81.513,71.096,-5.605,12.063,-ATR,M
Eric-020_mono,Eric-020,mono,ʊ,81.403,81.519,23,81.518,71.096,-4.497,12.505,-ATR,M
Eric-020_mono,Eric-020,mono,o,82.339,82.446,1,82.345,114.866,4.407,16.545,+ATR,M
Eric-020_mono,Eric-020,mono,o,82.339,82.446,2,82.35,114.866,-2.583,11.957,+ATR,M
Eric-020_mono,Eric-020,mono,o,82.339,82.446,3,82.355,114.605,-4.581,15.045,+ATR,M
Eric-020_mono,Eric-020,mono,o,82.339,82.446,4,82.36,114.228,-4.963,13.639,+ATR,M
Eric-020_mono,Eric-020,mono,o,82.339,82.446,5,82.365,113.85,-4.366,19.864,+ATR,M
Eric-020_mono,Eric-020,mono,o,82.339,82.446,6,82.37,113.571,-4.314,14.53,+ATR,M
Eric-020_mono,Eric-020,mono,o,82.339,82.446,7,82.375,113.335,-4.11,16.084,+ATR,M
Eric-020_mono,Eric-020,mono,o,82.339,82.446,8,82.38,113.1,-3.607,18.897,+ATR,M
Eric-020_mono,Eric-020,mono,o,82.339,82.446,9,82.385,112.958,-3.974,17.473,+ATR,M
Eric-020_mono,Eric-020,mono,o,82.339,82.446,10,82.39,112.857,-3.483,20.604,+ATR,M
Eric-020_mono,Eric-020,mono,o,82.339,82.446,11,82.395,112.756,-4.112,19.733,+ATR,M
Eric-020_mono,Eric-020,mono,o,82.339,82.446,12,82.4,112.497,-3.91,21.028,+ATR,M
Eric-020_mono,Eric-020,mono,o,82.339,82.446,13,82.405,112.168,-4.369,17.503,+ATR,M
Eric-020_mono,Eric-020,mono,o,82.339,82.446,14,82.41,111.839,-4.488,18.637,+ATR,M
Eric-020_mono,Eric-020,mono,o,82.339,82.446,15,82.415,111.528,-4.361,18.473,+ATR,M
Eric-020_mono,Eric-020,mono,o,82.339,82.446,16,82.42,111.225,-4.856,20.245,+ATR,M
Eric-020_mono,Eric-020,mono,o,82.339,82.446,17,82.425,110.921,-4.083,17.397,+ATR,M
Eric-020_mono,Eric-020,mono,o,82.339,82.446,18,82.43,110.351,-4.331,15.263,+ATR,M
Eric-020_mono,Eric-020,mono,o,82.339,82.446,19,82.435,109.661,-2.86,11.822,+ATR,M
Eric-020_mono,Eric-020,mono,o,82.339,82.446,20,82.44,108.971,-3.095,11.802,+ATR,M
Eric-020_mono,Eric-020,mono,o,82.339,82.446,21,82.445,107.715,-1.096,10.694,+ATR,M
Eric-020_mono,Eric-020,mono,ɔ,83.871,83.983,1,83.877,139.906,21.672,13.009,-ATR,M
Eric-020_mono,Eric-020,mono,ɔ,83.871,83.983,2,83.882,137.55,12.146,10.857,-ATR,M
Eric-020_mono,Eric-020,mono,ɔ,83.871,83.983,3,83.887,137.009,7.679,14.792,-ATR,M
Eric-020_mono,Eric-020,mono,ɔ,83.871,83.983,4,83.892,136.469,6.263,13.661,-ATR,M
Eric-020_mono,Eric-020,mono,ɔ,83.871,83.983,5,83.897,135.978,6.929,13.16,-ATR,M
Eric-020_mono,Eric-020,mono,ɔ,83.871,83.983,6,83.902,135.94,7.556,17.573,-ATR,M
Eric-020_mono,Eric-020,mono,ɔ,83.871,83.983,7,83.907,135.901,7.791,25.816,-ATR,M
Eric-020_mono,Eric-020,mono,ɔ,83.871,83.983,8,83.912,135.815,8.187,23.451,-ATR,M
Eric-020_mono,Eric-020,mono,ɔ,83.871,83.983,9,83.917,135.307,8.386,18.444,-ATR,M
Eric-020_mono,Eric-020,mono,ɔ,83.871,83.983,10,83.922,134.799,8.767,18.651,-ATR,M
Eric-020_mono,Eric-020,mono,ɔ,83.871,83.983,11,83.927,134.339,9.454,21.128,-ATR,M
Eric-020_mono,Eric-020,mono,ɔ,83.871,83.983,12,83.932,134.3,10.014,21.105,-ATR,M
Eric-020_mono,Eric-020,mono,ɔ,83.871,83.983,13,83.937,134.261,9.766,22.965,-ATR,M
Eric-020_mono,Eric-020,mono,ɔ,83.871,83.983,14,83.942,134.149,10.05,18.409,-ATR,M
Eric-020_mono,Eric-020,mono,ɔ,83.871,83.983,15,83.947,133.375,10.051,14.464,-ATR,M
Eric-020_mono,Eric-020,mono,ɔ,83.871,83.983,16,83.952,132.602,10.665,12.303,-ATR,M
Eric-020_mono,Eric-020,mono,ɔ,83.871,83.983,17,83.957,131.719,11.789,12.931,-ATR,M
Eric-020_mono,Eric-020,mono,ɔ,83.871,83.983,18,83.962,129.853,14.051,14.617,-ATR,M
Eric-020_mono,Eric-020,mono,ɔ,83.871,83.983,19,83.967,127.986,17.275,10.945,-ATR,M
Eric-020_mono,Eric-020,mono,ɔ,83.871,83.983,20,83.972,126.177,27.89,12.976,-ATR,M
Eric-020_mono,Eric-020,mono,ɔ,83.871,83.983,21,83.977,124.881,23.554,11.989,-ATR,M
Eric-020_mono,Eric-020,mono,ɔ,83.871,83.983,22,83.982,123.584,16.926,14.146,-ATR,M
Eric-020_mono,Eric-020,mono,a,84.841,84.957,1,84.847,0,0,14.745,-ATR,M
Eric-020_mono,Eric-020,mono,a,84.841,84.957,2,84.852,0,0,13.782,-ATR,M
Eric-020_mono,Eric-020,mono,a,84.841,84.957,3,84.857,0,0,12.233,-ATR,M
Eric-020_mono,Eric-020,mono,a,84.841,84.957,4,84.862,0,0,14.533,-ATR,M
Eric-020_mono,Eric-020,mono,a,84.841,84.957,5,84.867,114.996,6.29,15.196,-ATR,M
Eric-020_mono,Eric-020,mono,a,84.841,84.957,6,84.872,114.932,4.682,22.697,-ATR,M
Eric-020_mono,Eric-020,mono,a,84.841,84.957,7,84.877,113.981,4.938,16.777,-ATR,M
Eric-020_mono,Eric-020,mono,a,84.841,84.957,8,84.882,113.03,5.305,24.375,-ATR,M
Eric-020_mono,Eric-020,mono,a,84.841,84.957,9,84.887,112.145,6.423,24.078,-ATR,M
Eric-020_mono,Eric-020,mono,a,84.841,84.957,10,84.892,112.176,7.481,22.601,-ATR,M
Eric-020_mono,Eric-020,mono,a,84.841,84.957,11,84.897,112.207,8.366,22.382,-ATR,M
Eric-020_mono,Eric-020,mono,a,84.841,84.957,12,84.902,112.238,9.477,19.928,-ATR,M
Eric-020_mono,Eric-020,mono,a,84.841,84.957,13,84.907,112.274,9.351,21.649,-ATR,M
Eric-020_mono,Eric-020,mono,a,84.841,84.957,14,84.912,112.31,10.141,22.874,-ATR,M
Eric-020_mono,Eric-020,mono,a,84.841,84.957,15,84.917,112.317,9.196,22.325,-ATR,M
Eric-020_mono,Eric-020,mono,a,84.841,84.957,16,84.922,111.933,9.273,19.631,-ATR,M
Eric-020_mono,Eric-020,mono,a,84.841,84.957,17,84.927,111.549,8.2,20.642,-ATR,M
Eric-020_mono,Eric-020,mono,a,84.841,84.957,18,84.932,111.136,7.232,13.858,-ATR,M
Eric-020_mono,Eric-020,mono,a,84.841,84.957,19,84.937,110.338,6.096,17.04,-ATR,M
Eric-020_mono,Eric-020,mono,a,84.841,84.957,20,84.942,109.54,4.75,17.914,-ATR,M
Eric-020_mono,Eric-020,mono,a,84.841,84.957,21,84.947,108.725,4.453,15.258,-ATR,M
Eric-020_mono,Eric-020,mono,a,84.841,84.957,22,84.952,107.689,5.011,14.331,-ATR,M
Eric-020_mono,Eric-020,mono,a,84.841,84.957,23,84.957,106.653,8.088,14.408,-ATR,M
Eunice-008_mono,Eunice-008,mono,i,64.808,64.961,1,64.814,181.804,9.165,12.426,+ATR,F
Eunice-008_mono,Eunice-008,mono,i,64.808,64.961,2,64.819,183.302,7.225,16.791,+ATR,F
Eunice-008_mono,Eunice-008,mono,i,64.808,64.961,3,64.824,186.371,7.667,15.138,+ATR,F
Eunice-008_mono,Eunice-008,mono,i,64.808,64.961,4,64.829,189.871,8.105,19.291,+ATR,F
Eunice-008_mono,Eunice-008,mono,i,64.808,64.961,5,64.834,193.372,8.254,16.717,+ATR,F
Eunice-008_mono,Eunice-008,mono,i,64.808,64.961,6,64.839,195.504,9.053,21.399,+ATR,F
Eunice-008_mono,Eunice-008,mono,i,64.808,64.961,7,64.844,197.259,9.379,22.616,+ATR,F
Eunice-008_mono,Eunice-008,mono,i,64.808,64.961,8,64.849,199.014,9.676,23.278,+ATR,F
Eunice-008_mono,Eunice-008,mono,i,64.808,64.961,9,64.854,199.85,9.682,26.177,+ATR,F
Eunice-008_mono,Eunice-008,mono,i,64.808,64.961,10,64.859,200.432,9.847,25.17,+ATR,F
Eunice-008_mono,Eunice-008,mono,i,64.808,64.961,11,64.864,201.014,9.818,25.244,+ATR,F
Eunice-008_mono,Eunice-008,mono,i,64.808,64.961,12,64.869,201.295,9.91,29.466,+ATR,F
Eunice-008_mono,Eunice-008,mono,i,64.808,64.961,13,64.874,201.494,9.898,26.861,+ATR,F
Eunice-008_mono,Eunice-008,mono,i,64.808,64.961,14,64.879,201.692,9.657,25.259,+ATR,F
Eunice-008_mono,Eunice-008,mono,i,64.808,64.961,15,64.884,201.588,10.169,22.039,+ATR,F
Eunice-008_mono,Eunice-008,mono,i,64.808,64.961,16,64.889,201.4,10.296,19.825,+ATR,F
Eunice-008_mono,Eunice-008,mono,i,64.808,64.961,17,64.894,201.212,10.526,18.123,+ATR,F
Eunice-008_mono,Eunice-008,mono,i,64.808,64.961,18,64.899,200.836,11.799,15.613,+ATR,F
Eunice-008_mono,Eunice-008,mono,i,64.808,64.961,19,64.904,200.409,14.134,12.753,+ATR,F
Eunice-008_mono,Eunice-008,mono,i,64.808,64.961,20,64.909,199.982,18.784,14.263,+ATR,F
Eunice-008_mono,Eunice-008,mono,i,64.808,64.961,21,64.914,199.366,15.528,12.858,+ATR,F
Eunice-008_mono,Eunice-008,mono,i,64.808,64.961,22,64.919,198.698,13.042,17.103,+ATR,F
Eunice-008_mono,Eunice-008,mono,i,64.808,64.961,23,64.924,198.03,10.538,15.053,+ATR,F
Eunice-008_mono,Eunice-008,mono,i,64.808,64.961,24,64.929,197.276,7.407,17.191,+ATR,F
Eunice-008_mono,Eunice-008,mono,i,64.808,64.961,25,64.934,196.498,3.265,12.527,+ATR,F
Eunice-008_mono,Eunice-008,mono,i,64.808,64.961,26,64.939,195.72,2.919,15.471,+ATR,F
Eunice-008_mono,Eunice-008,mono,i,64.808,64.961,27,64.944,193.362,5.673,12.407,+ATR,F
Eunice-008_mono,Eunice-008,mono,i,64.808,64.961,28,64.949,190.568,19.006,12.783,+ATR,F
Eunice-008_mono,Eunice-008,mono,i,64.808,64.961,29,64.954,187.774,24.975,13.168,+ATR,F
Eunice-008_mono,Eunice-008,mono,i,64.808,64.961,30,64.959,187.138,30.095,14.13,+ATR,F
Eunice-008_mono,Eunice-008,mono,ɪ,65.921,66.047,1,65.926,176.168,2.577,13.324,-ATR,F
Eunice-008_mono,Eunice-008,mono,ɪ,65.921,66.047,2,65.931,176.723,7.74,13.198,-ATR,F
Eunice-008_mono,Eunice-008,mono,ɪ,65.921,66.047,3,65.936,178.483,10.412,13.607,-ATR,F
Eunice-008_mono,Eunice-008,mono,ɪ,65.921,66.047,4,65.941,180.244,12.795,17.922,-ATR,F
Eunice-008_mono,Eunice-008,mono,ɪ,65.921,66.047,5,65.946,181.86,13.689,15.485,-ATR,F
Eunice-008_mono,Eunice-008,mono,ɪ,65.921,66.047,6,65.951,183.164,14.133,15.818,-ATR,F
Eunice-008_mono,Eunice-008,mono,ɪ,65.921,66.047,7,65.956,184.467,14.414,18.526,-ATR,F
Eunice-008_mono,Eunice-008,mono,ɪ,65.921,66.047,8,65.961,185.441,14.457,20.409,-ATR,F
Eunice-008_mono,Eunice-008,mono,ɪ,65.921,66.047,9,65.966,185.697,14.79,20.85,-ATR,F
Eunice-008_mono,Eunice-008,mono,ɪ,65.921,66.047,10,65.971,185.952,15.422,21.261,-ATR,F
Eunice-008_mono,Eunice-008,mono,ɪ,65.921,66.047,11,65.976,186.071,15.793,23.652,-ATR,F
Eunice-008_mono,Eunice-008,mono,ɪ,65.921,66.047,12,65.981,185.893,16.468,21.123,-ATR,F
Eunice-008_mono,Eunice-008,mono,ɪ,65.921,66.047,13,65.986,185.714,17.34,20.949,-ATR,F
Eunice-008_mono,Eunice-008,mono,ɪ,65.921,66.047,14,65.991,185.355,18.62,22.422,-ATR,F
Eunice-008_mono,Eunice-008,mono,ɪ,65.921,66.047,15,65.996,184.603,18.359,20.585,-ATR,F
Eunice-008_mono,Eunice-008,mono,ɪ,65.921,66.047,16,66.001,183.851,17.836,20.506,-ATR,F
Eunice-008_mono,Eunice-008,mono,ɪ,65.921,66.047,17,66.006,182.953,16.396,20.317,-ATR,F
Eunice-008_mono,Eunice-008,mono,ɪ,65.921,66.047,18,66.011,181.737,13.651,21.971,-ATR,F
Eunice-008_mono,Eunice-008,mono,ɪ,65.921,66.047,19,66.016,180.521,10.176,23.59,-ATR,F
Eunice-008_mono,Eunice-008,mono,ɪ,65.921,66.047,20,66.021,179.324,6.634,20.411,-ATR,F
Eunice-008_mono,Eunice-008,mono,ɪ,65.921,66.047,21,66.026,178.168,2.464,22.149,-ATR,F
Eunice-008_mono,Eunice-008,mono,ɪ,65.921,66.047,22,66.031,177.013,0.057,22.011,-ATR,F
Eunice-008_mono,Eunice-008,mono,ɪ,65.921,66.047,23,66.036,176.113,-1.52,26.243,-ATR,F
Eunice-008_mono,Eunice-008,mono,ɪ,65.921,66.047,24,66.041,175.767,-2.757,25.937,-ATR,F
Eunice-008_mono,Eunice-008,mono,ɪ,65.921,66.047,25,66.046,175.422,-3.551,26.419,-ATR,F
Eunice-008_mono,Eunice-008,mono,e,66.902,67.025,1,66.907,0,0,17.74,+ATR,F
Eunice-008_mono,Eunice-008,mono,e,66.902,67.025,2,66.912,0,0,15.212,+ATR,F
Eunice-008_mono,Eunice-008,mono,e,66.902,67.025,3,66.917,0,0,20.112,+ATR,F
Eunice-008_mono,Eunice-008,mono,e,66.902,67.025,4,66.922,0,0,13.909,+ATR,F
Eunice-008_mono,Eunice-008,mono,e,66.902,67.025,5,66.927,0,0,15.332,+ATR,F
Eunice-008_mono,Eunice-008,mono,e,66.902,67.025,6,66.932,0,0,13.033,+ATR,F
Eunice-008_mono,Eunice-008,mono,e,66.902,67.025,7,66.937,0,0,13.921,+ATR,F
Eunice-008_mono,Eunice-008,mono,e,66.902,67.025,8,66.942,0,0,12.382,+ATR,F
Eunice-008_mono,Eunice-008,mono,e,66.902,67.025,9,66.947,0,0,13.274,+ATR,F
Eunice-008_mono,Eunice-008,mono,e,66.902,67.025,10,66.952,0,0,14.743,+ATR,F
Eunice-008_mono,Eunice-008,mono,e,66.902,67.025,11,66.957,0,0,18.425,+ATR,F
Eunice-008_mono,Eunice-008,mono,e,66.902,67.025,12,66.962,183.021,11.5,16.177,+ATR,F
Eunice-008_mono,Eunice-008,mono,e,66.902,67.025,13,66.967,182.951,10.973,16.124,+ATR,F
Eunice-008_mono,Eunice-008,mono,e,66.902,67.025,14,66.972,182.801,10.838,20.352,+ATR,F
Eunice-008_mono,Eunice-008,mono,e,66.902,67.025,15,66.977,182.651,11.894,21.855,+ATR,F
Eunice-008_mono,Eunice-008,mono,e,66.902,67.025,16,66.982,182.403,13.084,22.818,+ATR,F
Eunice-008_mono,Eunice-008,mono,e,66.902,67.025,17,66.987,182.046,13.915,22.868,+ATR,F
Eunice-008_mono,Eunice-008,mono,e,66.902,67.025,18,66.992,181.688,14.627,25.634,+ATR,F
Eunice-008_mono,Eunice-008,mono,e,66.902,67.025,19,66.997,181.237,15.385,26.311,+ATR,F
Eunice-008_mono,Eunice-008,mono,e,66.902,67.025,20,67.002,180.681,15.198,23.178,+ATR,F
Eunice-008_mono,Eunice-008,mono,e,66.902,67.025,21,67.007,180.125,15.026,24.236,+ATR,F
Eunice-008_mono,Eunice-008,mono,e,66.902,67.025,22,67.012,179.51,15.119,23.492,+ATR,F
Eunice-008_mono,Eunice-008,mono,e,66.902,67.025,23,67.017,178.829,13.868,19.49,+ATR,F
Eunice-008_mono,Eunice-008,mono,e,66.902,67.025,24,67.022,178.147,11.366,14.384,+ATR,F
Eunice-008_mono,Eunice-008,mono,ɛ,68.05,68.148,1,68.056,0,0,26.138,-ATR,F
Eunice-008_mono,Eunice-008,mono,ɛ,68.05,68.148,2,68.061,0,0,19.273,-ATR,F
Eunice-008_mono,Eunice-008,mono,ɛ,68.05,68.148,3,68.066,0,0,19.882,-ATR,F
Eunice-008_mono,Eunice-008,mono,ɛ,68.05,68.148,4,68.071,0,0,19.918,-ATR,F
Eunice-008_mono,Eunice-008,mono,ɛ,68.05,68.148,5,68.076,0,0,18.375,-ATR,F
Eunice-008_mono,Eunice-008,mono,ɛ,68.05,68.148,6,68.081,0,0,15.798,-ATR,F
Eunice-008_mono,Eunice-008,mono,ɛ,68.05,68.148,7,68.086,173.356,-0.458,15.824,-ATR,F
Eunice-008_mono,Eunice-008,mono,ɛ,68.05,68.148,8,68.091,173.331,0.656,13.039,-ATR,F
Eunice-008_mono,Eunice-008,mono,ɛ,68.05,68.148,9,68.096,173.197,-0.172,19.738,-ATR,F
Eunice-008_mono,Eunice-008,mono,ɛ,68.05,68.148,10,68.101,173.062,-0.93,16.348,-ATR,F
Eunice-008_mono,Eunice-008,mono,ɛ,68.05,68.148,11,68.106,172.98,-0.924,19.721,-ATR,F
Eunice-008_mono,Eunice-008,mono,ɛ,68.05,68.148,12,68.111,173.132,-1.019,16.137,-ATR,F
Eunice-008_mono,Eunice-008,mono,ɛ,68.05,68.148,13,68.116,173.284,-1.152,17.758,-ATR,F
Eunice-008_mono,Eunice-008,mono,ɛ,68.05,68.148,14,68.121,173.335,-0.839,23.03,-ATR,F
Eunice-008_mono,Eunice-008,mono,ɛ,68.05,68.148,15,68.126,172.937,-0.99,26.031,-ATR,F
Eunice-008_mono,Eunice-008,mono,ɛ,68.05,68.148,16,68.131,172.539,-1.457,27.153,-ATR,F
Eunice-008_mono,Eunice-008,mono,ɛ,68.05,68.148,17,68.136,171.911,-2.283,24.899,-ATR,F
Eunice-008_mono,Eunice-008,mono,ɛ,68.05,68.148,18,68.141,170.254,-1.289,19.227,-ATR,F
Eunice-008_mono,Eunice-008,mono,ɛ,68.05,68.148,19,68.146,168.598,4.131,13.324,-ATR,F
Eunice-008_mono,Eunice-008,mono,æ,69.475,69.587,1,69.48,0,0,15.369,+ATR,F
Eunice-008_mono,Eunice-008,mono,æ,69.475,69.587,2,69.485,0,0,21.385,+ATR,F
Eunice-008_mono,Eunice-008,mono,æ,69.475,69.587,3,69.49,0,0,15.759,+ATR,F
Eunice-008_mono,Eunice-008,mono,æ,69.475,69.587,4,69.495,0,0,15.038,+ATR,F
Eunice-008_mono,Eunice-008,mono,æ,69.475,69.587,5,69.5,0,0,13.172,+ATR,F
Eunice-008_mono,Eunice-008,mono,æ,69.475,69.587,6,69.505,0,0,13.696,+ATR,F
Eunice-008_mono,Eunice-008,mono,æ,69.475,69.587,7,69.51,0,0,11.978,+ATR,F
Eunice-008_mono,Eunice-008,mono,æ,69.475,69.587,8,69.515,0,0,14.105,+ATR,F
Eunice-008_mono,Eunice-008,mono,æ,69.475,69.587,9,69.52,0,0,16.459,+ATR,F
Eunice-008_mono,Eunice-008,mono,æ,69.475,69.587,10,69.525,177.266,4.463,17.941,+ATR,F
Eunice-008_mono,Eunice-008,mono,æ,69.475,69.587,11,69.53,177.277,4.116,21.59,+ATR,F
Eunice-008_mono,Eunice-008,mono,æ,69.475,69.587,12,69.535,177.51,3.505,22.56,+ATR,F
Eunice-008_mono,Eunice-008,mono,æ,69.475,69.587,13,69.54,177.742,3.651,22.049,+ATR,F
Eunice-008_mono,Eunice-008,mono,æ,69.475,69.587,14,69.545,177.956,3.486,26.989,+ATR,F
Eunice-008_mono,Eunice-008,mono,æ,69.475,69.587,15,69.55,177.796,3.163,26.627,+ATR,F
Eunice-008_mono,Eunice-008,mono,æ,69.475,69.587,16,69.555,177.636,2.844,25.412,+ATR,F
Eunice-008_mono,Eunice-008,mono,æ,69.475,69.587,17,69.56,177.437,2.852,25.878,+ATR,F
Eunice-008_mono,Eunice-008,mono,æ,69.475,69.587,18,69.565,176.496,3.414,25.133,+ATR,F
Eunice-008_mono,Eunice-008,mono,æ,69.475,69.587,19,69.57,175.555,4.484,23.458,+ATR,F
Eunice-008_mono,Eunice-008,mono,æ,69.475,69.587,20,69.575,174.539,5.539,18.14,+ATR,F
Eunice-008_mono,Eunice-008,mono,æ,69.475,69.587,21,69.58,172.077,6.049,19.723,+ATR,F
Eunice-008_mono,Eunice-008,mono,æ,69.475,69.587,22,69.585,169.614,6.814,14.981,+ATR,F
Eunice-008_mono,Eunice-008,mono,u,69.776,69.964,1,69.781,192.396,9.703,13.294,+ATR,F
Eunice-008_mono,Eunice-008,mono,u,69.776,69.964,2,69.786,192.691,5.142,14.078,+ATR,F
Eunice-008_mono,Eunice-008,mono,u,69.776,69.964,3,69.791,194.213,2.325,16.255,+ATR,F
Eunice-008_mono,Eunice-008,mono,u,69.776,69.964,4,69.796,195.735,3.413,14.255,+ATR,F
Eunice-008_mono,Eunice-008,mono,u,69.776,69.964,5,69.801,197.39,4.537,17.152,+ATR,F
Eunice-008_mono,Eunice-008,mono,u,69.776,69.964,6,69.806,199.47,4.712,16.979,+ATR,F
Eunice-008_mono,Eunice-008,mono,u,69.776,69.964,7,69.811,201.551,4.683,19.665,+ATR,F
Eunice-008_mono,Eunice-008,mono,u,69.776,69.964,8,69.816,203.516,5.533,20.343,+ATR,F
Eunice-008_mono,Eunice-008,mono,u,69.776,69.964,9,69.821,205.113,7.072,18.187,+ATR,F
Eunice-008_mono,Eunice-008,mono,u,69.776,69.964,10,69.826,206.709,7.615,21.713,+ATR,F
Eunice-008_mono,Eunice-008,mono,u,69.776,69.964,11,69.831,208.203,8.597,22.03,+ATR,F
Eunice-008_mono,Eunice-008,mono,u,69.776,69.964,12,69.836,209.367,9.654,20.691,+ATR,F
Eunice-008_mono,Eunice-008,mono,u,69.776,69.964,13,69.841,210.531,10.065,22.098,+ATR,F
Eunice-008_mono,Eunice-008,mono,u,69.776,69.964,14,69.846,211.164,10.989,20.27,+ATR,F
Eunice-008_mono,Eunice-008,mono,u,69.776,69.964,15,69.851,210.091,13.031,14.575,+ATR,F
Eunice-008_mono,Eunice-008,mono,u,69.776,69.964,16,69.856,209.019,11.133,15.627,+ATR,F
Eunice-008_mono,Eunice-008,mono,u,69.776,69.964,17,69.861,207.545,7.058,15.303,+ATR,F
Eunice-008_mono,Eunice-008,mono,u,69.776,69.964,18,69.866,204.779,4.462,12.906,+ATR,F
Eunice-008_mono,Eunice-008,mono,u,69.776,69.964,19,69.871,202.013,4.431,16.133,+ATR,F
Eunice-008_mono,Eunice-008,mono,u,69.776,69.964,20,69.876,199.763,4.428,16.163,+ATR,F
Eunice-008_mono,Eunice-008,mono,u,69.776,69.964,21,69.881,199.176,4.35,11.43,+ATR,F
Eunice-008_mono,Eunice-008,mono,u,69.776,69.964,22,69.886,198.588,5.46,11.8,+ATR,F
Eunice-008_mono,Eunice-008,mono,u,69.776,69.964,23,69.891,197.991,4.152,10.539,+ATR,F
Eunice-008_mono,Eunice-008,mono,u,69.776,69.964,24,69.896,197.369,2.51,10.665,+ATR,F
Eunice-008_mono,Eunice-008,mono,u,69.776,69.964,25,69.901,196.746,2.856,12.885,+ATR,F
Eunice-008_mono,Eunice-008,mono,u,69.776,69.964,26,69.906,196.272,2.702,13.892,+ATR,F
Eunice-008_mono,Eunice-008,mono,u,69.776,69.964,27,69.911,196.276,1.761,14.167,+ATR,F
Eunice-008_mono,Eunice-008,mono,u,69.776,69.964,28,69.916,196.281,1.564,14.557,+ATR,F
Eunice-008_mono,Eunice-008,mono,u,69.776,69.964,29,69.921,196.919,4.831,14.438,+ATR,F
Eunice-008_mono,Eunice-008,mono,u,69.776,69.964,30,69.926,199.589,7.785,12.332,+ATR,F
Eunice-008_mono,Eunice-008,mono,u,69.776,69.964,31,69.931,202.26,15.325,12.071,+ATR,F
Eunice-008_mono,Eunice-008,mono,u,69.776,69.964,32,69.936,204.297,16.055,14.858,+ATR,F
Eunice-008_mono,Eunice-008,mono,u,69.776,69.964,33,69.941,204.297,11.201,11.354,+ATR,F
Eunice-008_mono,Eunice-008,mono,u,69.776,69.964,34,69.946,0,0,14.733,+ATR,F
Eunice-008_mono,Eunice-008,mono,u,69.776,69.964,35,69.951,0,0,12.244,+ATR,F
Eunice-008_mono,Eunice-008,mono,u,69.776,69.964,36,69.956,0,0,12.53,+ATR,F
Eunice-008_mono,Eunice-008,mono,u,69.776,69.964,37,69.961,0,0,13.914,+ATR,F
Eunice-008_mono,Eunice-008,mono,ʊ,70.874,70.969,1,70.88,161.209,7.714,11.806,-ATR,F
Eunice-008_mono,Eunice-008,mono,ʊ,70.874,70.969,2,70.885,159.05,7.355,13.1,-ATR,F
Eunice-008_mono,Eunice-008,mono,ʊ,70.874,70.969,3,70.89,156.892,6.733,13.409,-ATR,F
Eunice-008_mono,Eunice-008,mono,ʊ,70.874,70.969,4,70.895,154.736,5.79,16.297,-ATR,F
Eunice-008_mono,Eunice-008,mono,ʊ,70.874,70.969,5,70.9,152.707,4.96,16.771,-ATR,F
Eunice-008_mono,Eunice-008,mono,ʊ,70.874,70.969,6,70.905,150.679,5.457,16.099,-ATR,F
Eunice-008_mono,Eunice-008,mono,ʊ,70.874,70.969,7,70.91,148.658,5.795,17.169,-ATR,F
Eunice-008_mono,Eunice-008,mono,ʊ,70.874,70.969,8,70.915,147.021,6.514,13.98,-ATR,F
Eunice-008_mono,Eunice-008,mono,ʊ,70.874,70.969,9,70.92,145.385,6.097,15.843,-ATR,F
Eunice-008_mono,Eunice-008,mono,ʊ,70.874,70.969,10,70.925,143.779,4.916,16.014,-ATR,F
Eunice-008_mono,Eunice-008,mono,ʊ,70.874,70.969,11,70.93,143.779,3.294,12.762,-ATR,F
Eunice-008_mono,Eunice-008,mono,ʊ,70.874,70.969,12,70.935,0,0,12.622,-ATR,F
Eunice-008_mono,Eunice-008,mono,ʊ,70.874,70.969,13,70.94,0,0,19.955,-ATR,F
Eunice-008_mono,Eunice-008,mono,ʊ,70.874,70.969,14,70.945,0,0,13.209,-ATR,F
Eunice-008_mono,Eunice-008,mono,ʊ,70.874,70.969,15,70.95,0,0,10.605,-ATR,F
Eunice-008_mono,Eunice-008,mono,ʊ,70.874,70.969,16,70.955,0,0,13.992,-ATR,F
Eunice-008_mono,Eunice-008,mono,ʊ,70.874,70.969,17,70.96,0,0,14.302,-ATR,F
Eunice-008_mono,Eunice-008,mono,ʊ,70.874,70.969,18,70.965,0,0,10.939,-ATR,F
Eunice-008_mono,Eunice-008,mono,ʊ,70.874,70.969,19,70.97,0,0,10.171,-ATR,F
Eunice-008_mono,Eunice-008,mono,o,71.697,71.817,1,71.702,0,0,13.295,+ATR,F
Eunice-008_mono,Eunice-008,mono,o,71.697,71.817,2,71.707,0,0,10.915,+ATR,F
Eunice-008_mono,Eunice-008,mono,o,71.697,71.817,3,71.712,0,0,14.127,+ATR,F
Eunice-008_mono,Eunice-008,mono,o,71.697,71.817,4,71.717,159.358,-2.068,14.742,+ATR,F
Eunice-008_mono,Eunice-008,mono,o,71.697,71.817,5,71.722,160.217,0.852,15.061,+ATR,F
Eunice-008_mono,Eunice-008,mono,o,71.697,71.817,6,71.727,162.139,2.845,14.869,+ATR,F
Eunice-008_mono,Eunice-008,mono,o,71.697,71.817,7,71.732,164.061,3.758,15.57,+ATR,F
Eunice-008_mono,Eunice-008,mono,o,71.697,71.817,8,71.737,165.168,5.622,17.514,+ATR,F
Eunice-008_mono,Eunice-008,mono,o,71.697,71.817,9,71.742,165.266,7.905,16.226,+ATR,F
Eunice-008_mono,Eunice-008,mono,o,71.697,71.817,10,71.747,165.364,9.589,16.013,+ATR,F
Eunice-008_mono,Eunice-008,mono,o,71.697,71.817,11,71.752,165.346,10.306,18.257,+ATR,F
Eunice-008_mono,Eunice-008,mono,o,71.697,71.817,12,71.757,165.185,10.904,16.896,+ATR,F
Eunice-008_mono,Eunice-008,mono,o,71.697,71.817,13,71.762,165.024,11.239,18.465,+ATR,F
Eunice-008_mono,Eunice-008,mono,o,71.697,71.817,14,71.767,164.892,11.395,15.963,+ATR,F
Eunice-008_mono,Eunice-008,mono,o,71.697,71.817,15,71.772,164.796,11.794,18.983,+ATR,F
Eunice-008_mono,Eunice-008,mono,o,71.697,71.817,16,71.777,164.699,11.627,22.232,+ATR,F
Eunice-008_mono,Eunice-008,mono,o,71.697,71.817,17,71.782,164.567,11.512,21.058,+ATR,F
Eunice-008_mono,Eunice-008,mono,o,71.697,71.817,18,71.787,164.391,11.546,18.822,+ATR,F
Eunice-008_mono,Eunice-008,mono,o,71.697,71.817,19,71.792,164.215,11.764,16.505,+ATR,F
Eunice-008_mono,Eunice-008,mono,o,71.697,71.817,20,71.797,163.847,11.906,16.996,+ATR,F
Eunice-008_mono,Eunice-008,mono,o,71.697,71.817,21,71.802,163.243,11.545,17.708,+ATR,F
Eunice-008_mono,Eunice-008,mono,o,71.697,71.817,22,71.807,162.639,11.924,15.22,+ATR,F
Eunice-008_mono,Eunice-008,mono,o,71.697,71.817,23,71.812,161.496,9.869,17.128,+ATR,F
Eunice-008_mono,Eunice-008,mono,o,71.697,71.817,24,71.817,159.685,7.91,13.014,+ATR,F
Eunice-008_mono,Eunice-008,mono,ɔ,72.966,73.088,1,72.971,192.486,12.723,12.193,-ATR,F
Eunice-008_mono,Eunice-008,mono,ɔ,72.966,73.088,2,72.976,188.1,9.253,17.881,-ATR,F
Eunice-008_mono,Eunice-008,mono,ɔ,72.966,73.088,3,72.981,184.947,6.412,17.44,-ATR,F
Eunice-008_mono,Eunice-008,mono,ɔ,72.966,73.088,4,72.986,184.322,5.381,20.163,-ATR,F
Eunice-008_mono,Eunice-008,mono,ɔ,72.966,73.088,5,72.991,183.696,5.206,17.359,-ATR,F
Eunice-008_mono,Eunice-008,mono,ɔ,72.966,73.088,6,72.996,183.102,4.974,14.418,-ATR,F
Eunice-008_mono,Eunice-008,mono,ɔ,72.966,73.088,7,73.001,182.571,4.121,18.999,-ATR,F
Eunice-008_mono,Eunice-008,mono,ɔ,72.966,73.088,8,73.006,182.04,3.362,17.631,-ATR,F
Eunice-008_mono,Eunice-008,mono,ɔ,72.966,73.088,9,73.011,181.616,3.704,15.022,-ATR,F
Eunice-008_mono,Eunice-008,mono,ɔ,72.966,73.088,10,73.016,181.408,4,21.032,-ATR,F
Eunice-008_mono,Eunice-008,mono,ɔ,72.966,73.088,11,73.021,181.201,3.887,23.234,-ATR,F
Eunice-008_mono,Eunice-008,mono,ɔ,72.966,73.088,12,73.026,181.188,4.153,25.083,-ATR,F
Eunice-008_mono,Eunice-008,mono,ɔ,72.966,73.088,13,73.031,181.573,4.643,23.207,-ATR,F
Eunice-008_mono,Eunice-008,mono,ɔ,72.966,73.088,14,73.036,181.958,5.177,24.481,-ATR,F
Eunice-008_mono,Eunice-008,mono,ɔ,72.966,73.088,15,73.041,182.388,5.875,24.723,-ATR,F
Eunice-008_mono,Eunice-008,mono,ɔ,72.966,73.088,16,73.046,182.911,6.815,21.617,-ATR,F
Eunice-008_mono,Eunice-008,mono,ɔ,72.966,73.088,17,73.051,183.435,8.457,20.897,-ATR,F
Eunice-008_mono,Eunice-008,mono,ɔ,72.966,73.088,18,73.056,183.852,10.226,19.871,-ATR,F
Eunice-008_mono,Eunice-008,mono,ɔ,72.966,73.088,19,73.061,184.051,10.211,15.741,-ATR,F
Eunice-008_mono,Eunice-008,mono,ɔ,72.966,73.088,20,73.066,184.25,10.909,16.94,-ATR,F
Eunice-008_mono,Eunice-008,mono,ɔ,72.966,73.088,21,73.071,184.12,13.807,14.14,-ATR,F
Eunice-008_mono,Eunice-008,mono,ɔ,72.966,73.088,22,73.076,183.315,17.63,13.106,-ATR,F
Eunice-008_mono,Eunice-008,mono,ɔ,72.966,73.088,23,73.081,182.51,22.881,13.324,-ATR,F
Eunice-008_mono,Eunice-008,mono,ɔ,72.966,73.088,24,73.086,181.969,19.586,13.415,-ATR,F
Eunice-008_mono,Eunice-008,mono,a,73.589,73.682,1,73.594,0,0,23.984,-ATR,F
Eunice-008_mono,Eunice-008,mono,a,73.589,73.682,2,73.599,0,0,13.774,-ATR,F
Eunice-008_mono,Eunice-008,mono,a,73.589,73.682,3,73.604,0,0,19.283,-ATR,F
Eunice-008_mono,Eunice-008,mono,a,73.589,73.682,4,73.609,0,0,18.812,-ATR,F
Eunice-008_mono,Eunice-008,mono,a,73.589,73.682,5,73.614,0,0,23.256,-ATR,F
Eunice-008_mono,Eunice-008,mono,a,73.589,73.682,6,73.619,0,0,19.811,-ATR,F
Eunice-008_mono,Eunice-008,mono,a,73.589,73.682,7,73.624,0,0,20.051,-ATR,F
Eunice-008_mono,Eunice-008,mono,a,73.589,73.682,8,73.629,0,0,13.098,-ATR,F
Eunice-008_mono,Eunice-008,mono,a,73.589,73.682,9,73.634,0,0,16.454,-ATR,F
Eunice-008_mono,Eunice-008,mono,a,73.589,73.682,10,73.639,0,0,18.255,-ATR,F
Eunice-008_mono,Eunice-008,mono,a,73.589,73.682,11,73.644,0,0,21.299,-ATR,F
Eunice-008_mono,Eunice-008,mono,a,73.589,73.682,12,73.649,154.989,-2.158,19.172,-ATR,F
Eunice-008_mono,Eunice-008,mono,a,73.589,73.682,13,73.654,154.989,-0.75,14.507,-ATR,F
Eunice-008_mono,Eunice-008,mono,a,73.589,73.682,14,73.659,154.945,0.467,17.482,-ATR,F
Eunice-008_mono,Eunice-008,mono,a,73.589,73.682,15,73.664,154.896,0.232,20.689,-ATR,F
Eunice-008_mono,Eunice-008,mono,a,73.589,73.682,16,73.669,154.847,-0.782,18.925,-ATR,F
Eunice-008_mono,Eunice-008,mono,a,73.589,73.682,17,73.674,154.841,-0.591,14.706,-ATR,F
Eunice-008_mono,Eunice-008,mono,a,73.589,73.682,18,73.679,0,0,14.432,-ATR,F
FELIX-02_mono,FELIX-02,mono,i,158.399,158.543,1,158.405,113.36,15.355,14.2,+ATR,M
FELIX-02_mono,FELIX-02,mono,i,158.399,158.543,2,158.41,111.614,14.268,15.051,+ATR,M
FELIX-02_mono,FELIX-02,mono,i,158.399,158.543,3,158.415,109.867,16.382,15.037,+ATR,M
FELIX-02_mono,FELIX-02,mono,i,158.399,158.543,4,158.42,108.461,13.48,12.959,+ATR,M
FELIX-02_mono,FELIX-02,mono,i,158.399,158.543,5,158.425,107.788,11.733,11.353,+ATR,M
FELIX-02_mono,FELIX-02,mono,i,158.399,158.543,6,158.43,107.115,10.955,16.053,+ATR,M
FELIX-02_mono,FELIX-02,mono,i,158.399,158.543,7,158.435,106.14,11.175,13.731,+ATR,M
FELIX-02_mono,FELIX-02,mono,i,158.399,158.543,8,158.44,104.514,11.647,19.431,+ATR,M
FELIX-02_mono,FELIX-02,mono,i,158.399,158.543,9,158.445,102.888,11.121,10.942,+ATR,M
FELIX-02_mono,FELIX-02,mono,i,158.399,158.543,10,158.45,101.231,10.517,14.452,+ATR,M
FELIX-02_mono,FELIX-02,mono,i,158.399,158.543,11,158.455,99.509,8.972,12.605,+ATR,M
FELIX-02_mono,FELIX-02,mono,i,158.399,158.543,12,158.46,97.788,8.81,18.679,+ATR,M
FELIX-02_mono,FELIX-02,mono,i,158.399,158.543,13,158.465,96.05,8.115,13.22,+ATR,M
FELIX-02_mono,FELIX-02,mono,i,158.399,158.543,14,158.47,94.279,8.906,18.455,+ATR,M
FELIX-02_mono,FELIX-02,mono,i,158.399,158.543,15,158.475,92.508,7.609,13.035,+ATR,M
FELIX-02_mono,FELIX-02,mono,i,158.399,158.543,16,158.48,90.752,7.086,15.965,+ATR,M
FELIX-02_mono,FELIX-02,mono,i,158.399,158.543,17,158.485,89.032,5.507,13.456,+ATR,M
FELIX-02_mono,FELIX-02,mono,i,158.399,158.543,18,158.49,87.312,3.606,11.449,+ATR,M
FELIX-02_mono,FELIX-02,mono,i,158.399,158.543,19,158.495,85.584,2.108,15.499,+ATR,M
FELIX-02_mono,FELIX-02,mono,i,158.399,158.543,20,158.5,83.842,2.286,10.415,+ATR,M
FELIX-02_mono,FELIX-02,mono,i,158.399,158.543,21,158.505,82.1,0.572,14.644,+ATR,M
FELIX-02_mono,FELIX-02,mono,i,158.399,158.543,22,158.51,80.475,2.379,14.5,+ATR,M
FELIX-02_mono,FELIX-02,mono,i,158.399,158.543,23,158.515,79.104,0.146,14.502,+ATR,M
FELIX-02_mono,FELIX-02,mono,i,158.399,158.543,24,158.52,77.733,-1.534,13.51,+ATR,M
FELIX-02_mono,FELIX-02,mono,i,158.399,158.543,25,158.525,75.528,2.449,12.516,+ATR,M
FELIX-02_mono,FELIX-02,mono,i,158.399,158.543,26,158.53,71.529,-1.444,15.112,+ATR,M
FELIX-02_mono,FELIX-02,mono,i,158.399,158.543,27,158.535,67.53,-3.88,12.998,+ATR,M
FELIX-02_mono,FELIX-02,mono,i,158.399,158.543,28,158.54,64.799,-2.416,11.608,+ATR,M
FELIX-02_mono,FELIX-02,mono,ɪ,161.034,161.144,1,161.04,120.676,12.488,15.549,-ATR,M
FELIX-02_mono,FELIX-02,mono,ɪ,161.034,161.144,2,161.045,120.607,10.729,13.02,-ATR,M
FELIX-02_mono,FELIX-02,mono,ɪ,161.034,161.144,3,161.05,120.37,8.39,15.741,-ATR,M
FELIX-02_mono,FELIX-02,mono,ɪ,161.034,161.144,4,161.055,120.133,6.609,20.477,-ATR,M
FELIX-02_mono,FELIX-02,mono,ɪ,161.034,161.144,5,161.06,120.05,4.862,19.936,-ATR,M
FELIX-02_mono,FELIX-02,mono,ɪ,161.034,161.144,6,161.065,120.348,4.532,20.282,-ATR,M
FELIX-02_mono,FELIX-02,mono,ɪ,161.034,161.144,7,161.07,120.646,3.88,19.437,-ATR,M
FELIX-02_mono,FELIX-02,mono,ɪ,161.034,161.144,8,161.075,120.926,3.359,21.677,-ATR,M
FELIX-02_mono,FELIX-02,mono,ɪ,161.034,161.144,9,161.08,121.164,2.804,19.155,-ATR,M
FELIX-02_mono,FELIX-02,mono,ɪ,161.034,161.144,10,161.085,121.402,2.137,19.022,-ATR,M
FELIX-02_mono,FELIX-02,mono,ɪ,161.034,161.144,11,161.09,121.683,1.83,21.413,-ATR,M
FELIX-02_mono,FELIX-02,mono,ɪ,161.034,161.144,12,161.095,122.071,1.324,21.556,-ATR,M
FELIX-02_mono,FELIX-02,mono,ɪ,161.034,161.144,13,161.1,122.459,1.025,20.562,-ATR,M
FELIX-02_mono,FELIX-02,mono,ɪ,161.034,161.144,14,161.105,122.908,0.736,20.125,-ATR,M
FELIX-02_mono,FELIX-02,mono,ɪ,161.034,161.144,15,161.11,123.507,0.633,18.823,-ATR,M
FELIX-02_mono,FELIX-02,mono,ɪ,161.034,161.144,16,161.115,124.107,0.516,23.367,-ATR,M
FELIX-02_mono,FELIX-02,mono,ɪ,161.034,161.144,17,161.12,124.72,0.429,20.446,-ATR,M
FELIX-02_mono,FELIX-02,mono,ɪ,161.034,161.144,18,161.125,125.368,0.78,23.78,-ATR,M
FELIX-02_mono,FELIX-02,mono,ɪ,161.034,161.144,19,161.13,126.015,0.96,26.283,-ATR,M
FELIX-02_mono,FELIX-02,mono,ɪ,161.034,161.144,20,161.135,126.365,1.232,23.428,-ATR,M
FELIX-02_mono,FELIX-02,mono,ɪ,161.034,161.144,21,161.14,125.979,1.736,25.451,-ATR,M
FELIX-02_mono,FELIX-02,mono,ɪ,161.034,161.144,22,161.145,125.592,1.699,25.392,-ATR,M
FELIX-02_mono,FELIX-02,mono,e,163.602,163.714,1,163.607,118.929,1.515,14.266,+ATR,M
FELIX-02_mono,FELIX-02,mono,e,163.602,163.714,2,163.612,118.729,1.339,20.486,+ATR,M
FELIX-02_mono,FELIX-02,mono,e,163.602,163.714,3,163.617,118.472,2.445,14.435,+ATR,M
FELIX-02_mono,FELIX-02,mono,e,163.602,163.714,4,163.622,118.216,3.244,16.015,+ATR,M
FELIX-02_mono,FELIX-02,mono,e,163.602,163.714,5,163.627,117.705,3.397,17.763,+ATR,M
FELIX-02_mono,FELIX-02,mono,e,163.602,163.714,6,163.632,117.124,3.376,14.544,+ATR,M
FELIX-02_mono,FELIX-02,mono,e,163.602,163.714,7,163.637,116.542,3.178,21.732,+ATR,M
FELIX-02_mono,FELIX-02,mono,e,163.602,163.714,8,163.642,116.297,3.116,17.8,+ATR,M
FELIX-02_mono,FELIX-02,mono,e,163.602,163.714,9,163.647,116.145,3.368,21.787,+ATR,M
FELIX-02_mono,FELIX-02,mono,e,163.602,163.714,10,163.652,115.994,3.507,20.575,+ATR,M
FELIX-02_mono,FELIX-02,mono,e,163.602,163.714,11,163.657,115.973,3.721,19.152,+ATR,M
FELIX-02_mono,FELIX-02,mono,e,163.602,163.714,12,163.662,115.987,3.683,19.124,+ATR,M
FELIX-02_mono,FELIX-02,mono,e,163.602,163.714,13,163.667,116.002,3.576,19.534,+ATR,M
FELIX-02_mono,FELIX-02,mono,e,163.602,163.714,14,163.672,115.666,3.499,20.909,+ATR,M
FELIX-02_mono,FELIX-02,mono,e,163.602,163.714,15,163.677,115.233,3.04,14.957,+ATR,M
FELIX-02_mono,FELIX-02,mono,e,163.602,163.714,16,163.682,114.8,2.757,18.949,+ATR,M
FELIX-02_mono,FELIX-02,mono,e,163.602,163.714,17,163.687,114.127,2.419,20.488,+ATR,M
FELIX-02_mono,FELIX-02,mono,e,163.602,163.714,18,163.692,113.388,2.008,16.671,+ATR,M
FELIX-02_mono,FELIX-02,mono,e,163.602,163.714,19,163.697,112.648,2.421,18.892,+ATR,M
FELIX-02_mono,FELIX-02,mono,e,163.602,163.714,20,163.702,111.515,2.03,15.473,+ATR,M
FELIX-02_mono,FELIX-02,mono,e,163.602,163.714,21,163.707,110.272,3.77,15,+ATR,M
FELIX-02_mono,FELIX-02,mono,e,163.602,163.714,22,163.712,109.029,5.889,15.413,+ATR,M
FELIX-02_mono,FELIX-02,mono,ɛ,166.472,166.572,1,166.477,0,0,11.476,-ATR,M
FELIX-02_mono,FELIX-02,mono,ɛ,166.472,166.572,2,166.482,106.199,4.255,17.099,-ATR,M
FELIX-02_mono,FELIX-02,mono,ɛ,166.472,166.572,3,166.487,106.199,0.884,18.694,-ATR,M
FELIX-02_mono,FELIX-02,mono,ɛ,166.472,166.572,4,166.492,106.124,0.569,15.784,-ATR,M
FELIX-02_mono,FELIX-02,mono,ɛ,166.472,166.572,5,166.497,106.031,0.298,21.959,-ATR,M
FELIX-02_mono,FELIX-02,mono,ɛ,166.472,166.572,6,166.502,105.939,0.188,24.469,-ATR,M
FELIX-02_mono,FELIX-02,mono,ɛ,166.472,166.572,7,166.507,105.581,0.108,23.173,-ATR,M
FELIX-02_mono,FELIX-02,mono,ɛ,166.472,166.572,8,166.512,105.157,0.387,23.128,-ATR,M
FELIX-02_mono,FELIX-02,mono,ɛ,166.472,166.572,9,166.517,104.733,0.209,22.55,-ATR,M
FELIX-02_mono,FELIX-02,mono,ɛ,166.472,166.572,10,166.522,104.535,0.71,22.749,-ATR,M
FELIX-02_mono,FELIX-02,mono,ɛ,166.472,166.572,11,166.527,104.393,0.376,27.357,-ATR,M
FELIX-02_mono,FELIX-02,mono,ɛ,166.472,166.572,12,166.532,104.251,0.505,23.915,-ATR,M
FELIX-02_mono,FELIX-02,mono,ɛ,166.472,166.572,13,166.537,104.119,0.033,23.016,-ATR,M
FELIX-02_mono,FELIX-02,mono,ɛ,166.472,166.572,14,166.542,103.989,0.345,21.674,-ATR,M
FELIX-02_mono,FELIX-02,mono,ɛ,166.472,166.572,15,166.547,103.86,0.111,25.544,-ATR,M
FELIX-02_mono,FELIX-02,mono,ɛ,166.472,166.572,16,166.552,103.66,0.409,21.163,-ATR,M
FELIX-02_mono,FELIX-02,mono,ɛ,166.472,166.572,17,166.557,103.442,0.034,23.569,-ATR,M
FELIX-02_mono,FELIX-02,mono,ɛ,166.472,166.572,18,166.562,103.225,0.674,17.338,-ATR,M
FELIX-02_mono,FELIX-02,mono,ɛ,166.472,166.572,19,166.567,102.439,2.492,13.709,-ATR,M
FELIX-02_mono,FELIX-02,mono,ɛ,166.472,166.572,20,166.572,101.512,2.447,13.975,-ATR,M
FELIX-02_mono,FELIX-02,mono,æ,169.237,169.342,1,169.242,108.912,13.25,19.343,+ATR,M
FELIX-02_mono,FELIX-02,mono,æ,169.237,169.342,2,169.247,108.912,3.672,16.238,+ATR,M
FELIX-02_mono,FELIX-02,mono,æ,169.237,169.342,3,169.252,109.082,-0.352,18.504,+ATR,M
FELIX-02_mono,FELIX-02,mono,æ,169.237,169.342,4,169.257,109.294,0.205,13.611,+ATR,M
FELIX-02_mono,FELIX-02,mono,æ,169.237,169.342,5,169.262,109.506,0.199,20.543,+ATR,M
FELIX-02_mono,FELIX-02,mono,æ,169.237,169.342,6,169.267,109.609,-0.037,17.763,+ATR,M
FELIX-02_mono,FELIX-02,mono,æ,169.237,169.342,7,169.272,109.685,0.086,20.73,+ATR,M
FELIX-02_mono,FELIX-02,mono,æ,169.237,169.342,8,169.277,109.761,0.237,20.965,+ATR,M
FELIX-02_mono,FELIX-02,mono,æ,169.237,169.342,9,169.282,109.822,0.351,21.612,+ATR,M
FELIX-02_mono,FELIX-02,mono,æ,169.237,169.342,10,169.287,109.88,0.531,21.848,+ATR,M
FELIX-02_mono,FELIX-02,mono,æ,169.237,169.342,11,169.292,109.937,0.509,20.573,+ATR,M
FELIX-02_mono,FELIX-02,mono,æ,169.237,169.342,12,169.297,109.943,0.72,21.882,+ATR,M
FELIX-02_mono,FELIX-02,mono,æ,169.237,169.342,13,169.302,109.937,0.756,20.695,+ATR,M
FELIX-02_mono,FELIX-02,mono,æ,169.237,169.342,14,169.307,109.93,0.843,23.636,+ATR,M
FELIX-02_mono,FELIX-02,mono,æ,169.237,169.342,15,169.312,109.763,0.8,19.914,+ATR,M
FELIX-02_mono,FELIX-02,mono,æ,169.237,169.342,16,169.317,109.556,1.041,17.577,+ATR,M
FELIX-02_mono,FELIX-02,mono,æ,169.237,169.342,17,169.322,109.35,1.104,16.072,+ATR,M
FELIX-02_mono,FELIX-02,mono,æ,169.237,169.342,18,169.327,108.741,1.264,19.426,+ATR,M
FELIX-02_mono,FELIX-02,mono,æ,169.237,169.342,19,169.332,108.033,1.49,19.033,+ATR,M
FELIX-02_mono,FELIX-02,mono,æ,169.237,169.342,20,169.337,107.325,1.744,17.05,+ATR,M
FELIX-02_mono,FELIX-02,mono,æ,169.237,169.342,21,169.342,106.443,2.628,11.409,+ATR,M
FELIX-02_mono,FELIX-02,mono,u,169.439,169.592,1,169.444,120.046,7.366,15.551,+ATR,M
FELIX-02_mono,FELIX-02,mono,u,169.439,169.592,2,169.449,120.37,10.911,11.543,+ATR,M
FELIX-02_mono,FELIX-02,mono,u,169.439,169.592,3,169.454,120.693,11.609,16.159,+ATR,M
FELIX-02_mono,FELIX-02,mono,u,169.439,169.592,4,169.459,120.995,11.79,14.954,+ATR,M
FELIX-02_mono,FELIX-02,mono,u,169.439,169.592,5,169.464,121.235,13.315,15.802,+ATR,M
FELIX-02_mono,FELIX-02,mono,u,169.439,169.592,6,169.469,121.476,14.117,19.117,+ATR,M
FELIX-02_mono,FELIX-02,mono,u,169.439,169.592,7,169.474,121.61,12.603,17,+ATR,M
FELIX-02_mono,FELIX-02,mono,u,169.439,169.592,8,169.479,121.439,11.55,20.203,+ATR,M
FELIX-02_mono,FELIX-02,mono,u,169.439,169.592,9,169.484,121.268,11.393,18.878,+ATR,M
FELIX-02_mono,FELIX-02,mono,u,169.439,169.592,10,169.489,121.08,11.943,19.625,+ATR,M
FELIX-02_mono,FELIX-02,mono,u,169.439,169.592,11,169.494,120.843,11.321,21.031,+ATR,M
FELIX-02_mono,FELIX-02,mono,u,169.439,169.592,12,169.499,120.606,10.527,20.539,+ATR,M
FELIX-02_mono,FELIX-02,mono,u,169.439,169.592,13,169.504,120.411,10.912,19.931,+ATR,M
FELIX-02_mono,FELIX-02,mono,u,169.439,169.592,14,169.509,120.337,11.15,19.816,+ATR,M
FELIX-02_mono,FELIX-02,mono,u,169.439,169.592,15,169.514,120.263,11.457,18.687,+ATR,M
FELIX-02_mono,FELIX-02,mono,u,169.439,169.592,16,169.519,120.248,12.067,19.518,+ATR,M
FELIX-02_mono,FELIX-02,mono,u,169.439,169.592,17,169.524,120.4,13.105,21.731,+ATR,M
FELIX-02_mono,FELIX-02,mono,u,169.439,169.592,18,169.529,120.552,14.596,24.031,+ATR,M
FELIX-02_mono,FELIX-02,mono,u,169.439,169.592,19,169.534,120.721,15.775,21.572,+ATR,M
FELIX-02_mono,FELIX-02,mono,u,169.439,169.592,20,169.539,120.939,17.65,21.423,+ATR,M
FELIX-02_mono,FELIX-02,mono,u,169.439,169.592,21,169.544,121.156,16.977,13.417,+ATR,M
FELIX-02_mono,FELIX-02,mono,u,169.439,169.592,22,169.549,121.254,11.917,15.513,+ATR,M
FELIX-02_mono,FELIX-02,mono,u,169.439,169.592,23,169.554,121.013,8.402,12.496,+ATR,M
FELIX-02_mono,FELIX-02,mono,u,169.439,169.592,24,169.559,120.771,14.838,13.723,+ATR,M
FELIX-02_mono,FELIX-02,mono,u,169.439,169.592,25,169.564,120.253,16.603,14.579,+ATR,M
FELIX-02_mono,FELIX-02,mono,u,169.439,169.592,26,169.569,118.951,15.286,13.052,+ATR,M
FELIX-02_mono,FELIX-02,mono,u,169.439,169.592,27,169.574,117.65,13.73,11.888,+ATR,M
FELIX-02_mono,FELIX-02,mono,u,169.439,169.592,28,169.579,116.148,16.06,14.903,+ATR,M
FELIX-02_mono,FELIX-02,mono,u,169.439,169.592,29,169.584,114.082,14.001,10.722,+ATR,M
FELIX-02_mono,FELIX-02,mono,u,169.439,169.592,30,169.589,112.015,13.584,13.431,+ATR,M
FELIX-02_mono,FELIX-02,mono,ʊ,172.273,172.402,1,172.279,120.2,7.979,14.229,-ATR,M
FELIX-02_mono,FELIX-02,mono,ʊ,172.273,172.402,2,172.284,117.831,4.924,11.476,-ATR,M
FELIX-02_mono,FELIX-02,mono,ʊ,172.273,172.402,3,172.289,115.462,3.213,14.523,-ATR,M
FELIX-02_mono,FELIX-02,mono,ʊ,172.273,172.402,4,172.294,113.174,1.47,14.968,-ATR,M
FELIX-02_mono,FELIX-02,mono,ʊ,172.273,172.402,5,172.299,111.33,0.535,13.842,-ATR,M
FELIX-02_mono,FELIX-02,mono,ʊ,172.273,172.402,6,172.304,109.487,-0.787,19.173,-ATR,M
FELIX-02_mono,FELIX-02,mono,ʊ,172.273,172.402,7,172.309,107.773,-1.127,15.176,-ATR,M
FELIX-02_mono,FELIX-02,mono,ʊ,172.273,172.402,8,172.314,106.784,-1.78,17.092,-ATR,M
FELIX-02_mono,FELIX-02,mono,ʊ,172.273,172.402,9,172.319,105.795,-1.827,12.711,-ATR,M
FELIX-02_mono,FELIX-02,mono,ʊ,172.273,172.402,10,172.324,104.705,-2.553,16.761,-ATR,M
FELIX-02_mono,FELIX-02,mono,ʊ,172.273,172.402,11,172.329,103.057,-2.053,16.61,-ATR,M
FELIX-02_mono,FELIX-02,mono,ʊ,172.273,172.402,12,172.334,101.409,-1.953,15.582,-ATR,M
FELIX-02_mono,FELIX-02,mono,ʊ,172.273,172.402,13,172.339,99.766,-2.619,13.467,-ATR,M
FELIX-02_mono,FELIX-02,mono,ʊ,172.273,172.402,14,172.344,98.151,-2.825,18.851,-ATR,M
FELIX-02_mono,FELIX-02,mono,ʊ,172.273,172.402,15,172.349,96.536,-3.12,14.004,-ATR,M
FELIX-02_mono,FELIX-02,mono,ʊ,172.273,172.402,16,172.354,94.872,-2.663,13.899,-ATR,M
FELIX-02_mono,FELIX-02,mono,ʊ,172.273,172.402,17,172.359,92.937,-2.175,14.796,-ATR,M
FELIX-02_mono,FELIX-02,mono,ʊ,172.273,172.402,18,172.364,91.002,-2.117,15.468,-ATR,M
FELIX-02_mono,FELIX-02,mono,ʊ,172.273,172.402,19,172.369,88.794,-1.998,13.743,-ATR,M
FELIX-02_mono,FELIX-02,mono,ʊ,172.273,172.402,20,172.374,85.063,-4.86,11.799,-ATR,M
FELIX-02_mono,FELIX-02,mono,ʊ,172.273,172.402,21,172.379,81.333,-5.264,12.432,-ATR,M
FELIX-02_mono,FELIX-02,mono,ʊ,172.273,172.402,22,172.384,76.886,-2.812,16.427,-ATR,M
FELIX-02_mono,FELIX-02,mono,ʊ,172.273,172.402,23,172.389,68.456,-6.118,12.852,-ATR,M
FELIX-02_mono,FELIX-02,mono,ʊ,172.273,172.402,24,172.394,60.027,-6.749,12.358,-ATR,M
FELIX-02_mono,FELIX-02,mono,ʊ,172.273,172.402,25,172.399,52.881,-7.192,15.533,-ATR,M
FELIX-02_mono,FELIX-02,mono,o,174.843,174.978,1,174.848,108.977,-0.116,13.207,+ATR,M
FELIX-02_mono,FELIX-02,mono,o,174.843,174.978,2,174.853,109.208,-0.534,13.704,+ATR,M
FELIX-02_mono,FELIX-02,mono,o,174.843,174.978,3,174.858,109.438,-0.493,13.587,+ATR,M
FELIX-02_mono,FELIX-02,mono,o,174.843,174.978,4,174.863,109.725,-0.141,17.668,+ATR,M
FELIX-02_mono,FELIX-02,mono,o,174.843,174.978,5,174.868,110.014,0.714,15.591,+ATR,M
FELIX-02_mono,FELIX-02,mono,o,174.843,174.978,6,174.873,110.302,1.056,13.113,+ATR,M
FELIX-02_mono,FELIX-02,mono,o,174.843,174.978,7,174.878,110.531,1.55,18.453,+ATR,M
FELIX-02_mono,FELIX-02,mono,o,174.843,174.978,8,174.883,110.759,1.184,15.124,+ATR,M
FELIX-02_mono,FELIX-02,mono,o,174.843,174.978,9,174.888,110.987,1.066,21.921,+ATR,M
FELIX-02_mono,FELIX-02,mono,o,174.843,174.978,10,174.893,111.509,1.303,16.098,+ATR,M
FELIX-02_mono,FELIX-02,mono,o,174.843,174.978,11,174.898,112.037,1.766,20.195,+ATR,M
FELIX-02_mono,FELIX-02,mono,o,174.843,174.978,12,174.903,112.565,2.081,17.505,+ATR,M
FELIX-02_mono,FELIX-02,mono,o,174.843,174.978,13,174.908,112.957,2.159,20.817,+ATR,M
FELIX-02_mono,FELIX-02,mono,o,174.843,174.978,14,174.913,113.346,2.428,18.977,+ATR,M
FELIX-02_mono,FELIX-02,mono,o,174.843,174.978,15,174.918,113.735,2.286,17.952,+ATR,M
FELIX-02_mono,FELIX-02,mono,o,174.843,174.978,16,174.923,113.811,2.521,21.134,+ATR,M
FELIX-02_mono,FELIX-02,mono,o,174.843,174.978,17,174.928,113.881,2.151,21.868,+ATR,M
FELIX-02_mono,FELIX-02,mono,o,174.843,174.978,18,174.933,113.951,2.334,20.367,+ATR,M
FELIX-02_mono,FELIX-02,mono,o,174.843,174.978,19,174.938,113.707,2.132,18.368,+ATR,M
FELIX-02_mono,FELIX-02,mono,o,174.843,174.978,20,174.943,113.456,2.094,19.351,+ATR,M
FELIX-02_mono,FELIX-02,mono,o,174.843,174.978,21,174.948,113.206,2.13,17.673,+ATR,M
FELIX-02_mono,FELIX-02,mono,o,174.843,174.978,22,174.953,112.713,2.134,17.312,+ATR,M
FELIX-02_mono,FELIX-02,mono,o,174.843,174.978,23,174.958,112.215,2.746,21.964,+ATR,M
FELIX-02_mono,FELIX-02,mono,o,174.843,174.978,24,174.963,111.718,3.311,16.556,+ATR,M
FELIX-02_mono,FELIX-02,mono,o,174.843,174.978,25,174.968,110.372,4.181,17.696,+ATR,M
FELIX-02_mono,FELIX-02,mono,o,174.843,174.978,26,174.973,109.009,4.721,12.014,+ATR,M
FELIX-02_mono,FELIX-02,mono,o,174.843,174.978,27,174.978,107.646,6.797,13.826,+ATR,M
FELIX-02_mono,FELIX-02,mono,ɔ,177.865,178.016,1,177.87,142.117,14.032,14.913,-ATR,M
FELIX-02_mono,FELIX-02,mono,ɔ,177.865,178.016,2,177.875,141.713,11.635,12.467,-ATR,M
FELIX-02_mono,FELIX-02,mono,ɔ,177.865,178.016,3,177.88,140.692,7.803,21.153,-ATR,M
FELIX-02_mono,FELIX-02,mono,ɔ,177.865,178.016,4,177.885,139.672,5.219,16.735,-ATR,M
FELIX-02_mono,FELIX-02,mono,ɔ,177.865,178.016,5,177.89,138.396,4.072,22.635,-ATR,M
FELIX-02_mono,FELIX-02,mono,ɔ,177.865,178.016,6,177.895,136.731,3.338,16.464,-ATR,M
FELIX-02_mono,FELIX-02,mono,ɔ,177.865,178.016,7,177.9,135.066,4.359,16.094,-ATR,M
FELIX-02_mono,FELIX-02,mono,ɔ,177.865,178.016,8,177.905,133.552,4.058,20.675,-ATR,M
FELIX-02_mono,FELIX-02,mono,ɔ,177.865,178.016,9,177.91,132.27,2.89,17.73,-ATR,M
FELIX-02_mono,FELIX-02,mono,ɔ,177.865,178.016,10,177.915,130.987,1.986,18.671,-ATR,M
FELIX-02_mono,FELIX-02,mono,ɔ,177.865,178.016,11,177.92,129.958,1.505,27.097,-ATR,M
FELIX-02_mono,FELIX-02,mono,ɔ,177.865,178.016,12,177.925,129.314,1.275,25.357,-ATR,M
FELIX-02_mono,FELIX-02,mono,ɔ,177.865,178.016,13,177.93,128.671,1.284,26.219,-ATR,M
FELIX-02_mono,FELIX-02,mono,ɔ,177.865,178.016,14,177.935,128.119,1.482,21.562,-ATR,M
FELIX-02_mono,FELIX-02,mono,ɔ,177.865,178.016,15,177.94,127.706,1.598,20.366,-ATR,M
FELIX-02_mono,FELIX-02,mono,ɔ,177.865,178.016,16,177.945,127.293,1.572,21.661,-ATR,M
FELIX-02_mono,FELIX-02,mono,ɔ,177.865,178.016,17,177.95,126.925,1.738,23.946,-ATR,M
FELIX-02_mono,FELIX-02,mono,ɔ,177.865,178.016,18,177.955,126.625,1.955,22.561,-ATR,M
FELIX-02_mono,FELIX-02,mono,ɔ,177.865,178.016,19,177.96,126.325,2.334,23.192,-ATR,M
FELIX-02_mono,FELIX-02,mono,ɔ,177.865,178.016,20,177.965,126.074,2.213,24.014,-ATR,M
FELIX-02_mono,FELIX-02,mono,ɔ,177.865,178.016,21,177.97,125.897,2.712,20.271,-ATR,M
FELIX-02_mono,FELIX-02,mono,ɔ,177.865,178.016,22,177.975,125.72,4.623,18.585,-ATR,M
FELIX-02_mono,FELIX-02,mono,ɔ,177.865,178.016,23,177.98,125.317,7.838,14.892,-ATR,M
FELIX-02_mono,FELIX-02,mono,ɔ,177.865,178.016,24,177.985,124.568,11.745,13.004,-ATR,M
FELIX-02_mono,FELIX-02,mono,ɔ,177.865,178.016,25,177.99,123.819,16.854,12.041,-ATR,M
FELIX-02_mono,FELIX-02,mono,ɔ,177.865,178.016,26,177.995,123.011,19.454,11.433,-ATR,M
FELIX-02_mono,FELIX-02,mono,ɔ,177.865,178.016,27,178,122.112,21.079,14.359,-ATR,M
FELIX-02_mono,FELIX-02,mono,ɔ,177.865,178.016,28,178.005,121.214,20.601,13.314,-ATR,M
FELIX-02_mono,FELIX-02,mono,ɔ,177.865,178.016,29,178.01,120.671,21.404,13.478,-ATR,M
FELIX-02_mono,FELIX-02,mono,ɔ,177.865,178.016,30,178.015,120.671,12.237,14.652,-ATR,M
FELIX-02_mono,FELIX-02,mono,a,180.558,180.676,1,180.564,0,0,17.785,-ATR,M
FELIX-02_mono,FELIX-02,mono,a,180.558,180.676,2,180.569,0,0,17.713,-ATR,M
FELIX-02_mono,FELIX-02,mono,a,180.558,180.676,3,180.574,0,0,16.522,-ATR,M
FELIX-02_mono,FELIX-02,mono,a,180.558,180.676,4,180.579,0,0,16.36,-ATR,M
FELIX-02_mono,FELIX-02,mono,a,180.558,180.676,5,180.584,105.227,0.966,26.679,-ATR,M
FELIX-02_mono,FELIX-02,mono,a,180.558,180.676,6,180.589,105.268,0.717,27.472,-ATR,M
FELIX-02_mono,FELIX-02,mono,a,180.558,180.676,7,180.594,105.662,0.879,26.205,-ATR,M
FELIX-02_mono,FELIX-02,mono,a,180.558,180.676,8,180.599,106.056,1.292,27.931,-ATR,M
FELIX-02_mono,FELIX-02,mono,a,180.558,180.676,9,180.604,106.408,0.997,23.105,-ATR,M
FELIX-02_mono,FELIX-02,mono,a,180.558,180.676,10,180.609,106.409,0.644,24.702,-ATR,M
FELIX-02_mono,FELIX-02,mono,a,180.558,180.676,11,180.614,106.409,0.36,24.638,-ATR,M
FELIX-02_mono,FELIX-02,mono,a,180.558,180.676,12,180.619,106.417,0.687,25.387,-ATR,M
FELIX-02_mono,FELIX-02,mono,a,180.558,180.676,13,180.624,106.48,0.073,27.589,-ATR,M
FELIX-02_mono,FELIX-02,mono,a,180.558,180.676,14,180.629,106.543,0.078,24.506,-ATR,M
FELIX-02_mono,FELIX-02,mono,a,180.558,180.676,15,180.634,106.601,-0.297,26.772,-ATR,M
FELIX-02_mono,FELIX-02,mono,a,180.558,180.676,16,180.639,106.626,0.124,25.789,-ATR,M
FELIX-02_mono,FELIX-02,mono,a,180.558,180.676,17,180.644,106.65,-0.246,24.532,-ATR,M
FELIX-02_mono,FELIX-02,mono,a,180.558,180.676,18,180.649,106.664,-0.041,21.388,-ATR,M
FELIX-02_mono,FELIX-02,mono,a,180.558,180.676,19,180.654,106.592,-0.174,25.539,-ATR,M
FELIX-02_mono,FELIX-02,mono,a,180.558,180.676,20,180.659,106.519,0.163,22.905,-ATR,M
FELIX-02_mono,FELIX-02,mono,a,180.558,180.676,21,180.664,106.417,0.155,25.984,-ATR,M
FELIX-02_mono,FELIX-02,mono,a,180.558,180.676,22,180.669,106.058,0.31,16.551,-ATR,M
FELIX-02_mono,FELIX-02,mono,a,180.558,180.676,23,180.674,105.699,0.426,18.921,-ATR,M
Mary-018_mono,Mary-018,mono,æ,84.094,84.188,1,84.099,0,0,13.059,+ATR,F
Mary-018_mono,Mary-018,mono,æ,84.094,84.188,2,84.104,211.952,25.266,12.891,+ATR,F
Mary-018_mono,Mary-018,mono,æ,84.094,84.188,3,84.109,211.922,13.583,16.317,+ATR,F
Mary-018_mono,Mary-018,mono,æ,84.094,84.188,4,84.114,211.772,9.438,20.337,+ATR,F
Mary-018_mono,Mary-018,mono,æ,84.094,84.188,5,84.119,211.623,8.337,20.906,+ATR,F
Mary-018_mono,Mary-018,mono,æ,84.094,84.188,6,84.124,211.491,8.842,26.196,+ATR,F
Mary-018_mono,Mary-018,mono,æ,84.094,84.188,7,84.129,211.43,9.485,26.472,+ATR,F
Mary-018_mono,Mary-018,mono,æ,84.094,84.188,8,84.134,211.369,9.768,28.425,+ATR,F
Mary-018_mono,Mary-018,mono,æ,84.094,84.188,9,84.139,211.32,9.788,25.779,+ATR,F
Mary-018_mono,Mary-018,mono,æ,84.094,84.188,10,84.144,211.324,9.807,26.563,+ATR,F
Mary-018_mono,Mary-018,mono,æ,84.094,84.188,11,84.149,211.328,9.797,27.801,+ATR,F
Mary-018_mono,Mary-018,mono,æ,84.094,84.188,12,84.154,211.391,9.83,27.475,+ATR,F
Mary-018_mono,Mary-018,mono,æ,84.094,84.188,13,84.159,211.688,9.953,27.342,+ATR,F
Mary-018_mono,Mary-018,mono,æ,84.094,84.188,14,84.164,211.986,10.793,26.938,+ATR,F
Mary-018_mono,Mary-018,mono,æ,84.094,84.188,15,84.169,212.182,12.167,27.356,+ATR,F
Mary-018_mono,Mary-018,mono,æ,84.094,84.188,16,84.174,211.979,13.37,26.495,+ATR,F
Mary-018_mono,Mary-018,mono,æ,84.094,84.188,17,84.179,211.775,12.51,26.873,+ATR,F
Mary-018_mono,Mary-018,mono,æ,84.094,84.188,18,84.184,211.057,11.966,23.213,+ATR,F
Mary-018_mono,Mary-018,mono,i,84.31,84.444,1,84.315,269.821,-4.458,15.359,+ATR,F
Mary-018_mono,Mary-018,mono,i,84.31,84.444,2,84.32,272.702,-11.148,15.57,+ATR,F
Mary-018_mono,Mary-018,mono,i,84.31,84.444,3,84.325,276.122,-11.99,14.445,+ATR,F
Mary-018_mono,Mary-018,mono,i,84.31,84.444,4,84.33,279.542,-11.859,19.409,+ATR,F
Mary-018_mono,Mary-018,mono,i,84.31,84.444,5,84.335,282.019,-12.547,20.201,+ATR,F
Mary-018_mono,Mary-018,mono,i,84.31,84.444,6,84.34,283.42,-11.415,21.185,+ATR,F
Mary-018_mono,Mary-018,mono,i,84.31,84.444,7,84.345,284.821,-12.828,20.051,+ATR,F
Mary-018_mono,Mary-018,mono,i,84.31,84.444,8,84.35,285.933,-13.153,19.658,+ATR,F
Mary-018_mono,Mary-018,mono,i,84.31,84.444,9,84.355,286.717,-13.102,23.033,+ATR,F
Mary-018_mono,Mary-018,mono,i,84.31,84.444,10,84.36,287.5,-12.944,23.896,+ATR,F
Mary-018_mono,Mary-018,mono,i,84.31,84.444,11,84.365,288.075,-12.006,24.932,+ATR,F
Mary-018_mono,Mary-018,mono,i,84.31,84.444,12,84.37,288.412,-12.439,23.357,+ATR,F
Mary-018_mono,Mary-018,mono,i,84.31,84.444,13,84.375,288.75,-11.101,22.005,+ATR,F
Mary-018_mono,Mary-018,mono,i,84.31,84.444,14,84.38,288.193,-7.737,22.338,+ATR,F
Mary-018_mono,Mary-018,mono,i,84.31,84.444,15,84.385,286.615,-2.38,21.322,+ATR,F
Mary-018_mono,Mary-018,mono,i,84.31,84.444,16,84.39,285.038,-4.652,18.442,+ATR,F
Mary-018_mono,Mary-018,mono,i,84.31,84.444,17,84.395,282.042,-7.782,12.721,+ATR,F
Mary-018_mono,Mary-018,mono,i,84.31,84.444,18,84.4,277.425,-4.58,12.855,+ATR,F
Mary-018_mono,Mary-018,mono,i,84.31,84.444,19,84.405,272.808,2.471,16.796,+ATR,F
Mary-018_mono,Mary-018,mono,i,84.31,84.444,20,84.41,270.768,7.464,14.855,+ATR,F
Mary-018_mono,Mary-018,mono,i,84.31,84.444,21,84.415,271.672,9.434,15.33,+ATR,F
Mary-018_mono,Mary-018,mono,i,84.31,84.444,22,84.42,272.576,5.403,15.202,+ATR,F
Mary-018_mono,Mary-018,mono,i,84.31,84.444,23,84.425,273.058,3.808,12.501,+ATR,F
Mary-018_mono,Mary-018,mono,i,84.31,84.444,24,84.43,273.058,1.933,15.478,+ATR,F
Mary-018_mono,Mary-018,mono,i,84.31,84.444,25,84.435,0,0,15.29,+ATR,F
Mary-018_mono,Mary-018,mono,i,84.31,84.444,26,84.44,0,0,15.629,+ATR,F
Mary-018_mono,Mary-018,mono,ɪ,86.736,86.845,1,86.742,244.312,4.582,13.321,-ATR,F
Mary-018_mono,Mary-018,mono,ɪ,86.736,86.845,2,86.747,246.389,4.656,13.957,-ATR,F
Mary-018_mono,Mary-018,mono,ɪ,86.736,86.845,3,86.752,247.532,5.004,20.255,-ATR,F
Mary-018_mono,Mary-018,mono,ɪ,86.736,86.845,4,86.757,248.302,5.709,23.628,-ATR,F
Mary-018_mono,Mary-018,mono,ɪ,86.736,86.845,5,86.762,249.072,7.017,23.006,-ATR,F
Mary-018_mono,Mary-018,mono,ɪ,86.736,86.845,6,86.767,249.277,8.412,24.043,-ATR,F
Mary-018_mono,Mary-018,mono,ɪ,86.736,86.845,7,86.772,249.256,9.271,23.782,-ATR,F
Mary-018_mono,Mary-018,mono,ɪ,86.736,86.845,8,86.777,249.235,9.648,22.662,-ATR,F
Mary-018_mono,Mary-018,mono,ɪ,86.736,86.845,9,86.782,249.067,10.701,24.758,-ATR,F
Mary-018_mono,Mary-018,mono,ɪ,86.736,86.845,10,86.787,248.841,11.688,22.841,-ATR,F
Mary-018_mono,Mary-018,mono,ɪ,86.736,86.845,11,86.792,248.615,12.67,24.51,-ATR,F
Mary-018_mono,Mary-018,mono,ɪ,86.736,86.845,12,86.797,247.965,13.989,22.203,-ATR,F
Mary-018_mono,Mary-018,mono,ɪ,86.736,86.845,13,86.802,247.144,15.39,23.908,-ATR,F
Mary-018_mono,Mary-018,mono,ɪ,86.736,86.845,14,86.807,246.323,15.775,24.61,-ATR,F
Mary-018_mono,Mary-018,mono,ɪ,86.736,86.845,15,86.812,244.656,16.239,23.903,-ATR,F
Mary-018_mono,Mary-018,mono,ɪ,86.736,86.845,16,86.817,242.649,16.758,20.844,-ATR,F
Mary-018_mono,Mary-018,mono,ɪ,86.736,86.845,17,86.822,240.643,17,21.929,-ATR,F
Mary-018_mono,Mary-018,mono,ɪ,86.736,86.845,18,86.827,237.974,16.331,20.611,-ATR,F
Mary-018_mono,Mary-018,mono,ɪ,86.736,86.845,19,86.832,235.042,15.713,19.569,-ATR,F
Mary-018_mono,Mary-018,mono,ɪ,86.736,86.845,20,86.837,232.109,15.254,19.906,-ATR,F
Mary-018_mono,Mary-018,mono,ɪ,86.736,86.845,21,86.842,228.843,15.032,21.546,-ATR,F
Mary-018_mono,Mary-018,mono,e,88.216,88.296,1,88.221,0,0,16.081,+ATR,F
Mary-018_mono,Mary-018,mono,e,88.216,88.296,2,88.226,209.699,15.707,11.323,+ATR,F
Mary-018_mono,Mary-018,mono,e,88.216,88.296,3,88.231,209.699,17.169,18.636,+ATR,F
Mary-018_mono,Mary-018,mono,e,88.216,88.296,4,88.236,209.842,20.187,17.025,+ATR,F
Mary-018_mono,Mary-018,mono,e,88.216,88.296,5,88.241,210.053,23.497,16.478,+ATR,F
Mary-018_mono,Mary-018,mono,e,88.216,88.296,6,88.246,210.263,23.982,19.732,+ATR,F
Mary-018_mono,Mary-018,mono,e,88.216,88.296,7,88.251,210.466,23.582,20.989,+ATR,F
Mary-018_mono,Mary-018,mono,e,88.216,88.296,8,88.256,210.666,22.11,22.382,+ATR,F
Mary-018_mono,Mary-018,mono,e,88.216,88.296,9,88.261,210.865,20.938,23.76,+ATR,F
Mary-018_mono,Mary-018,mono,e,88.216,88.296,10,88.266,211.362,20.425,23.473,+ATR,F
Mary-018_mono,Mary-018,mono,e,88.216,88.296,11,88.271,212.001,20.817,18.291,+ATR,F
Mary-018_mono,Mary-018,mono,e,88.216,88.296,12,88.276,212.639,21.417,16.588,+ATR,F
Mary-018_mono,Mary-018,mono,e,88.216,88.296,13,88.281,213.325,20.246,21.114,+ATR,F
Mary-018_mono,Mary-018,mono,e,88.216,88.296,14,88.286,214.035,18.402,19.827,+ATR,F
Mary-018_mono,Mary-018,mono,e,88.216,88.296,15,88.291,214.745,15.894,15.535,+ATR,F
Mary-018_mono,Mary-018,mono,e,88.216,88.296,16,88.296,212.035,12.589,12.688,+ATR,F
Mary-018_mono,Mary-018,mono,ɛ,89.392,89.462,1,89.397,180.489,3.177,18.616,-ATR,F
Mary-018_mono,Mary-018,mono,ɛ,89.392,89.462,2,89.402,180.969,3.618,23.692,-ATR,F
Mary-018_mono,Mary-018,mono,ɛ,89.392,89.462,3,89.407,182.757,3.495,16.993,-ATR,F
Mary-018_mono,Mary-018,mono,ɛ,89.392,89.462,4,89.412,184.865,3.843,19.371,-ATR,F
Mary-018_mono,Mary-018,mono,ɛ,89.392,89.462,5,89.417,186.974,4.343,20.845,-ATR,F
Mary-018_mono,Mary-018,mono,ɛ,89.392,89.462,6,89.422,188.501,4.82,21.368,-ATR,F
Mary-018_mono,Mary-018,mono,ɛ,89.392,89.462,7,89.427,189.886,5.238,19.795,-ATR,F
Mary-018_mono,Mary-018,mono,ɛ,89.392,89.462,8,89.432,191.271,5.45,23.121,-ATR,F
Mary-018_mono,Mary-018,mono,ɛ,89.392,89.462,9,89.437,191.987,5.436,22.266,-ATR,F
Mary-018_mono,Mary-018,mono,ɛ,89.392,89.462,10,89.442,192.538,5.153,19.881,-ATR,F
Mary-018_mono,Mary-018,mono,ɛ,89.392,89.462,11,89.447,193.09,4.665,23.984,-ATR,F
Mary-018_mono,Mary-018,mono,ɛ,89.392,89.462,12,89.452,192.943,5.306,21.598,-ATR,F
Mary-018_mono,Mary-018,mono,ɛ,89.392,89.462,13,89.457,192.624,6.467,17.942,-ATR,F
Mary-018_mono,Mary-018,mono,ɛ,89.392,89.462,14,89.462,192.305,12.451,13.718,-ATR,F
Mary-018_mono,Mary-018,mono,u,90.916,91.048,1,90.921,0,0,11.61,+ATR,F
Mary-018_mono,Mary-018,mono,u,90.916,91.048,2,90.926,0,0,13.363,+ATR,F
Mary-018_mono,Mary-018,mono,u,90.916,91.048,3,90.931,0,0,13.576,+ATR,F
Mary-018_mono,Mary-018,mono,u,90.916,91.048,4,90.936,0,0,17.787,+ATR,F
Mary-018_mono,Mary-018,mono,u,90.916,91.048,5,90.941,275.231,-0.655,17.439,+ATR,F
Mary-018_mono,Mary-018,mono,u,90.916,91.048,6,90.946,275.231,-4.546,18.551,+ATR,F
Mary-018_mono,Mary-018,mono,u,90.916,91.048,7,90.951,274.617,-8.907,19.022,+ATR,F
Mary-018_mono,Mary-018,mono,u,90.916,91.048,8,90.956,273.714,-10.012,18.463,+ATR,F
Mary-018_mono,Mary-018,mono,u,90.916,91.048,9,90.961,272.811,-9.927,19.373,+ATR,F
Mary-018_mono,Mary-018,mono,u,90.916,91.048,10,90.966,272.611,-9.831,18.065,+ATR,F
Mary-018_mono,Mary-018,mono,u,90.916,91.048,11,90.971,272.744,-9.868,15.374,+ATR,F
Mary-018_mono,Mary-018,mono,u,90.916,91.048,12,90.976,272.877,-9.36,17.598,+ATR,F
Mary-018_mono,Mary-018,mono,u,90.916,91.048,13,90.981,273.002,-7.894,14.637,+ATR,F
Mary-018_mono,Mary-018,mono,u,90.916,91.048,14,90.986,273.123,-7.025,11.776,+ATR,F
Mary-018_mono,Mary-018,mono,u,90.916,91.048,15,90.991,273.245,-6.872,13.939,+ATR,F
Mary-018_mono,Mary-018,mono,u,90.916,91.048,16,90.996,273.276,-7.001,13.206,+ATR,F
Mary-018_mono,Mary-018,mono,u,90.916,91.048,17,91.001,273.264,-9.548,15.443,+ATR,F
Mary-018_mono,Mary-018,mono,u,90.916,91.048,18,91.006,273.253,-9.082,16.244,+ATR,F
Mary-018_mono,Mary-018,mono,u,90.916,91.048,19,91.011,273.388,-7.869,11.762,+ATR,F
Mary-018_mono,Mary-018,mono,u,90.916,91.048,20,91.016,273.593,-7.771,14.208,+ATR,F
Mary-018_mono,Mary-018,mono,u,90.916,91.048,21,91.021,273.797,-8.533,11.89,+ATR,F
Mary-018_mono,Mary-018,mono,u,90.916,91.048,22,91.026,273.62,-7.96,15.166,+ATR,F
Mary-018_mono,Mary-018,mono,u,90.916,91.048,23,91.031,273.263,-7.017,12.923,+ATR,F
Mary-018_mono,Mary-018,mono,u,90.916,91.048,24,91.036,272.906,-5.493,11.99,+ATR,F
Mary-018_mono,Mary-018,mono,u,90.916,91.048,25,91.041,272.792,-4.446,14.55,+ATR,F
Mary-018_mono,Mary-018,mono,u,90.916,91.048,26,91.046,0,0,16.294,+ATR,F
Mary-018_mono,Mary-018,mono,ʊ,96.483,96.598,1,96.488,0,0,19.512,-ATR,F
Mary-018_mono,Mary-018,mono,ʊ,96.483,96.598,2,96.493,0,0,19.986,-ATR,F
Mary-018_mono,Mary-018,mono,ʊ,96.483,96.598,3,96.498,0,0,22.763,-ATR,F
Mary-018_mono,Mary-018,mono,ʊ,96.483,96.598,4,96.503,0,0,21.761,-ATR,F
Mary-018_mono,Mary-018,mono,ʊ,96.483,96.598,5,96.508,220.322,15.584,16.976,-ATR,F
Mary-018_mono,Mary-018,mono,ʊ,96.483,96.598,6,96.513,220.306,15.14,16.087,-ATR,F
Mary-018_mono,Mary-018,mono,ʊ,96.483,96.598,7,96.518,215.89,15.824,17.327,-ATR,F
Mary-018_mono,Mary-018,mono,ʊ,96.483,96.598,8,96.523,211.474,13.747,17.387,-ATR,F
Mary-018_mono,Mary-018,mono,ʊ,96.483,96.598,9,96.528,207.042,13.948,19.592,-ATR,F
Mary-018_mono,Mary-018,mono,ʊ,96.483,96.598,10,96.533,197.913,17.641,19.86,-ATR,F
Mary-018_mono,Mary-018,mono,ʊ,96.483,96.598,11,96.538,188.784,13.177,20.002,-ATR,F
Mary-018_mono,Mary-018,mono,ʊ,96.483,96.598,12,96.543,179.68,9.006,19.572,-ATR,F
Mary-018_mono,Mary-018,mono,ʊ,96.483,96.598,13,96.548,177.111,6.854,20.146,-ATR,F
Mary-018_mono,Mary-018,mono,ʊ,96.483,96.598,14,96.553,174.543,4.743,19.341,-ATR,F
Mary-018_mono,Mary-018,mono,ʊ,96.483,96.598,15,96.558,171.984,4.743,16.125,-ATR,F
Mary-018_mono,Mary-018,mono,ʊ,96.483,96.598,16,96.563,171.984,5.717,16.712,-ATR,F
Mary-018_mono,Mary-018,mono,ʊ,96.483,96.598,17,96.568,0,0,14.4,-ATR,F
Mary-018_mono,Mary-018,mono,ʊ,96.483,96.598,18,96.573,0,0,12.942,-ATR,F
Mary-018_mono,Mary-018,mono,ʊ,96.483,96.598,19,96.578,0,0,12.227,-ATR,F
Mary-018_mono,Mary-018,mono,ʊ,96.483,96.598,20,96.583,0,0,12.846,-ATR,F
Mary-018_mono,Mary-018,mono,ʊ,96.483,96.598,21,96.588,0,0,11.572,-ATR,F
Mary-018_mono,Mary-018,mono,ʊ,96.483,96.598,22,96.593,0,0,12.566,-ATR,F
Mary-018_mono,Mary-018,mono,ʊ,96.483,96.598,23,96.598,0,0,14.761,-ATR,F
Mary-018_mono,Mary-018,mono,o,97.913,98.026,1,97.919,206.869,12.288,13.604,+ATR,F
Mary-018_mono,Mary-018,mono,o,97.913,98.026,2,97.924,207.1,12.455,18.462,+ATR,F
Mary-018_mono,Mary-018,mono,o,97.913,98.026,3,97.929,208.406,13.973,16.155,+ATR,F
Mary-018_mono,Mary-018,mono,o,97.913,98.026,4,97.934,209.713,16.704,18.548,+ATR,F
Mary-018_mono,Mary-018,mono,o,97.913,98.026,5,97.939,210.85,17.669,22.985,+ATR,F
Mary-018_mono,Mary-018,mono,o,97.913,98.026,6,97.944,211.206,18.243,25.105,+ATR,F
Mary-018_mono,Mary-018,mono,o,97.913,98.026,7,97.949,211.561,18.594,25.574,+ATR,F
Mary-018_mono,Mary-018,mono,o,97.913,98.026,8,97.954,211.884,18.772,25.338,+ATR,F
Mary-018_mono,Mary-018,mono,o,97.913,98.026,9,97.959,212.055,18.565,25.246,+ATR,F
Mary-018_mono,Mary-018,mono,o,97.913,98.026,10,97.964,212.226,18.146,25.671,+ATR,F
Mary-018_mono,Mary-018,mono,o,97.913,98.026,11,97.969,212.524,17.776,28.747,+ATR,F
Mary-018_mono,Mary-018,mono,o,97.913,98.026,12,97.974,213.412,17.015,25.934,+ATR,F
Mary-018_mono,Mary-018,mono,o,97.913,98.026,13,97.979,214.3,16.648,25.886,+ATR,F
Mary-018_mono,Mary-018,mono,o,97.913,98.026,14,97.984,215.24,16.721,26.418,+ATR,F
Mary-018_mono,Mary-018,mono,o,97.913,98.026,15,97.989,216.425,16.541,23.709,+ATR,F
Mary-018_mono,Mary-018,mono,o,97.913,98.026,16,97.994,217.609,17.532,20.037,+ATR,F
Mary-018_mono,Mary-018,mono,o,97.913,98.026,17,97.999,218.655,18.104,20.427,+ATR,F
Mary-018_mono,Mary-018,mono,o,97.913,98.026,18,98.004,219.058,17.993,19.809,+ATR,F
Mary-018_mono,Mary-018,mono,o,97.913,98.026,19,98.009,219.46,16.045,23.248,+ATR,F
Mary-018_mono,Mary-018,mono,o,97.913,98.026,20,98.014,219.867,14.589,19.016,+ATR,F
Mary-018_mono,Mary-018,mono,o,97.913,98.026,21,98.019,220.297,12.884,13.998,+ATR,F
Mary-018_mono,Mary-018,mono,o,97.913,98.026,22,98.024,220.726,10.287,15.846,+ATR,F
Mary-018_mono,Mary-018,mono,ɔ,99.925,100.08,1,99.93,0,0,14.89,-ATR,F
Mary-018_mono,Mary-018,mono,ɔ,99.925,100.08,2,99.935,0,0,17.668,-ATR,F
Mary-018_mono,Mary-018,mono,ɔ,99.925,100.08,3,99.94,0,0,18.771,-ATR,F
Mary-018_mono,Mary-018,mono,ɔ,99.925,100.08,4,99.945,296.245,17.359,22.479,-ATR,F
Mary-018_mono,Mary-018,mono,ɔ,99.925,100.08,5,99.95,294.681,13.827,19.884,-ATR,F
Mary-018_mono,Mary-018,mono,ɔ,99.925,100.08,6,99.955,291.35,11.65,20.273,-ATR,F
Mary-018_mono,Mary-018,mono,ɔ,99.925,100.08,7,99.96,288.02,11.159,23.25,-ATR,F
Mary-018_mono,Mary-018,mono,ɔ,99.925,100.08,8,99.965,284.846,11.064,22.104,-ATR,F
Mary-018_mono,Mary-018,mono,ɔ,99.925,100.08,9,99.97,281.851,12.27,21.784,-ATR,F
Mary-018_mono,Mary-018,mono,ɔ,99.925,100.08,10,99.975,278.855,12.362,20.67,-ATR,F
Mary-018_mono,Mary-018,mono,ɔ,99.925,100.08,11,99.98,276.653,11.539,19.931,-ATR,F
Mary-018_mono,Mary-018,mono,ɔ,99.925,100.08,12,99.985,275.348,11.753,18.863,-ATR,F
Mary-018_mono,Mary-018,mono,ɔ,99.925,100.08,13,99.99,274.043,11.32,21.37,-ATR,F
Mary-018_mono,Mary-018,mono,ɔ,99.925,100.08,14,99.995,273.226,11.639,19.387,-ATR,F
Mary-018_mono,Mary-018,mono,ɔ,99.925,100.08,15,100,272.961,12.845,17.069,-ATR,F
Mary-018_mono,Mary-018,mono,ɔ,99.925,100.08,16,100.005,272.697,14.012,18.075,-ATR,F
Mary-018_mono,Mary-018,mono,ɔ,99.925,100.08,17,100.01,272.848,14.431,17.304,-ATR,F
Mary-018_mono,Mary-018,mono,ɔ,99.925,100.08,18,100.015,273.47,14.962,18.633,-ATR,F
Mary-018_mono,Mary-018,mono,ɔ,99.925,100.08,19,100.02,274.092,15.139,14.401,-ATR,F
Mary-018_mono,Mary-018,mono,ɔ,99.925,100.08,20,100.025,274.487,13.8,20.218,-ATR,F
Mary-018_mono,Mary-018,mono,ɔ,99.925,100.08,21,100.03,274.626,11.684,16.844,-ATR,F
Mary-018_mono,Mary-018,mono,ɔ,99.925,100.08,22,100.035,274.765,8.024,16.985,-ATR,F
Mary-018_mono,Mary-018,mono,ɔ,99.925,100.08,23,100.04,274.052,8.354,15.443,-ATR,F
Mary-018_mono,Mary-018,mono,ɔ,99.925,100.08,24,100.045,272.379,1.863,14.403,-ATR,F
Mary-018_mono,Mary-018,mono,ɔ,99.925,100.08,25,100.05,270.705,4.243,16.738,-ATR,F
Mary-018_mono,Mary-018,mono,ɔ,99.925,100.08,26,100.055,270.016,6.717,13.835,-ATR,F
Mary-018_mono,Mary-018,mono,ɔ,99.925,100.08,27,100.06,270.436,6.995,13.562,-ATR,F
Mary-018_mono,Mary-018,mono,ɔ,99.925,100.08,28,100.065,270.857,8.147,10.268,-ATR,F
Mary-018_mono,Mary-018,mono,ɔ,99.925,100.08,29,100.07,271.08,8.164,16.612,-ATR,F
Mary-018_mono,Mary-018,mono,ɔ,99.925,100.08,30,100.075,271.08,10.021,13.947,-ATR,F
Mary-018_mono,Mary-018,mono,ɔ,99.925,100.08,31,100.08,0,0,14.58,-ATR,F
Mary-018_mono,Mary-018,mono,a,101.166,101.264,1,101.172,181.098,9.06,15.508,-ATR,F
Mary-018_mono,Mary-018,mono,a,101.166,101.264,2,101.177,181.098,7.255,21.112,-ATR,F
Mary-018_mono,Mary-018,mono,a,101.166,101.264,3,101.182,184.221,5.496,19.672,-ATR,F
Mary-018_mono,Mary-018,mono,a,101.166,101.264,4,101.187,188.527,5.106,19.371,-ATR,F
Mary-018_mono,Mary-018,mono,a,101.166,101.264,5,101.192,192.834,5.399,19.622,-ATR,F
Mary-018_mono,Mary-018,mono,a,101.166,101.264,6,101.197,194.3,5.886,21.946,-ATR,F
Mary-018_mono,Mary-018,mono,a,101.166,101.264,7,101.202,194.69,6.285,23.576,-ATR,F
Mary-018_mono,Mary-018,mono,a,101.166,101.264,8,101.207,195.08,6.216,24.889,-ATR,F
Mary-018_mono,Mary-018,mono,a,101.166,101.264,9,101.212,195.265,6.218,24.795,-ATR,F
Mary-018_mono,Mary-018,mono,a,101.166,101.264,10,101.217,195.373,6.368,26.216,-ATR,F
Mary-018_mono,Mary-018,mono,a,101.166,101.264,11,101.222,195.48,6.598,26.883,-ATR,F
Mary-018_mono,Mary-018,mono,a,101.166,101.264,12,101.227,195.93,6.692,21.699,-ATR,F
Mary-018_mono,Mary-018,mono,a,101.166,101.264,13,101.232,196.51,6.652,20.733,-ATR,F
Mary-018_mono,Mary-018,mono,a,101.166,101.264,14,101.237,197.09,6.832,18.368,-ATR,F
Mary-018_mono,Mary-018,mono,a,101.166,101.264,15,101.242,196.932,7.642,17.059,-ATR,F
Mary-018_mono,Mary-018,mono,a,101.166,101.264,16,101.247,196.495,8.669,19.442,-ATR,F
Mary-018_mono,Mary-018,mono,a,101.166,101.264,17,101.252,196.058,9.053,20.515,-ATR,F
Mary-018_mono,Mary-018,mono,a,101.166,101.264,18,101.257,194.148,9.167,14.898,-ATR,F
Mary-018_mono,Mary-018,mono,a,101.166,101.264,19,101.262,191.68,9.82,15.224,-ATR,F
Moses-012_mono,Moses-012,mono,i,85.891,86.084,1,85.896,119.608,5.754,13.341,+ATR,M
Moses-012_mono,Moses-012,mono,i,85.891,86.084,2,85.901,120.526,8.758,17.193,+ATR,M
Moses-012_mono,Moses-012,mono,i,85.891,86.084,3,85.906,121.354,11.816,12.721,+ATR,M
Moses-012_mono,Moses-012,mono,i,85.891,86.084,4,85.911,122.182,11.098,15.476,+ATR,M
Moses-012_mono,Moses-012,mono,i,85.891,86.084,5,85.916,122.473,7.772,13.472,+ATR,M
Moses-012_mono,Moses-012,mono,i,85.891,86.084,6,85.921,122.671,5.674,17.362,+ATR,M
Moses-012_mono,Moses-012,mono,i,85.891,86.084,7,85.926,122.869,6.275,16.613,+ATR,M
Moses-012_mono,Moses-012,mono,i,85.891,86.084,8,85.931,122.656,4.615,16.449,+ATR,M
Moses-012_mono,Moses-012,mono,i,85.891,86.084,9,85.936,122.374,3.145,13.673,+ATR,M
Moses-012_mono,Moses-012,mono,i,85.891,86.084,10,85.941,122.091,2.916,16.601,+ATR,M
Moses-012_mono,Moses-012,mono,i,85.891,86.084,11,85.946,121.855,3.605,22.481,+ATR,M
Moses-012_mono,Moses-012,mono,i,85.891,86.084,12,85.951,121.626,3.658,20.806,+ATR,M
Moses-012_mono,Moses-012,mono,i,85.891,86.084,13,85.956,121.398,3.127,19.395,+ATR,M
Moses-012_mono,Moses-012,mono,i,85.891,86.084,14,85.961,121.432,2.655,21.784,+ATR,M
Moses-012_mono,Moses-012,mono,i,85.891,86.084,15,85.966,121.51,2.364,19.243,+ATR,M
Moses-012_mono,Moses-012,mono,i,85.891,86.084,16,85.971,121.588,1.959,17.795,+ATR,M
Moses-012_mono,Moses-012,mono,i,85.891,86.084,17,85.976,121.722,1.182,19.67,+ATR,M
Moses-012_mono,Moses-012,mono,i,85.891,86.084,18,85.981,121.865,0.926,20.196,+ATR,M
Moses-012_mono,Moses-012,mono,i,85.891,86.084,19,85.986,122.009,0.583,19.548,+ATR,M
Moses-012_mono,Moses-012,mono,i,85.891,86.084,20,85.991,121.952,0.666,20.02,+ATR,M
Moses-012_mono,Moses-012,mono,i,85.891,86.084,21,85.996,121.86,1.078,18.761,+ATR,M
Moses-012_mono,Moses-012,mono,i,85.891,86.084,22,86.001,121.769,1.107,19.193,+ATR,M
Moses-012_mono,Moses-012,mono,i,85.891,86.084,23,86.006,121.416,2.267,20.423,+ATR,M
Moses-012_mono,Moses-012,mono,i,85.891,86.084,24,86.011,121.018,2.67,13.469,+ATR,M
Moses-012_mono,Moses-012,mono,i,85.891,86.084,25,86.016,120.621,2.678,14.851,+ATR,M
Moses-012_mono,Moses-012,mono,i,85.891,86.084,26,86.021,119.949,3.916,11.069,+ATR,M
Moses-012_mono,Moses-012,mono,i,85.891,86.084,27,86.026,119.229,7.413,15.617,+ATR,M
Moses-012_mono,Moses-012,mono,i,85.891,86.084,28,86.031,118.509,10.894,15.513,+ATR,M
Moses-012_mono,Moses-012,mono,i,85.891,86.084,29,86.036,117.806,11.473,13.563,+ATR,M
Moses-012_mono,Moses-012,mono,i,85.891,86.084,30,86.041,117.105,12.124,16.435,+ATR,M
Moses-012_mono,Moses-012,mono,i,85.891,86.084,31,86.046,116.405,13.168,12.651,+ATR,M
Moses-012_mono,Moses-012,mono,i,85.891,86.084,32,86.051,115.589,17.521,15.842,+ATR,M
Moses-012_mono,Moses-012,mono,i,85.891,86.084,33,86.056,114.753,20.926,15.712,+ATR,M
Moses-012_mono,Moses-012,mono,i,85.891,86.084,34,86.061,113.917,19.237,12.663,+ATR,M
Moses-012_mono,Moses-012,mono,i,85.891,86.084,35,86.066,113.033,17.241,12.589,+ATR,M
Moses-012_mono,Moses-012,mono,i,85.891,86.084,36,86.071,112.14,18.443,14.631,+ATR,M
Moses-012_mono,Moses-012,mono,i,85.891,86.084,37,86.076,111.248,15.034,13.542,+ATR,M
Moses-012_mono,Moses-012,mono,i,85.891,86.084,38,86.081,109.805,8.394,12.762,+ATR,M
Moses-012_mono,Moses-012,mono,ɪ,87.1,87.197,1,87.105,112.311,14.671,12.453,-ATR,M
Moses-012_mono,Moses-012,mono,ɪ,87.1,87.197,2,87.11,115.184,4.56,11.475,-ATR,M
Moses-012_mono,Moses-012,mono,ɪ,87.1,87.197,3,87.115,117.188,6.306,12.797,-ATR,M
Moses-012_mono,Moses-012,mono,ɪ,87.1,87.197,4,87.12,118.731,8.533,13.707,-ATR,M
Moses-012_mono,Moses-012,mono,ɪ,87.1,87.197,5,87.125,120.274,9.146,13.806,-ATR,M
Moses-012_mono,Moses-012,mono,ɪ,87.1,87.197,6,87.13,121.999,9.247,14.694,-ATR,M
Moses-012_mono,Moses-012,mono,ɪ,87.1,87.197,7,87.135,123.819,8.915,17.433,-ATR,M
Moses-012_mono,Moses-012,mono,ɪ,87.1,87.197,8,87.14,125.639,8.017,13.015,-ATR,M
Moses-012_mono,Moses-012,mono,ɪ,87.1,87.197,9,87.145,127.036,6.259,18.722,-ATR,M
Moses-012_mono,Moses-012,mono,ɪ,87.1,87.197,10,87.15,128.207,5.127,15.13,-ATR,M
Moses-012_mono,Moses-012,mono,ɪ,87.1,87.197,11,87.155,129.378,4.393,20.606,-ATR,M
Moses-012_mono,Moses-012,mono,ɪ,87.1,87.197,12,87.16,130.447,3.451,16.621,-ATR,M
Moses-012_mono,Moses-012,mono,ɪ,87.1,87.197,13,87.165,131.46,2.971,18.709,-ATR,M
Moses-012_mono,Moses-012,mono,ɪ,87.1,87.197,14,87.17,132.474,2.361,21.543,-ATR,M
Moses-012_mono,Moses-012,mono,ɪ,87.1,87.197,15,87.175,133.368,1.673,22.09,-ATR,M
Moses-012_mono,Moses-012,mono,ɪ,87.1,87.197,16,87.18,134.199,1.056,20.48,-ATR,M
Moses-012_mono,Moses-012,mono,ɪ,87.1,87.197,17,87.185,135.029,0.206,23.712,-ATR,M
Moses-012_mono,Moses-012,mono,ɪ,87.1,87.197,18,87.19,135.687,-0.933,23.331,-ATR,M
Moses-012_mono,Moses-012,mono,ɪ,87.1,87.197,19,87.195,136.253,-1.825,24.449,-ATR,M
Moses-012_mono,Moses-012,mono,e,88.154,88.246,1,88.159,136.227,3.418,14.097,+ATR,M
Moses-012_mono,Moses-012,mono,e,88.154,88.246,2,88.164,135.604,1.413,13.552,+ATR,M
Moses-012_mono,Moses-012,mono,e,88.154,88.246,3,88.169,135.456,-1.472,15.194,+ATR,M
Moses-012_mono,Moses-012,mono,e,88.154,88.246,4,88.174,135.307,-3.072,17.179,+ATR,M
Moses-012_mono,Moses-012,mono,e,88.154,88.246,5,88.179,135.11,-4.523,17.852,+ATR,M
Moses-012_mono,Moses-012,mono,e,88.154,88.246,6,88.184,134.852,-4.989,22.672,+ATR,M
Moses-012_mono,Moses-012,mono,e,88.154,88.246,7,88.189,134.594,-4.83,18.342,+ATR,M
Moses-012_mono,Moses-012,mono,e,88.154,88.246,8,88.194,134.064,-4.729,19.315,+ATR,M
Moses-012_mono,Moses-012,mono,e,88.154,88.246,9,88.199,133.202,-4.442,23.916,+ATR,M
Moses-012_mono,Moses-012,mono,e,88.154,88.246,10,88.204,132.339,-3.943,25.288,+ATR,M
Moses-012_mono,Moses-012,mono,e,88.154,88.246,11,88.209,131.532,-3.816,24.624,+ATR,M
Moses-012_mono,Moses-012,mono,e,88.154,88.246,12,88.214,130.792,-4.004,24.618,+ATR,M
Moses-012_mono,Moses-012,mono,e,88.154,88.246,13,88.219,130.052,-3.753,22.696,+ATR,M
Moses-012_mono,Moses-012,mono,e,88.154,88.246,14,88.224,129.387,-3.782,22.607,+ATR,M
Moses-012_mono,Moses-012,mono,e,88.154,88.246,15,88.229,128.813,-3.979,25.457,+ATR,M
Moses-012_mono,Moses-012,mono,e,88.154,88.246,16,88.234,128.24,-3.599,20.679,+ATR,M
Moses-012_mono,Moses-012,mono,e,88.154,88.246,17,88.239,127.1,-3.148,17.839,+ATR,M
Moses-012_mono,Moses-012,mono,e,88.154,88.246,18,88.244,125.271,-1.676,15.034,+ATR,M
Moses-012_mono,Moses-012,mono,ɛ,89.427,89.517,1,89.433,115.517,0.804,15.537,-ATR,M
Moses-012_mono,Moses-012,mono,ɛ,89.427,89.517,2,89.438,115.505,1.432,14.395,-ATR,M
Moses-012_mono,Moses-012,mono,ɛ,89.427,89.517,3,89.443,115.402,1.703,19.116,-ATR,M
Moses-012_mono,Moses-012,mono,ɛ,89.427,89.517,4,89.448,115.298,1.672,16.754,-ATR,M
Moses-012_mono,Moses-012,mono,ɛ,89.427,89.517,5,89.453,115.233,1.549,13.382,-ATR,M
Moses-012_mono,Moses-012,mono,ɛ,89.427,89.517,6,89.458,115.471,1.834,15.544,-ATR,M
Moses-012_mono,Moses-012,mono,ɛ,89.427,89.517,7,89.463,115.71,2.169,17.985,-ATR,M
Moses-012_mono,Moses-012,mono,ɛ,89.427,89.517,8,89.468,115.942,2.276,18.061,-ATR,M
Moses-012_mono,Moses-012,mono,ɛ,89.427,89.517,9,89.473,116.121,2.241,20.818,-ATR,M
Moses-012_mono,Moses-012,mono,ɛ,89.427,89.517,10,89.478,116.3,2.203,19.596,-ATR,M
Moses-012_mono,Moses-012,mono,ɛ,89.427,89.517,11,89.483,116.436,2.272,20.58,-ATR,M
Moses-012_mono,Moses-012,mono,ɛ,89.427,89.517,12,89.488,116.217,2.504,17.513,-ATR,M
Moses-012_mono,Moses-012,mono,ɛ,89.427,89.517,13,89.493,115.998,2.685,18.418,-ATR,M
Moses-012_mono,Moses-012,mono,ɛ,89.427,89.517,14,89.498,115.721,2.801,15.556,-ATR,M
Moses-012_mono,Moses-012,mono,ɛ,89.427,89.517,15,89.503,114.974,2.978,15.506,-ATR,M
Moses-012_mono,Moses-012,mono,ɛ,89.427,89.517,16,89.508,114.228,2.65,16.594,-ATR,M
Moses-012_mono,Moses-012,mono,ɛ,89.427,89.517,17,89.513,113.165,2.227,14.47,-ATR,M
Moses-012_mono,Moses-012,mono,ɛ,89.427,89.517,18,89.518,109.57,6.338,13.449,-ATR,M
Moses-012_mono,Moses-012,mono,æ,90.608,90.708,1,90.614,0,0,14.977,+ATR,M
Moses-012_mono,Moses-012,mono,æ,90.608,90.708,2,90.619,110.985,5.221,19.959,+ATR,M
Moses-012_mono,Moses-012,mono,æ,90.608,90.708,3,90.624,111.411,2.9,16.567,+ATR,M
Moses-012_mono,Moses-012,mono,æ,90.608,90.708,4,90.629,112.884,2.885,17.224,+ATR,M
Moses-012_mono,Moses-012,mono,æ,90.608,90.708,5,90.634,114.357,4.045,15.977,+ATR,M
Moses-012_mono,Moses-012,mono,æ,90.608,90.708,6,90.639,115.544,4.188,15.327,+ATR,M
Moses-012_mono,Moses-012,mono,æ,90.608,90.708,7,90.644,116.03,3.751,19.876,+ATR,M
Moses-012_mono,Moses-012,mono,æ,90.608,90.708,8,90.649,116.516,3.91,19.613,+ATR,M
Moses-012_mono,Moses-012,mono,æ,90.608,90.708,9,90.654,116.898,3.805,19.207,+ATR,M
Moses-012_mono,Moses-012,mono,æ,90.608,90.708,10,90.659,117.024,3.728,18.366,+ATR,M
Moses-012_mono,Moses-012,mono,æ,90.608,90.708,11,90.664,117.15,3.511,19.515,+ATR,M
Moses-012_mono,Moses-012,mono,æ,90.608,90.708,12,90.669,117.139,3.849,19.075,+ATR,M
Moses-012_mono,Moses-012,mono,æ,90.608,90.708,13,90.674,116.789,3.833,15.758,+ATR,M
Moses-012_mono,Moses-012,mono,æ,90.608,90.708,14,90.679,116.439,4.256,19.57,+ATR,M
Moses-012_mono,Moses-012,mono,æ,90.608,90.708,15,90.684,116.175,4.316,19.146,+ATR,M
Moses-012_mono,Moses-012,mono,æ,90.608,90.708,16,90.689,116.122,3.903,18.149,+ATR,M
Moses-012_mono,Moses-012,mono,æ,90.608,90.708,17,90.694,116.069,3.657,15.408,+ATR,M
Moses-012_mono,Moses-012,mono,æ,90.608,90.708,18,90.699,115.964,2.783,13.553,+ATR,M
Moses-012_mono,Moses-012,mono,æ,90.608,90.708,19,90.704,115.733,4.414,12.604,+ATR,M
Moses-012_mono,Moses-012,mono,æ,90.608,90.708,20,90.709,115.501,5.104,15.891,+ATR,M
Moses-012_mono,Moses-012,mono,u,90.843,91.032,1,90.848,142.641,6.999,14.647,+ATR,M
Moses-012_mono,Moses-012,mono,u,90.843,91.032,2,90.853,144.671,6.215,15.364,+ATR,M
Moses-012_mono,Moses-012,mono,u,90.843,91.032,3,90.858,146.702,7.137,13.935,+ATR,M
Moses-012_mono,Moses-012,mono,u,90.843,91.032,4,90.863,148.827,8.898,16.405,+ATR,M
Moses-012_mono,Moses-012,mono,u,90.843,91.032,5,90.868,151.309,8.446,18.792,+ATR,M
Moses-012_mono,Moses-012,mono,u,90.843,91.032,6,90.873,153.791,8.373,17.435,+ATR,M
Moses-012_mono,Moses-012,mono,u,90.843,91.032,7,90.878,156.105,8.587,17.405,+ATR,M
Moses-012_mono,Moses-012,mono,u,90.843,91.032,8,90.883,157.783,8.992,20.595,+ATR,M
Moses-012_mono,Moses-012,mono,u,90.843,91.032,9,90.888,159.46,9.333,24.241,+ATR,M
Moses-012_mono,Moses-012,mono,u,90.843,91.032,10,90.893,160.92,9.418,27.122,+ATR,M
Moses-012_mono,Moses-012,mono,u,90.843,91.032,11,90.898,161.55,9.252,23.953,+ATR,M
Moses-012_mono,Moses-012,mono,u,90.843,91.032,12,90.903,162.181,9.549,24.127,+ATR,M
Moses-012_mono,Moses-012,mono,u,90.843,91.032,13,90.908,162.774,9.919,26.335,+ATR,M
Moses-012_mono,Moses-012,mono,u,90.843,91.032,14,90.913,163.225,9.807,24.082,+ATR,M
Moses-012_mono,Moses-012,mono,u,90.843,91.032,15,90.918,163.675,9.535,25.212,+ATR,M
Moses-012_mono,Moses-012,mono,u,90.843,91.032,16,90.923,164.092,9.391,24.954,+ATR,M
Moses-012_mono,Moses-012,mono,u,90.843,91.032,17,90.928,164.382,8.97,27.885,+ATR,M
Moses-012_mono,Moses-012,mono,u,90.843,91.032,18,90.933,164.672,8.532,23.913,+ATR,M
Moses-012_mono,Moses-012,mono,u,90.843,91.032,19,90.938,164.914,7.943,25.01,+ATR,M
Moses-012_mono,Moses-012,mono,u,90.843,91.032,20,90.943,164.97,7.29,26.031,+ATR,M
Moses-012_mono,Moses-012,mono,u,90.843,91.032,21,90.948,165.027,6.759,26.131,+ATR,M
Moses-012_mono,Moses-012,mono,u,90.843,91.032,22,90.953,164.904,6.315,24.065,+ATR,M
Moses-012_mono,Moses-012,mono,u,90.843,91.032,23,90.958,164.104,6.354,23.765,+ATR,M
Moses-012_mono,Moses-012,mono,u,90.843,91.032,24,90.963,163.303,6.942,23.832,+ATR,M
Moses-012_mono,Moses-012,mono,u,90.843,91.032,25,90.968,162.325,6.246,15.07,+ATR,M
Moses-012_mono,Moses-012,mono,u,90.843,91.032,26,90.973,160.671,6.42,14.598,+ATR,M
Moses-012_mono,Moses-012,mono,u,90.843,91.032,27,90.978,159.018,6.502,14.222,+ATR,M
Moses-012_mono,Moses-012,mono,u,90.843,91.032,28,90.983,157.421,7.387,14.018,+ATR,M
Moses-012_mono,Moses-012,mono,u,90.843,91.032,29,90.988,156.042,6.656,15.899,+ATR,M
Moses-012_mono,Moses-012,mono,u,90.843,91.032,30,90.993,154.662,6.682,13.543,+ATR,M
Moses-012_mono,Moses-012,mono,u,90.843,91.032,31,90.998,153.041,8.095,13.307,+ATR,M
Moses-012_mono,Moses-012,mono,u,90.843,91.032,32,91.003,150.508,24.511,14.893,+ATR,M
Moses-012_mono,Moses-012,mono,u,90.843,91.032,33,91.008,147.974,19.136,13.03,+ATR,M
Moses-012_mono,Moses-012,mono,u,90.843,91.032,34,91.013,145.796,18.822,15.136,+ATR,M
Moses-012_mono,Moses-012,mono,u,90.843,91.032,35,91.018,144.967,14.279,13.181,+ATR,M
Moses-012_mono,Moses-012,mono,u,90.843,91.032,36,91.023,144.138,12.328,10.814,+ATR,M
Moses-012_mono,Moses-012,mono,u,90.843,91.032,37,91.028,144.835,13.13,13.933,+ATR,M
Moses-012_mono,Moses-012,mono,ʊ,95.867,96.012,1,95.872,149.606,10.882,20.64,-ATR,M
Moses-012_mono,Moses-012,mono,ʊ,95.867,96.012,2,95.877,149.341,7.733,21.347,-ATR,M
Moses-012_mono,Moses-012,mono,ʊ,95.867,96.012,3,95.882,149.075,5.399,22.615,-ATR,M
Moses-012_mono,Moses-012,mono,ʊ,95.867,96.012,4,95.887,148.766,3.697,20.178,-ATR,M
Moses-012_mono,Moses-012,mono,ʊ,95.867,96.012,5,95.892,147.353,2.292,22.188,-ATR,M
Moses-012_mono,Moses-012,mono,ʊ,95.867,96.012,6,95.897,145.94,0.813,21.517,-ATR,M
Moses-012_mono,Moses-012,mono,ʊ,95.867,96.012,7,95.902,144.496,-0.506,19.368,-ATR,M
Moses-012_mono,Moses-012,mono,ʊ,95.867,96.012,8,95.907,142.255,-1.192,22.514,-ATR,M
Moses-012_mono,Moses-012,mono,ʊ,95.867,96.012,9,95.912,140.014,-0.697,22.612,-ATR,M
Moses-012_mono,Moses-012,mono,ʊ,95.867,96.012,10,95.917,137.755,-0.009,19.915,-ATR,M
Moses-012_mono,Moses-012,mono,ʊ,95.867,96.012,11,95.922,135.046,1.634,18.75,-ATR,M
Moses-012_mono,Moses-012,mono,ʊ,95.867,96.012,12,95.927,132.338,2.491,22.289,-ATR,M
Moses-012_mono,Moses-012,mono,ʊ,95.867,96.012,13,95.932,129.667,3.559,15.588,-ATR,M
Moses-012_mono,Moses-012,mono,ʊ,95.867,96.012,14,95.937,127.968,4.95,18.542,-ATR,M
Moses-012_mono,Moses-012,mono,ʊ,95.867,96.012,15,95.942,126.27,5.519,22.16,-ATR,M
Moses-012_mono,Moses-012,mono,ʊ,95.867,96.012,16,95.947,124.574,5.03,19.624,-ATR,M
Moses-012_mono,Moses-012,mono,ʊ,95.867,96.012,17,95.952,122.955,3.861,22.134,-ATR,M
Moses-012_mono,Moses-012,mono,ʊ,95.867,96.012,18,95.957,121.337,3.229,19.003,-ATR,M
Moses-012_mono,Moses-012,mono,ʊ,95.867,96.012,19,95.962,119.7,3.072,19.398,-ATR,M
Moses-012_mono,Moses-012,mono,ʊ,95.867,96.012,20,95.967,117.611,2.122,20.936,-ATR,M
Moses-012_mono,Moses-012,mono,ʊ,95.867,96.012,21,95.972,115.521,0.344,15.243,-ATR,M
Moses-012_mono,Moses-012,mono,ʊ,95.867,96.012,22,95.977,113.51,-0.54,19.023,-ATR,M
Moses-012_mono,Moses-012,mono,ʊ,95.867,96.012,23,95.982,113.51,-0.852,15.613,-ATR,M
Moses-012_mono,Moses-012,mono,ʊ,95.867,96.012,24,95.987,0,0,19.157,-ATR,M
Moses-012_mono,Moses-012,mono,ʊ,95.867,96.012,25,95.992,0,0,14.163,-ATR,M
Moses-012_mono,Moses-012,mono,ʊ,95.867,96.012,26,95.997,0,0,14.048,-ATR,M
Moses-012_mono,Moses-012,mono,ʊ,95.867,96.012,27,96.002,0,0,9.71,-ATR,M
Moses-012_mono,Moses-012,mono,ʊ,95.867,96.012,28,96.007,0,0,10.783,-ATR,M
Moses-012_mono,Moses-012,mono,ʊ,95.867,96.012,29,96.012,0,0,12.394,-ATR,M
Moses-012_mono,Moses-012,mono,o,96.923,97.02,1,96.928,128.469,3.314,12.598,+ATR,M
Moses-012_mono,Moses-012,mono,o,96.923,97.02,2,96.933,128.882,4.795,13,+ATR,M
Moses-012_mono,Moses-012,mono,o,96.923,97.02,3,96.938,129.314,3.89,14.459,+ATR,M
Moses-012_mono,Moses-012,mono,o,96.923,97.02,4,96.943,129.82,1.764,15.798,+ATR,M
Moses-012_mono,Moses-012,mono,o,96.923,97.02,5,96.948,130.326,0.633,13.971,+ATR,M
Moses-012_mono,Moses-012,mono,o,96.923,97.02,6,96.953,130.777,-0.518,20.993,+ATR,M
Moses-012_mono,Moses-012,mono,o,96.923,97.02,7,96.958,131.018,-1.344,20.332,+ATR,M
Moses-012_mono,Moses-012,mono,o,96.923,97.02,8,96.963,131.259,-1.616,20.842,+ATR,M
Moses-012_mono,Moses-012,mono,o,96.923,97.02,9,96.968,131.423,-1.757,21.972,+ATR,M
Moses-012_mono,Moses-012,mono,o,96.923,97.02,10,96.973,131.295,-1.281,21.87,+ATR,M
Moses-012_mono,Moses-012,mono,o,96.923,97.02,11,96.978,131.168,-1.192,21.965,+ATR,M
Moses-012_mono,Moses-012,mono,o,96.923,97.02,12,96.983,130.992,-1.209,21.517,+ATR,M
Moses-012_mono,Moses-012,mono,o,96.923,97.02,13,96.988,130.638,-1.012,23.623,+ATR,M
Moses-012_mono,Moses-012,mono,o,96.923,97.02,14,96.993,130.284,-1.309,25.182,+ATR,M
Moses-012_mono,Moses-012,mono,o,96.923,97.02,15,96.998,129.757,-1.39,18.775,+ATR,M
Moses-012_mono,Moses-012,mono,o,96.923,97.02,16,97.003,128.582,-0.984,15.138,+ATR,M
Moses-012_mono,Moses-012,mono,o,96.923,97.02,17,97.008,127.408,-0.782,14.618,+ATR,M
Moses-012_mono,Moses-012,mono,o,96.923,97.02,18,97.013,126.036,-0.539,12.54,+ATR,M
Moses-012_mono,Moses-012,mono,o,96.923,97.02,19,97.018,123.923,2.023,12.925,+ATR,M
Moses-012_mono,Moses-012,mono,ɔ,98.203,98.417,1,98.208,151.217,10.314,14.274,-ATR,M
Moses-012_mono,Moses-012,mono,ɔ,98.203,98.417,2,98.213,150.88,6.618,17.164,-ATR,M
Moses-012_mono,Moses-012,mono,ɔ,98.203,98.417,3,98.218,150.237,5.556,17.96,-ATR,M
Moses-012_mono,Moses-012,mono,ɔ,98.203,98.417,4,98.223,149.594,5.597,21.504,-ATR,M
Moses-012_mono,Moses-012,mono,ɔ,98.203,98.417,5,98.228,148.927,5.504,26.36,-ATR,M
Moses-012_mono,Moses-012,mono,ɔ,98.203,98.417,6,98.233,148.164,4.724,24.593,-ATR,M
Moses-012_mono,Moses-012,mono,ɔ,98.203,98.417,7,98.238,147.401,4.534,22.659,-ATR,M
Moses-012_mono,Moses-012,mono,ɔ,98.203,98.417,8,98.243,146.618,4.631,21.81,-ATR,M
Moses-012_mono,Moses-012,mono,ɔ,98.203,98.417,9,98.248,145.761,4.917,20.787,-ATR,M
Moses-012_mono,Moses-012,mono,ɔ,98.203,98.417,10,98.253,144.904,5.071,26.147,-ATR,M
Moses-012_mono,Moses-012,mono,ɔ,98.203,98.417,11,98.258,144.148,5.127,27.876,-ATR,M
Moses-012_mono,Moses-012,mono,ɔ,98.203,98.417,12,98.263,143.775,5.235,27.86,-ATR,M
Moses-012_mono,Moses-012,mono,ɔ,98.203,98.417,13,98.268,143.402,4.961,28.69,-ATR,M
Moses-012_mono,Moses-012,mono,ɔ,98.203,98.417,14,98.273,143.116,4.706,27.693,-ATR,M
Moses-012_mono,Moses-012,mono,ɔ,98.203,98.417,15,98.278,143.156,4.688,28.677,-ATR,M
Moses-012_mono,Moses-012,mono,ɔ,98.203,98.417,16,98.283,143.197,4.673,29.748,-ATR,M
Moses-012_mono,Moses-012,mono,ɔ,98.203,98.417,17,98.288,143.247,4.51,29.074,-ATR,M
Moses-012_mono,Moses-012,mono,ɔ,98.203,98.417,18,98.293,143.335,4.601,26.546,-ATR,M
Moses-012_mono,Moses-012,mono,ɔ,98.203,98.417,19,98.298,143.422,4.747,27.849,-ATR,M
Moses-012_mono,Moses-012,mono,ɔ,98.203,98.417,20,98.303,143.486,4.456,25.311,-ATR,M
Moses-012_mono,Moses-012,mono,ɔ,98.203,98.417,21,98.308,143.46,4.089,23.759,-ATR,M
Moses-012_mono,Moses-012,mono,ɔ,98.203,98.417,22,98.313,143.434,4.036,28.206,-ATR,M
Moses-012_mono,Moses-012,mono,ɔ,98.203,98.417,23,98.318,143.461,4.103,27.609,-ATR,M
Moses-012_mono,Moses-012,mono,ɔ,98.203,98.417,24,98.323,143.692,4.023,24.34,-ATR,M
Moses-012_mono,Moses-012,mono,ɔ,98.203,98.417,25,98.328,143.922,4.108,25.101,-ATR,M
Moses-012_mono,Moses-012,mono,ɔ,98.203,98.417,26,98.333,144.225,4.376,23.511,-ATR,M
Moses-012_mono,Moses-012,mono,ɔ,98.203,98.417,27,98.338,144.801,4.542,24.29,-ATR,M
Moses-012_mono,Moses-012,mono,ɔ,98.203,98.417,28,98.343,145.377,4.801,26.042,-ATR,M
Moses-012_mono,Moses-012,mono,ɔ,98.203,98.417,29,98.348,145.902,5.385,25.599,-ATR,M
Moses-012_mono,Moses-012,mono,ɔ,98.203,98.417,30,98.353,146.23,5.649,19.954,-ATR,M
Moses-012_mono,Moses-012,mono,ɔ,98.203,98.417,31,98.358,146.559,5.278,18.611,-ATR,M
Moses-012_mono,Moses-012,mono,ɔ,98.203,98.417,32,98.363,146.824,5.056,21.055,-ATR,M
Moses-012_mono,Moses-012,mono,ɔ,98.203,98.417,33,98.368,146.849,5.775,16.729,-ATR,M
Moses-012_mono,Moses-012,mono,ɔ,98.203,98.417,34,98.373,146.875,7.247,19.544,-ATR,M
Moses-012_mono,Moses-012,mono,ɔ,98.203,98.417,35,98.378,146.859,9.03,20.994,-ATR,M
Moses-012_mono,Moses-012,mono,ɔ,98.203,98.417,36,98.383,146.688,11.406,17.472,-ATR,M
Moses-012_mono,Moses-012,mono,ɔ,98.203,98.417,37,98.388,146.517,14.814,16.568,-ATR,M
Moses-012_mono,Moses-012,mono,ɔ,98.203,98.417,38,98.393,146.134,18.691,12.985,-ATR,M
Moses-012_mono,Moses-012,mono,ɔ,98.203,98.417,39,98.398,144.953,25.284,13.312,-ATR,M
Moses-012_mono,Moses-012,mono,ɔ,98.203,98.417,40,98.403,143.771,30.504,17.699,-ATR,M
Moses-012_mono,Moses-012,mono,ɔ,98.203,98.417,41,98.408,142.605,21.878,14.825,-ATR,M
Moses-012_mono,Moses-012,mono,ɔ,98.203,98.417,42,98.413,141.496,17.644,12.715,-ATR,M
Moses-012_mono,Moses-012,mono,a,99.279,99.41,1,99.285,0,0,14.629,-ATR,M
Moses-012_mono,Moses-012,mono,a,99.279,99.41,2,99.29,0,0,17.731,-ATR,M
Moses-012_mono,Moses-012,mono,a,99.279,99.41,3,99.295,0,0,14.505,-ATR,M
Moses-012_mono,Moses-012,mono,a,99.279,99.41,4,99.3,0,0,23.882,-ATR,M
Moses-012_mono,Moses-012,mono,a,99.279,99.41,5,99.305,107.07,0.507,17.544,-ATR,M
Moses-012_mono,Moses-012,mono,a,99.279,99.41,6,99.31,107.443,0.514,25.257,-ATR,M
Moses-012_mono,Moses-012,mono,a,99.279,99.41,7,99.315,108.215,0.422,16.382,-ATR,M
Moses-012_mono,Moses-012,mono,a,99.279,99.41,8,99.32,108.987,0.522,21.691,-ATR,M
Moses-012_mono,Moses-012,mono,a,99.279,99.41,9,99.325,109.87,1.038,21.18,-ATR,M
Moses-012_mono,Moses-012,mono,a,99.279,99.41,10,99.33,110.873,1.468,20.175,-ATR,M
Moses-012_mono,Moses-012,mono,a,99.279,99.41,11,99.335,111.876,1.848,19.921,-ATR,M
Moses-012_mono,Moses-012,mono,a,99.279,99.41,12,99.34,112.559,2.188,17.485,-ATR,M
Moses-012_mono,Moses-012,mono,a,99.279,99.41,13,99.345,112.9,2.396,22.585,-ATR,M
Moses-012_mono,Moses-012,mono,a,99.279,99.41,14,99.35,113.241,2.683,20.916,-ATR,M
Moses-012_mono,Moses-012,mono,a,99.279,99.41,15,99.355,113.349,2.789,23.902,-ATR,M
Moses-012_mono,Moses-012,mono,a,99.279,99.41,16,99.36,113.208,2.874,21.254,-ATR,M
Moses-012_mono,Moses-012,mono,a,99.279,99.41,17,99.365,113.067,3.022,19.774,-ATR,M
Moses-012_mono,Moses-012,mono,a,99.279,99.41,18,99.37,113.105,2.927,20.889,-ATR,M
Moses-012_mono,Moses-012,mono,a,99.279,99.41,19,99.375,113.334,3.391,23.075,-ATR,M
Moses-012_mono,Moses-012,mono,a,99.279,99.41,20,99.38,113.563,3.391,21.602,-ATR,M
Moses-012_mono,Moses-012,mono,a,99.279,99.41,21,99.385,113.946,3.857,19.664,-ATR,M
Moses-012_mono,Moses-012,mono,a,99.279,99.41,22,99.39,114.492,3.686,12.495,-ATR,M
Moses-012_mono,Moses-012,mono,a,99.279,99.41,23,99.395,115.038,3.496,15.572,-ATR,M
Moses-012_mono,Moses-012,mono,a,99.279,99.41,24,99.4,115.442,2.959,12.355,-ATR,M
Moses-012_mono,Moses-012,mono,a,99.279,99.41,25,99.405,115.693,3.53,14.786,-ATR,M
Moses-012_mono,Moses-012,mono,a,99.279,99.41,26,99.41,115.944,3.398,13.378,-ATR,M
Naura-017_mono,Naura-017,mono,i,71.423,71.597,1,71.428,203.395,9.606,12.942,+ATR,F
Naura-017_mono,Naura-017,mono,i,71.423,71.597,2,71.433,203.395,4.958,14.131,+ATR,F
Naura-017_mono,Naura-017,mono,i,71.423,71.597,3,71.438,203.104,2.624,17.808,+ATR,F
Naura-017_mono,Naura-017,mono,i,71.423,71.597,4,71.443,202.777,2.404,17.319,+ATR,F
Naura-017_mono,Naura-017,mono,i,71.423,71.597,5,71.448,202.45,2.703,18.44,+ATR,F
Naura-017_mono,Naura-017,mono,i,71.423,71.597,6,71.453,202.477,3.093,16.986,+ATR,F
Naura-017_mono,Naura-017,mono,i,71.423,71.597,7,71.458,202.547,3.446,15.688,+ATR,F
Naura-017_mono,Naura-017,mono,i,71.423,71.597,8,71.463,202.618,2.72,17.538,+ATR,F
Naura-017_mono,Naura-017,mono,i,71.423,71.597,9,71.468,202.445,3.161,17.773,+ATR,F
Naura-017_mono,Naura-017,mono,i,71.423,71.597,10,71.473,202.242,3.905,18.076,+ATR,F
Naura-017_mono,Naura-017,mono,i,71.423,71.597,11,71.478,202.039,4.592,18.826,+ATR,F
Naura-017_mono,Naura-017,mono,i,71.423,71.597,12,71.483,201.901,4.777,19.075,+ATR,F
Naura-017_mono,Naura-017,mono,i,71.423,71.597,13,71.488,201.77,5.253,18.336,+ATR,F
Naura-017_mono,Naura-017,mono,i,71.423,71.597,14,71.493,201.64,5.269,11.896,+ATR,F
Naura-017_mono,Naura-017,mono,i,71.423,71.597,15,71.498,202.213,6.377,20.568,+ATR,F
Naura-017_mono,Naura-017,mono,i,71.423,71.597,16,71.503,202.874,7.803,16.369,+ATR,F
Naura-017_mono,Naura-017,mono,i,71.423,71.597,17,71.508,203.534,8.291,15.062,+ATR,F
Naura-017_mono,Naura-017,mono,i,71.423,71.597,18,71.513,205.015,3.372,15.771,+ATR,F
Naura-017_mono,Naura-017,mono,i,71.423,71.597,19,71.518,206.599,2.315,20.144,+ATR,F
Naura-017_mono,Naura-017,mono,i,71.423,71.597,20,71.523,208.182,3.448,21.449,+ATR,F
Naura-017_mono,Naura-017,mono,i,71.423,71.597,21,71.528,208.977,5.769,21.888,+ATR,F
Naura-017_mono,Naura-017,mono,i,71.423,71.597,22,71.533,209.672,7.628,24.13,+ATR,F
Naura-017_mono,Naura-017,mono,i,71.423,71.597,23,71.538,210.368,8.623,20.609,+ATR,F
Naura-017_mono,Naura-017,mono,i,71.423,71.597,24,71.543,210.363,10.736,19.691,+ATR,F
Naura-017_mono,Naura-017,mono,i,71.423,71.597,25,71.548,210.271,11.232,18.498,+ATR,F
Naura-017_mono,Naura-017,mono,i,71.423,71.597,26,71.553,210.179,8.82,13.25,+ATR,F
Naura-017_mono,Naura-017,mono,i,71.423,71.597,27,71.558,209.999,5.965,15.326,+ATR,F
Naura-017_mono,Naura-017,mono,i,71.423,71.597,28,71.563,209.808,2.727,14.299,+ATR,F
Naura-017_mono,Naura-017,mono,i,71.423,71.597,29,71.568,209.616,2.095,13.156,+ATR,F
Naura-017_mono,Naura-017,mono,i,71.423,71.597,30,71.573,209.705,4.465,12.383,+ATR,F
Naura-017_mono,Naura-017,mono,i,71.423,71.597,31,71.578,209.829,10.196,14.337,+ATR,F
Naura-017_mono,Naura-017,mono,i,71.423,71.597,32,71.583,209.954,16.895,11.742,+ATR,F
Naura-017_mono,Naura-017,mono,i,71.423,71.597,33,71.588,209.967,18.685,11.478,+ATR,F
Naura-017_mono,Naura-017,mono,i,71.423,71.597,34,71.593,0,0,15.169,+ATR,F
Naura-017_mono,Naura-017,mono,ɪ,73.576,73.724,1,73.582,192.576,8.852,21.366,-ATR,F
Naura-017_mono,Naura-017,mono,ɪ,73.576,73.724,2,73.587,192.543,7.252,19.345,-ATR,F
Naura-017_mono,Naura-017,mono,ɪ,73.576,73.724,3,73.592,192.511,6.589,24.604,-ATR,F
Naura-017_mono,Naura-017,mono,ɪ,73.576,73.724,4,73.597,192.688,6.558,25.758,-ATR,F
Naura-017_mono,Naura-017,mono,ɪ,73.576,73.724,5,73.602,192.997,6.769,23.78,-ATR,F
Naura-017_mono,Naura-017,mono,ɪ,73.576,73.724,6,73.607,193.307,6.756,28.664,-ATR,F
Naura-017_mono,Naura-017,mono,ɪ,73.576,73.724,7,73.612,193.364,7.07,30.284,-ATR,F
Naura-017_mono,Naura-017,mono,ɪ,73.576,73.724,8,73.617,193.262,7.531,29.948,-ATR,F
Naura-017_mono,Naura-017,mono,ɪ,73.576,73.724,9,73.622,193.16,8.038,28.263,-ATR,F
Naura-017_mono,Naura-017,mono,ɪ,73.576,73.724,10,73.627,193.639,8.634,27.972,-ATR,F
Naura-017_mono,Naura-017,mono,ɪ,73.576,73.724,11,73.632,194.481,9.172,21.248,-ATR,F
Naura-017_mono,Naura-017,mono,ɪ,73.576,73.724,12,73.637,195.324,8.618,26.454,-ATR,F
Naura-017_mono,Naura-017,mono,ɪ,73.576,73.724,13,73.642,196.56,8.042,22.075,-ATR,F
Naura-017_mono,Naura-017,mono,ɪ,73.576,73.724,14,73.647,198.044,7.596,24.794,-ATR,F
Naura-017_mono,Naura-017,mono,ɪ,73.576,73.724,15,73.652,199.527,7.758,26.664,-ATR,F
Naura-017_mono,Naura-017,mono,ɪ,73.576,73.724,16,73.657,200.55,9.219,25.724,-ATR,F
Naura-017_mono,Naura-017,mono,ɪ,73.576,73.724,17,73.662,201.283,12.864,23.24,-ATR,F
Naura-017_mono,Naura-017,mono,ɪ,73.576,73.724,18,73.667,202.016,15.404,21.979,-ATR,F
Naura-017_mono,Naura-017,mono,ɪ,73.576,73.724,19,73.672,202.279,17.48,20.752,-ATR,F
Naura-017_mono,Naura-017,mono,ɪ,73.576,73.724,20,73.677,202.247,18.814,18.113,-ATR,F
Naura-017_mono,Naura-017,mono,ɪ,73.576,73.724,21,73.682,202.214,19.637,16.495,-ATR,F
Naura-017_mono,Naura-017,mono,ɪ,73.576,73.724,22,73.687,202.202,20.68,17.419,-ATR,F
Naura-017_mono,Naura-017,mono,ɪ,73.576,73.724,23,73.692,0,0,16.724,-ATR,F
Naura-017_mono,Naura-017,mono,ɪ,73.576,73.724,24,73.697,0,0,12.966,-ATR,F
Naura-017_mono,Naura-017,mono,ɪ,73.576,73.724,25,73.702,0,0,15.178,-ATR,F
Naura-017_mono,Naura-017,mono,ɪ,73.576,73.724,26,73.707,0,0,14.032,-ATR,F
Naura-017_mono,Naura-017,mono,ɪ,73.576,73.724,27,73.712,0,0,10.65,-ATR,F
Naura-017_mono,Naura-017,mono,ɪ,73.576,73.724,28,73.717,0,0,13.042,-ATR,F
Naura-017_mono,Naura-017,mono,ɪ,73.576,73.724,29,73.722,0,0,14.906,-ATR,F
Naura-017_mono,Naura-017,mono,e,75.747,75.855,1,75.753,208.031,10.628,13.96,+ATR,F
Naura-017_mono,Naura-017,mono,e,75.747,75.855,2,75.758,207.468,10.067,16.01,+ATR,F
Naura-017_mono,Naura-017,mono,e,75.747,75.855,3,75.763,206.756,11.234,17.046,+ATR,F
Naura-017_mono,Naura-017,mono,e,75.747,75.855,4,75.768,206.043,9.294,15.822,+ATR,F
Naura-017_mono,Naura-017,mono,e,75.747,75.855,5,75.773,204.272,8.166,15.01,+ATR,F
Naura-017_mono,Naura-017,mono,e,75.747,75.855,6,75.778,202.22,7.548,15.302,+ATR,F
Naura-017_mono,Naura-017,mono,e,75.747,75.855,7,75.783,200.167,8.488,16.717,+ATR,F
Naura-017_mono,Naura-017,mono,e,75.747,75.855,8,75.788,199.443,7.583,15.761,+ATR,F
Naura-017_mono,Naura-017,mono,e,75.747,75.855,9,75.793,199.073,7.301,17.086,+ATR,F
Naura-017_mono,Naura-017,mono,e,75.747,75.855,10,75.798,198.704,7.41,16.397,+ATR,F
Naura-017_mono,Naura-017,mono,e,75.747,75.855,11,75.803,198.062,7.963,20.361,+ATR,F
Naura-017_mono,Naura-017,mono,e,75.747,75.855,12,75.808,197.348,7.988,19.523,+ATR,F
Naura-017_mono,Naura-017,mono,e,75.747,75.855,13,75.813,196.634,8.185,22.064,+ATR,F
Naura-017_mono,Naura-017,mono,e,75.747,75.855,14,75.818,195.96,8.549,21.031,+ATR,F
Naura-017_mono,Naura-017,mono,e,75.747,75.855,15,75.823,195.298,9.034,20.079,+ATR,F
Naura-017_mono,Naura-017,mono,e,75.747,75.855,16,75.828,194.635,9.332,18.539,+ATR,F
Naura-017_mono,Naura-017,mono,e,75.747,75.855,17,75.833,193.998,9.676,19.129,+ATR,F
Naura-017_mono,Naura-017,mono,e,75.747,75.855,18,75.838,193.367,9.41,20.932,+ATR,F
Naura-017_mono,Naura-017,mono,e,75.747,75.855,19,75.843,192.735,8.778,20.969,+ATR,F
Naura-017_mono,Naura-017,mono,e,75.747,75.855,20,75.848,191.052,8.103,20.152,+ATR,F
Naura-017_mono,Naura-017,mono,e,75.747,75.855,21,75.853,189.087,7.916,11.963,+ATR,F
Naura-017_mono,Naura-017,mono,ɛ,76.875,77.013,1,76.88,186.874,6.979,16.832,-ATR,F
Naura-017_mono,Naura-017,mono,ɛ,76.875,77.013,2,76.885,186.987,8.834,21.831,-ATR,F
Naura-017_mono,Naura-017,mono,ɛ,76.875,77.013,3,76.89,187.101,10.375,18.613,-ATR,F
Naura-017_mono,Naura-017,mono,ɛ,76.875,77.013,4,76.895,187.082,10.841,21.276,-ATR,F
Naura-017_mono,Naura-017,mono,ɛ,76.875,77.013,5,76.9,186.813,10.343,20.726,-ATR,F
Naura-017_mono,Naura-017,mono,ɛ,76.875,77.013,6,76.905,186.544,9.375,16.47,-ATR,F
Naura-017_mono,Naura-017,mono,ɛ,76.875,77.013,7,76.91,186.461,8.969,17.429,-ATR,F
Naura-017_mono,Naura-017,mono,ɛ,76.875,77.013,8,76.915,186.729,9.2,16.648,-ATR,F
Naura-017_mono,Naura-017,mono,ɛ,76.875,77.013,9,76.92,186.996,9.465,23.108,-ATR,F
Naura-017_mono,Naura-017,mono,ɛ,76.875,77.013,10,76.925,187.012,9.886,22.918,-ATR,F
Naura-017_mono,Naura-017,mono,ɛ,76.875,77.013,11,76.93,186.553,10.39,21.498,-ATR,F
Naura-017_mono,Naura-017,mono,ɛ,76.875,77.013,12,76.935,186.095,10.938,25.252,-ATR,F
Naura-017_mono,Naura-017,mono,ɛ,76.875,77.013,13,76.94,185.581,11.334,24.105,-ATR,F
Naura-017_mono,Naura-017,mono,ɛ,76.875,77.013,14,76.945,184.963,11.342,24.84,-ATR,F
Naura-017_mono,Naura-017,mono,ɛ,76.875,77.013,15,76.95,184.345,10.922,27.023,-ATR,F
Naura-017_mono,Naura-017,mono,ɛ,76.875,77.013,16,76.955,183.859,10.483,26.088,-ATR,F
Naura-017_mono,Naura-017,mono,ɛ,76.875,77.013,17,76.96,183.623,9.995,25.498,-ATR,F
Naura-017_mono,Naura-017,mono,ɛ,76.875,77.013,18,76.965,183.387,9.551,26.368,-ATR,F
Naura-017_mono,Naura-017,mono,ɛ,76.875,77.013,19,76.97,183.102,9.484,25.834,-ATR,F
Naura-017_mono,Naura-017,mono,ɛ,76.875,77.013,20,76.975,182.726,10.277,25.674,-ATR,F
Naura-017_mono,Naura-017,mono,ɛ,76.875,77.013,21,76.98,182.349,12.76,23.313,-ATR,F
Naura-017_mono,Naura-017,mono,ɛ,76.875,77.013,22,76.985,182.104,11.725,21.554,-ATR,F
Naura-017_mono,Naura-017,mono,ɛ,76.875,77.013,23,76.99,182.104,7.676,19.05,-ATR,F
Naura-017_mono,Naura-017,mono,ɛ,76.875,77.013,24,76.995,0,0,14.933,-ATR,F
Naura-017_mono,Naura-017,mono,ɛ,76.875,77.013,25,77,0,0,18.069,-ATR,F
Naura-017_mono,Naura-017,mono,ɛ,76.875,77.013,26,77.005,0,0,18.392,-ATR,F
Naura-017_mono,Naura-017,mono,ɛ,76.875,77.013,27,77.01,0,0,16.62,-ATR,F
Naura-017_mono,Naura-017,mono,æ,78.279,78.397,1,78.285,0,0,12.335,+ATR,F
Naura-017_mono,Naura-017,mono,æ,78.279,78.397,2,78.29,0,0,12.547,+ATR,F
Naura-017_mono,Naura-017,mono,æ,78.279,78.397,3,78.295,0,0,15.392,+ATR,F
Naura-017_mono,Naura-017,mono,æ,78.279,78.397,4,78.3,180.435,7.629,15.815,+ATR,F
Naura-017_mono,Naura-017,mono,æ,78.279,78.397,5,78.305,180.837,10.071,17.112,+ATR,F
Naura-017_mono,Naura-017,mono,æ,78.279,78.397,6,78.31,182.386,10.691,11.02,+ATR,F
Naura-017_mono,Naura-017,mono,æ,78.279,78.397,7,78.315,183.935,10.436,13.201,+ATR,F
Naura-017_mono,Naura-017,mono,æ,78.279,78.397,8,78.32,185.055,9.617,13.484,+ATR,F
Naura-017_mono,Naura-017,mono,æ,78.279,78.397,9,78.325,184.952,9.236,14.292,+ATR,F
Naura-017_mono,Naura-017,mono,æ,78.279,78.397,10,78.33,184.849,9.883,13.928,+ATR,F
Naura-017_mono,Naura-017,mono,æ,78.279,78.397,11,78.335,184.642,11.056,14.643,+ATR,F
Naura-017_mono,Naura-017,mono,æ,78.279,78.397,12,78.34,184.139,11.787,13.075,+ATR,F
Naura-017_mono,Naura-017,mono,æ,78.279,78.397,13,78.345,183.635,12.462,14.266,+ATR,F
Naura-017_mono,Naura-017,mono,æ,78.279,78.397,14,78.35,183.158,12.782,19.496,+ATR,F
Naura-017_mono,Naura-017,mono,æ,78.279,78.397,15,78.355,182.758,12.416,17.971,+ATR,F
Naura-017_mono,Naura-017,mono,æ,78.279,78.397,16,78.36,182.357,11.869,19.724,+ATR,F
Naura-017_mono,Naura-017,mono,æ,78.279,78.397,17,78.365,182.039,11.38,20.832,+ATR,F
Naura-017_mono,Naura-017,mono,æ,78.279,78.397,18,78.37,181.956,11.164,20.679,+ATR,F
Naura-017_mono,Naura-017,mono,æ,78.279,78.397,19,78.375,181.873,10.529,17.38,+ATR,F
Naura-017_mono,Naura-017,mono,æ,78.279,78.397,20,78.38,181.766,10.558,17.407,+ATR,F
Naura-017_mono,Naura-017,mono,æ,78.279,78.397,21,78.385,181.59,9.515,13.6,+ATR,F
Naura-017_mono,Naura-017,mono,æ,78.279,78.397,22,78.39,181.414,10.636,13.398,+ATR,F
Naura-017_mono,Naura-017,mono,æ,78.279,78.397,23,78.395,181.284,15.473,14.424,+ATR,F
Naura-017_mono,Naura-017,mono,u,78.575,78.727,1,78.58,0,0,12.69,+ATR,F
Naura-017_mono,Naura-017,mono,u,78.575,78.727,2,78.585,0,0,11.983,+ATR,F
Naura-017_mono,Naura-017,mono,u,78.575,78.727,3,78.59,0,0,13.964,+ATR,F
Naura-017_mono,Naura-017,mono,u,78.575,78.727,4,78.595,0,0,15.848,+ATR,F
Naura-017_mono,Naura-017,mono,u,78.575,78.727,5,78.6,0,0,14.879,+ATR,F
Naura-017_mono,Naura-017,mono,u,78.575,78.727,6,78.605,0,0,16.367,+ATR,F
Naura-017_mono,Naura-017,mono,u,78.575,78.727,7,78.61,0,0,17.347,+ATR,F
Naura-017_mono,Naura-017,mono,u,78.575,78.727,8,78.615,204.141,-1.348,18.193,+ATR,F
Naura-017_mono,Naura-017,mono,u,78.575,78.727,9,78.62,203.392,0.669,20.662,+ATR,F
Naura-017_mono,Naura-017,mono,u,78.575,78.727,10,78.625,201.116,1.172,21.656,+ATR,F
Naura-017_mono,Naura-017,mono,u,78.575,78.727,11,78.63,198.84,1.9,21.298,+ATR,F
Naura-017_mono,Naura-017,mono,u,78.575,78.727,12,78.635,197.247,2.049,21.196,+ATR,F
Naura-017_mono,Naura-017,mono,u,78.575,78.727,13,78.64,197.047,2.905,20.418,+ATR,F
Naura-017_mono,Naura-017,mono,u,78.575,78.727,14,78.645,196.848,3.666,22.012,+ATR,F
Naura-017_mono,Naura-017,mono,u,78.575,78.727,15,78.65,196.658,3.247,21.975,+ATR,F
Naura-017_mono,Naura-017,mono,u,78.575,78.727,16,78.655,196.487,2.371,19.901,+ATR,F
Naura-017_mono,Naura-017,mono,u,78.575,78.727,17,78.66,196.317,2.59,18.372,+ATR,F
Naura-017_mono,Naura-017,mono,u,78.575,78.727,18,78.665,196.061,4.62,16.157,+ATR,F
Naura-017_mono,Naura-017,mono,u,78.575,78.727,19,78.67,195.629,7.611,14.409,+ATR,F
Naura-017_mono,Naura-017,mono,u,78.575,78.727,20,78.675,195.197,8.201,14.543,+ATR,F
Naura-017_mono,Naura-017,mono,u,78.575,78.727,21,78.68,194.814,6.788,13.348,+ATR,F
Naura-017_mono,Naura-017,mono,u,78.575,78.727,22,78.685,194.53,4.709,14.587,+ATR,F
Naura-017_mono,Naura-017,mono,u,78.575,78.727,23,78.69,194.246,3.933,14.071,+ATR,F
Naura-017_mono,Naura-017,mono,u,78.575,78.727,24,78.695,194.011,3.488,13.338,+ATR,F
Naura-017_mono,Naura-017,mono,u,78.575,78.727,25,78.7,193.875,6.885,14.241,+ATR,F
Naura-017_mono,Naura-017,mono,u,78.575,78.727,26,78.705,193.738,9.08,12.065,+ATR,F
Naura-017_mono,Naura-017,mono,u,78.575,78.727,27,78.71,193.647,9.457,14.124,+ATR,F
Naura-017_mono,Naura-017,mono,u,78.575,78.727,28,78.715,193.647,9.115,12.313,+ATR,F
Naura-017_mono,Naura-017,mono,u,78.575,78.727,29,78.72,0,0,11.338,+ATR,F
Naura-017_mono,Naura-017,mono,u,78.575,78.727,30,78.725,0,0,12.746,+ATR,F
Naura-017_mono,Naura-017,mono,ʊ,79.985,80.072,1,79.991,0,0,12.2,+ATR,F
Naura-017_mono,Naura-017,mono,ʊ,79.985,80.072,2,79.996,0,0,11.452,-ATR,F
Naura-017_mono,Naura-017,mono,ʊ,79.985,80.072,3,80.001,0,0,13.24,-ATR,F
Naura-017_mono,Naura-017,mono,ʊ,79.985,80.072,4,80.006,0,0,18.915,-ATR,F
Naura-017_mono,Naura-017,mono,ʊ,79.985,80.072,5,80.011,0,0,20.874,-ATR,F
Naura-017_mono,Naura-017,mono,ʊ,79.985,80.072,6,80.016,0,0,17.608,-ATR,F
Naura-017_mono,Naura-017,mono,ʊ,79.985,80.072,7,80.021,0,0,20.745,-ATR,F
Naura-017_mono,Naura-017,mono,ʊ,79.985,80.072,8,80.026,0,0,22,-ATR,F
Naura-017_mono,Naura-017,mono,ʊ,79.985,80.072,9,80.031,0,0,19.522,-ATR,F
Naura-017_mono,Naura-017,mono,ʊ,79.985,80.072,10,80.036,0,0,19.799,-ATR,F
Naura-017_mono,Naura-017,mono,ʊ,79.985,80.072,11,80.041,0,0,19.949,-ATR,F
Naura-017_mono,Naura-017,mono,ʊ,79.985,80.072,12,80.046,0,0,14.569,-ATR,F
Naura-017_mono,Naura-017,mono,ʊ,79.985,80.072,13,80.051,0,0,13.627,-ATR,F
Naura-017_mono,Naura-017,mono,ʊ,79.985,80.072,14,80.056,0,0,17.342,-ATR,F
Naura-017_mono,Naura-017,mono,ʊ,79.985,80.072,15,80.061,0,0,11.022,-ATR,F
Naura-017_mono,Naura-017,mono,ʊ,79.985,80.072,16,80.066,0,0,12.447,-ATR,F
Naura-017_mono,Naura-017,mono,ʊ,79.985,80.072,17,80.071,0,0,14.322,-ATR,F
Naura-017_mono,Naura-017,mono,o,80.821,80.928,1,80.826,186.366,6.476,14.35,+ATR,F
Naura-017_mono,Naura-017,mono,o,80.821,80.928,2,80.831,188.272,8.746,11.884,+ATR,F
Naura-017_mono,Naura-017,mono,o,80.821,80.928,3,80.836,190.178,10.679,15.307,+ATR,F
Naura-017_mono,Naura-017,mono,o,80.821,80.928,4,80.841,191.853,9.734,16.895,+ATR,F
Naura-017_mono,Naura-017,mono,o,80.821,80.928,5,80.846,193.322,9.493,18.525,+ATR,F
Naura-017_mono,Naura-017,mono,o,80.821,80.928,6,80.851,194.791,10.415,18.394,+ATR,F
Naura-017_mono,Naura-017,mono,o,80.821,80.928,7,80.856,195.624,8.729,16.947,+ATR,F
Naura-017_mono,Naura-017,mono,o,80.821,80.928,8,80.861,195.893,7.584,15.804,+ATR,F
Naura-017_mono,Naura-017,mono,o,80.821,80.928,9,80.866,196.162,6.77,15.633,+ATR,F
Naura-017_mono,Naura-017,mono,o,80.821,80.928,10,80.871,196.333,6.31,15.714,+ATR,F
Naura-017_mono,Naura-017,mono,o,80.821,80.928,11,80.876,196.418,6.928,15.711,+ATR,F
Naura-017_mono,Naura-017,mono,o,80.821,80.928,12,80.881,196.503,6.636,17.49,+ATR,F
Naura-017_mono,Naura-017,mono,o,80.821,80.928,13,80.886,196.616,6.078,16.133,+ATR,F
Naura-017_mono,Naura-017,mono,o,80.821,80.928,14,80.891,196.754,5.63,16.415,+ATR,F
Naura-017_mono,Naura-017,mono,o,80.821,80.928,15,80.896,196.893,5.585,15.696,+ATR,F
Naura-017_mono,Naura-017,mono,o,80.821,80.928,16,80.901,196.958,4.959,16.198,+ATR,F
Naura-017_mono,Naura-017,mono,o,80.821,80.928,17,80.906,0,0,16.933,+ATR,F
Naura-017_mono,Naura-017,mono,o,80.821,80.928,18,80.911,0,0,15.881,+ATR,F
Naura-017_mono,Naura-017,mono,o,80.821,80.928,19,80.916,0,0,15.968,+ATR,F
Naura-017_mono,Naura-017,mono,o,80.821,80.928,20,80.921,0,0,19.223,+ATR,F
Naura-017_mono,Naura-017,mono,o,80.821,80.928,21,80.926,0,0,16.379,+ATR,F
Naura-017_mono,Naura-017,mono,ɔ,84.005,84.126,1,84.011,0,0,16.184,-ATR,F
Naura-017_mono,Naura-017,mono,ɔ,84.005,84.126,2,84.016,222.742,17.893,11.016,-ATR,F
Naura-017_mono,Naura-017,mono,ɔ,84.005,84.126,3,84.021,222.23,16.053,15.2,-ATR,F
Naura-017_mono,Naura-017,mono,ɔ,84.005,84.126,4,84.026,220.93,14.101,20.195,-ATR,F
Naura-017_mono,Naura-017,mono,ɔ,84.005,84.126,5,84.031,219.63,13.002,23.922,-ATR,F
Naura-017_mono,Naura-017,mono,ɔ,84.005,84.126,6,84.036,218.55,12.257,26.17,-ATR,F
Naura-017_mono,Naura-017,mono,ɔ,84.005,84.126,7,84.041,217.81,11.579,26.076,-ATR,F
Naura-017_mono,Naura-017,mono,ɔ,84.005,84.126,8,84.046,217.069,11.215,26.661,-ATR,F
Naura-017_mono,Naura-017,mono,ɔ,84.005,84.126,9,84.051,216.358,11.171,23.614,-ATR,F
Naura-017_mono,Naura-017,mono,ɔ,84.005,84.126,10,84.056,215.693,11.27,26.152,-ATR,F
Naura-017_mono,Naura-017,mono,ɔ,84.005,84.126,11,84.061,215.027,11.543,25.797,-ATR,F
Naura-017_mono,Naura-017,mono,ɔ,84.005,84.126,12,84.066,214.418,12.166,23.944,-ATR,F
Naura-017_mono,Naura-017,mono,ɔ,84.005,84.126,13,84.071,213.898,13.075,24.644,-ATR,F
Naura-017_mono,Naura-017,mono,ɔ,84.005,84.126,14,84.076,213.378,13.926,23.823,-ATR,F
Naura-017_mono,Naura-017,mono,ɔ,84.005,84.126,15,84.081,212.909,15.023,21.5,-ATR,F
Naura-017_mono,Naura-017,mono,ɔ,84.005,84.126,16,84.086,212.52,17.068,21.302,-ATR,F
Naura-017_mono,Naura-017,mono,ɔ,84.005,84.126,17,84.091,212.13,19.8,19.448,-ATR,F
Naura-017_mono,Naura-017,mono,ɔ,84.005,84.126,18,84.096,211.575,23.296,13.754,-ATR,F
Naura-017_mono,Naura-017,mono,ɔ,84.005,84.126,19,84.101,210.766,27.659,13.216,-ATR,F
Naura-017_mono,Naura-017,mono,ɔ,84.005,84.126,20,84.106,209.956,33.537,14.015,-ATR,F
Naura-017_mono,Naura-017,mono,ɔ,84.005,84.126,21,84.111,209.465,33.5,12.322,-ATR,F
Naura-017_mono,Naura-017,mono,ɔ,84.005,84.126,22,84.116,209.465,26.373,13.604,-ATR,F
Naura-017_mono,Naura-017,mono,ɔ,84.005,84.126,23,84.121,0,0,15.812,-ATR,F
Naura-017_mono,Naura-017,mono,ɔ,84.005,84.126,24,84.126,0,0,14.132,-ATR,F
Naura-017_mono,Naura-017,mono,a,85.447,85.561,1,85.452,0,0,18.016,-ATR,F
Naura-017_mono,Naura-017,mono,a,85.447,85.561,2,85.457,0,0,19.257,-ATR,F
Naura-017_mono,Naura-017,mono,a,85.447,85.561,3,85.462,0,0,18.227,-ATR,F
Naura-017_mono,Naura-017,mono,a,85.447,85.561,4,85.467,0,0,15.03,-ATR,F
Naura-017_mono,Naura-017,mono,a,85.447,85.561,5,85.472,0,0,16.013,-ATR,F
Naura-017_mono,Naura-017,mono,a,85.447,85.561,6,85.477,0,0,21.217,-ATR,F
Naura-017_mono,Naura-017,mono,a,85.447,85.561,7,85.482,183.945,14.645,14.454,-ATR,F
Naura-017_mono,Naura-017,mono,a,85.447,85.561,8,85.487,183.945,16.278,15.446,-ATR,F
Naura-017_mono,Naura-017,mono,a,85.447,85.561,9,85.492,183.501,14.485,13.727,-ATR,F
Naura-017_mono,Naura-017,mono,a,85.447,85.561,10,85.497,182.899,12.658,16.331,-ATR,F
Naura-017_mono,Naura-017,mono,a,85.447,85.561,11,85.502,182.296,12.101,23.021,-ATR,F
Naura-017_mono,Naura-017,mono,a,85.447,85.561,12,85.507,182.273,12.551,22.09,-ATR,F
Naura-017_mono,Naura-017,mono,a,85.447,85.561,13,85.512,182.458,12.936,18.533,-ATR,F
Naura-017_mono,Naura-017,mono,a,85.447,85.561,14,85.517,182.643,12.411,19.199,-ATR,F
Naura-017_mono,Naura-017,mono,a,85.447,85.561,15,85.522,182.776,12.094,24.314,-ATR,F
Naura-017_mono,Naura-017,mono,a,85.447,85.561,16,85.527,182.891,12.195,24.486,-ATR,F
Naura-017_mono,Naura-017,mono,a,85.447,85.561,17,85.532,183.006,12.431,24.904,-ATR,F
Naura-017_mono,Naura-017,mono,a,85.447,85.561,18,85.537,182.707,12.426,25.489,-ATR,F
Naura-017_mono,Naura-017,mono,a,85.447,85.561,19,85.542,182.258,12.132,23.698,-ATR,F
Naura-017_mono,Naura-017,mono,a,85.447,85.561,20,85.547,181.809,11.87,24.1,-ATR,F
Naura-017_mono,Naura-017,mono,a,85.447,85.561,21,85.552,181.358,12.843,22.811,-ATR,F
Naura-017_mono,Naura-017,mono,a,85.447,85.561,22,85.557,180.905,14.274,16.045,-ATR,F
Osei-016_mono,Osei-016,mono,i,124.916,125.041,1,124.922,174.842,5.832,14.676,+ATR,M
Osei-016_mono,Osei-016,mono,i,124.916,125.041,2,124.927,180.476,6.742,11.933,+ATR,M
Osei-016_mono,Osei-016,mono,i,124.916,125.041,3,124.932,186.232,10.344,13.53,+ATR,M
Osei-016_mono,Osei-016,mono,i,124.916,125.041,4,124.937,191.994,14.523,15.697,+ATR,M
Osei-016_mono,Osei-016,mono,i,124.916,125.041,5,124.942,197.756,19.177,14.45,+ATR,M
Osei-016_mono,Osei-016,mono,i,124.916,125.041,6,124.947,201.129,21.854,14.667,+ATR,M
Osei-016_mono,Osei-016,mono,i,124.916,125.041,7,124.952,204.383,23.993,18.945,+ATR,M
Osei-016_mono,Osei-016,mono,i,124.916,125.041,8,124.957,207.637,25.023,19.711,+ATR,M
Osei-016_mono,Osei-016,mono,i,124.916,125.041,9,124.962,209.41,27.847,21.706,+ATR,M
Osei-016_mono,Osei-016,mono,i,124.916,125.041,10,124.967,211.109,30.121,22.296,+ATR,M
Osei-016_mono,Osei-016,mono,i,124.916,125.041,11,124.972,212.808,32.505,23.387,+ATR,M
Osei-016_mono,Osei-016,mono,i,124.916,125.041,12,124.977,214.225,34.861,18.993,+ATR,M
Osei-016_mono,Osei-016,mono,i,124.916,125.041,13,124.982,215.628,36.509,20.65,+ATR,M
Osei-016_mono,Osei-016,mono,i,124.916,125.041,14,124.987,217.031,32.51,18.669,+ATR,M
Osei-016_mono,Osei-016,mono,i,124.916,125.041,15,124.992,217.139,27.617,18.334,+ATR,M
Osei-016_mono,Osei-016,mono,i,124.916,125.041,16,124.997,217.184,21.092,17.697,+ATR,M
Osei-016_mono,Osei-016,mono,i,124.916,125.041,17,125.002,217.228,10.584,14.05,+ATR,M
Osei-016_mono,Osei-016,mono,i,124.916,125.041,18,125.007,216.104,1.496,14.394,+ATR,M
Osei-016_mono,Osei-016,mono,i,124.916,125.041,19,125.012,214.922,2.993,10.838,+ATR,M
Osei-016_mono,Osei-016,mono,i,124.916,125.041,20,125.017,213.739,15.609,15.671,+ATR,M
Osei-016_mono,Osei-016,mono,i,124.916,125.041,21,125.022,212.573,11.402,14.509,+ATR,M
Osei-016_mono,Osei-016,mono,i,124.916,125.041,22,125.027,211.408,9.547,11.944,+ATR,M
Osei-016_mono,Osei-016,mono,i,124.916,125.041,23,125.032,210.243,10.275,13.003,+ATR,M
Osei-016_mono,Osei-016,mono,i,124.916,125.041,24,125.037,211.905,4.558,14.111,+ATR,M
Osei-016_mono,Osei-016,mono,i,124.916,125.041,25,125.042,213.707,17.849,17.518,+ATR,M
Osei-016_mono,Osei-016,mono,ɪ,129.004,129.111,1,129.009,163.392,8.536,14.227,-ATR,M
Osei-016_mono,Osei-016,mono,ɪ,129.004,129.111,2,129.014,166.069,9.648,14.495,-ATR,M
Osei-016_mono,Osei-016,mono,ɪ,129.004,129.111,3,129.019,168.746,8.443,15.557,-ATR,M
Osei-016_mono,Osei-016,mono,ɪ,129.004,129.111,4,129.024,171.215,8.522,16.257,-ATR,M
Osei-016_mono,Osei-016,mono,ɪ,129.004,129.111,5,129.029,173.412,7.56,17.587,-ATR,M
Osei-016_mono,Osei-016,mono,ɪ,129.004,129.111,6,129.034,175.608,6.223,19.92,-ATR,M
Osei-016_mono,Osei-016,mono,ɪ,129.004,129.111,7,129.039,177.626,5.765,21.521,-ATR,M
Osei-016_mono,Osei-016,mono,ɪ,129.004,129.111,8,129.044,179.409,6.315,24.239,-ATR,M
Osei-016_mono,Osei-016,mono,ɪ,129.004,129.111,9,129.049,181.193,5.979,25.675,-ATR,M
Osei-016_mono,Osei-016,mono,ɪ,129.004,129.111,10,129.054,182.224,5.918,27.507,-ATR,M
Osei-016_mono,Osei-016,mono,ɪ,129.004,129.111,11,129.059,182.266,5.961,26.462,-ATR,M
Osei-016_mono,Osei-016,mono,ɪ,129.004,129.111,12,129.064,182.309,6.032,25.801,-ATR,M
Osei-016_mono,Osei-016,mono,ɪ,129.004,129.111,13,129.069,181.835,6.217,25.112,-ATR,M
Osei-016_mono,Osei-016,mono,ɪ,129.004,129.111,14,129.074,180.683,6.63,25.232,-ATR,M
Osei-016_mono,Osei-016,mono,ɪ,129.004,129.111,15,129.079,179.531,7.09,23.204,-ATR,M
Osei-016_mono,Osei-016,mono,ɪ,129.004,129.111,16,129.084,178.193,6.944,22.109,-ATR,M
Osei-016_mono,Osei-016,mono,ɪ,129.004,129.111,17,129.089,176.611,6.393,22.105,-ATR,M
Osei-016_mono,Osei-016,mono,ɪ,129.004,129.111,18,129.094,175.029,4.845,22.549,-ATR,M
Osei-016_mono,Osei-016,mono,ɪ,129.004,129.111,19,129.099,173.534,2.453,22.069,-ATR,M
Osei-016_mono,Osei-016,mono,ɪ,129.004,129.111,20,129.104,172.152,0.38,19.317,-ATR,M
Osei-016_mono,Osei-016,mono,ɪ,129.004,129.111,21,129.109,170.77,-1.323,19.929,-ATR,M
Osei-016_mono,Osei-016,mono,e,130.296,130.398,1,130.302,168.584,7.295,12.139,+ATR,M
Osei-016_mono,Osei-016,mono,e,130.296,130.398,2,130.307,168.122,10.208,13.08,+ATR,M
Osei-016_mono,Osei-016,mono,e,130.296,130.398,3,130.312,167.661,10.461,15.51,+ATR,M
Osei-016_mono,Osei-016,mono,e,130.296,130.398,4,130.317,167.057,8.828,14.355,+ATR,M
Osei-016_mono,Osei-016,mono,e,130.296,130.398,5,130.322,166.443,3.668,16.714,+ATR,M
Osei-016_mono,Osei-016,mono,e,130.296,130.398,6,130.327,165.829,-0.361,17.628,+ATR,M
Osei-016_mono,Osei-016,mono,e,130.296,130.398,7,130.332,164.843,-1.996,19.368,+ATR,M
Osei-016_mono,Osei-016,mono,e,130.296,130.398,8,130.337,163.833,-2.82,20.223,+ATR,M
Osei-016_mono,Osei-016,mono,e,130.296,130.398,9,130.342,162.823,-3.211,24.754,+ATR,M
Osei-016_mono,Osei-016,mono,e,130.296,130.398,10,130.347,162.176,-3.169,25.397,+ATR,M
Osei-016_mono,Osei-016,mono,e,130.296,130.398,11,130.352,161.554,-3.286,25.61,+ATR,M
Osei-016_mono,Osei-016,mono,e,130.296,130.398,12,130.357,160.932,-3.831,26.417,+ATR,M
Osei-016_mono,Osei-016,mono,e,130.296,130.398,13,130.362,160.615,-4.544,26.047,+ATR,M
Osei-016_mono,Osei-016,mono,e,130.296,130.398,14,130.367,160.318,-4.611,27.019,+ATR,M
Osei-016_mono,Osei-016,mono,e,130.296,130.398,15,130.372,160.022,-4.193,24.738,+ATR,M
Osei-016_mono,Osei-016,mono,e,130.296,130.398,16,130.377,160.079,-3.411,24.918,+ATR,M
Osei-016_mono,Osei-016,mono,e,130.296,130.398,17,130.382,160.159,-2.136,20.433,+ATR,M
Osei-016_mono,Osei-016,mono,e,130.296,130.398,18,130.387,160.24,0.148,15.873,+ATR,M
Osei-016_mono,Osei-016,mono,e,130.296,130.398,19,130.392,160.233,4.791,12.828,+ATR,M
Osei-016_mono,Osei-016,mono,e,130.296,130.398,20,130.397,160.221,9.445,11.866,+ATR,M
Osei-016_mono,Osei-016,mono,ɛ,132.259,132.322,1,132.264,0,0,11.856,-ATR,M
Osei-016_mono,Osei-016,mono,ɛ,132.259,132.322,2,132.269,0,0,16.95,-ATR,M
Osei-016_mono,Osei-016,mono,ɛ,132.259,132.322,3,132.274,149.399,5.856,15.236,-ATR,M
Osei-016_mono,Osei-016,mono,ɛ,132.259,132.322,4,132.279,149.457,5.693,21.798,-ATR,M
Osei-016_mono,Osei-016,mono,ɛ,132.259,132.322,5,132.284,149.59,6.244,18.979,-ATR,M
Osei-016_mono,Osei-016,mono,ɛ,132.259,132.322,6,132.289,149.723,6.079,15.839,-ATR,M
Osei-016_mono,Osei-016,mono,ɛ,132.259,132.322,7,132.294,149.59,6.268,15.823,-ATR,M
Osei-016_mono,Osei-016,mono,ɛ,132.259,132.322,8,132.299,149.117,7.221,18.742,-ATR,M
Osei-016_mono,Osei-016,mono,ɛ,132.259,132.322,9,132.304,148.643,8.159,21.352,-ATR,M
Osei-016_mono,Osei-016,mono,ɛ,132.259,132.322,10,132.309,148.216,8.599,17.25,-ATR,M
Osei-016_mono,Osei-016,mono,ɛ,132.259,132.322,11,132.314,147.85,10.385,21.707,-ATR,M
Osei-016_mono,Osei-016,mono,ɛ,132.259,132.322,12,132.319,147.484,10.285,12.522,-ATR,M
Osei-016_mono,Osei-016,mono,æ,133.556,133.656,1,133.561,0,0,13.818,+ATR,M
Osei-016_mono,Osei-016,mono,æ,133.556,133.656,2,133.566,0,0,14.964,+ATR,M
Osei-016_mono,Osei-016,mono,æ,133.556,133.656,3,133.571,0,0,14.875,+ATR,M
Osei-016_mono,Osei-016,mono,æ,133.556,133.656,4,133.576,0,0,16.143,+ATR,M
Osei-016_mono,Osei-016,mono,æ,133.556,133.656,5,133.581,0,0,23.523,+ATR,M
Osei-016_mono,Osei-016,mono,æ,133.556,133.656,6,133.586,0,0,18.079,+ATR,M
Osei-016_mono,Osei-016,mono,æ,133.556,133.656,7,133.591,135.856,8.202,18.523,+ATR,M
Osei-016_mono,Osei-016,mono,æ,133.556,133.656,8,133.596,135.856,8.62,20.459,+ATR,M
Osei-016_mono,Osei-016,mono,æ,133.556,133.656,9,133.601,136.099,8.682,23.554,+ATR,M
Osei-016_mono,Osei-016,mono,æ,133.556,133.656,10,133.606,136.38,8.274,18.224,+ATR,M
Osei-016_mono,Osei-016,mono,æ,133.556,133.656,11,133.611,136.662,7.709,17.236,+ATR,M
Osei-016_mono,Osei-016,mono,æ,133.556,133.656,12,133.616,136.715,7.184,19.123,+ATR,M
Osei-016_mono,Osei-016,mono,æ,133.556,133.656,13,133.621,136.731,6.842,20.776,+ATR,M
Osei-016_mono,Osei-016,mono,æ,133.556,133.656,14,133.626,136.747,7.153,16.803,+ATR,M
Osei-016_mono,Osei-016,mono,æ,133.556,133.656,15,133.631,137.293,7.782,21.364,+ATR,M
Osei-016_mono,Osei-016,mono,æ,133.556,133.656,16,133.636,137.924,7.022,18.776,+ATR,M
Osei-016_mono,Osei-016,mono,æ,133.556,133.656,17,133.641,138.555,5.63,21.617,+ATR,M
Osei-016_mono,Osei-016,mono,æ,133.556,133.656,18,133.646,138.42,4.969,15.233,+ATR,M
Osei-016_mono,Osei-016,mono,æ,133.556,133.656,19,133.651,138.163,6.649,13.415,+ATR,M
Osei-016_mono,Osei-016,mono,æ,133.556,133.656,20,133.656,137.906,10.01,12.76,+ATR,M
Osei-016_mono,Osei-016,mono,u,133.763,133.879,1,133.768,166.434,9.308,14.069,+ATR,M
Osei-016_mono,Osei-016,mono,u,133.763,133.879,2,133.773,169.037,5.19,11.715,+ATR,M
Osei-016_mono,Osei-016,mono,u,133.763,133.879,3,133.778,171.623,2.402,13.817,+ATR,M
Osei-016_mono,Osei-016,mono,u,133.763,133.879,4,133.783,174.149,0.599,12.674,+ATR,M
Osei-016_mono,Osei-016,mono,u,133.763,133.879,5,133.788,176.676,-0.319,12.991,+ATR,M
Osei-016_mono,Osei-016,mono,u,133.763,133.879,6,133.793,179.264,-0.1,13.384,+ATR,M
Osei-016_mono,Osei-016,mono,u,133.763,133.879,7,133.798,182.08,-0.527,15.047,+ATR,M
Osei-016_mono,Osei-016,mono,u,133.763,133.879,8,133.803,184.896,-0.156,13.796,+ATR,M
Osei-016_mono,Osei-016,mono,u,133.763,133.879,9,133.808,187.69,0.977,14.624,+ATR,M
Osei-016_mono,Osei-016,mono,u,133.763,133.879,10,133.813,190.403,1.62,13.863,+ATR,M
Osei-016_mono,Osei-016,mono,u,133.763,133.879,11,133.818,193.116,-0.2,15.868,+ATR,M
Osei-016_mono,Osei-016,mono,u,133.763,133.879,12,133.823,195.356,-1.248,18.519,+ATR,M
Osei-016_mono,Osei-016,mono,u,133.763,133.879,13,133.828,195.868,-0.444,17.627,+ATR,M
Osei-016_mono,Osei-016,mono,u,133.763,133.879,14,133.833,196.381,0.213,17.883,+ATR,M
Osei-016_mono,Osei-016,mono,u,133.763,133.879,15,133.838,196.609,0.703,15.349,+ATR,M
Osei-016_mono,Osei-016,mono,u,133.763,133.879,16,133.843,195.795,3.115,15.55,+ATR,M
Osei-016_mono,Osei-016,mono,u,133.763,133.879,17,133.848,194.981,7.304,13.186,+ATR,M
Osei-016_mono,Osei-016,mono,u,133.763,133.879,18,133.853,193.92,10.591,11.961,+ATR,M
Osei-016_mono,Osei-016,mono,u,133.763,133.879,19,133.858,191.958,10.157,14.081,+ATR,M
Osei-016_mono,Osei-016,mono,u,133.763,133.879,20,133.863,189.995,6.304,14.613,+ATR,M
Osei-016_mono,Osei-016,mono,u,133.763,133.879,21,133.868,188.274,6.118,10.691,+ATR,M
Osei-016_mono,Osei-016,mono,u,133.763,133.879,22,133.873,187.437,7.435,13.963,+ATR,M
Osei-016_mono,Osei-016,mono,u,133.763,133.879,23,133.878,186.599,26.154,12.203,+ATR,M
Osei-016_mono,Osei-016,mono,ʊ,135.475,135.595,1,135.48,139.99,18.165,16.843,-ATR,M
Osei-016_mono,Osei-016,mono,ʊ,135.475,135.595,2,135.485,138.921,12.702,13.211,-ATR,M
Osei-016_mono,Osei-016,mono,ʊ,135.475,135.595,3,135.49,138.082,11.068,13.699,-ATR,M
Osei-016_mono,Osei-016,mono,ʊ,135.475,135.595,4,135.495,137.349,12.307,17.694,-ATR,M
Osei-016_mono,Osei-016,mono,ʊ,135.475,135.595,5,135.5,136.617,11.051,12.102,-ATR,M
Osei-016_mono,Osei-016,mono,ʊ,135.475,135.595,6,135.505,135.907,10.463,12.448,-ATR,M
Osei-016_mono,Osei-016,mono,ʊ,135.475,135.595,7,135.51,135.208,9.963,15.725,-ATR,M
Osei-016_mono,Osei-016,mono,ʊ,135.475,135.595,8,135.515,134.509,9.642,17.036,-ATR,M
Osei-016_mono,Osei-016,mono,ʊ,135.475,135.595,9,135.52,133.515,9.29,15.685,-ATR,M
Osei-016_mono,Osei-016,mono,ʊ,135.475,135.595,10,135.525,132.384,9.314,14.837,-ATR,M
Osei-016_mono,Osei-016,mono,ʊ,135.475,135.595,11,135.53,131.253,8.604,15.899,-ATR,M
Osei-016_mono,Osei-016,mono,ʊ,135.475,135.595,12,135.535,129.829,7.801,12.617,-ATR,M
Osei-016_mono,Osei-016,mono,ʊ,135.475,135.595,13,135.54,128.268,7.188,12.5,-ATR,M
Osei-016_mono,Osei-016,mono,ʊ,135.475,135.595,14,135.545,126.707,7.086,12.647,-ATR,M
Osei-016_mono,Osei-016,mono,ʊ,135.475,135.595,15,135.55,126.21,5.765,15.01,-ATR,M
Osei-016_mono,Osei-016,mono,ʊ,135.475,135.595,16,135.555,0,0,14.68,-ATR,M
Osei-016_mono,Osei-016,mono,ʊ,135.475,135.595,17,135.56,0,0,11.844,-ATR,M
Osei-016_mono,Osei-016,mono,ʊ,135.475,135.595,18,135.565,0,0,15.233,-ATR,M
Osei-016_mono,Osei-016,mono,ʊ,135.475,135.595,19,135.57,0,0,12.855,-ATR,M
Osei-016_mono,Osei-016,mono,ʊ,135.475,135.595,20,135.575,0,0,13.75,-ATR,M
Osei-016_mono,Osei-016,mono,ʊ,135.475,135.595,21,135.58,0,0,11.669,-ATR,M
Osei-016_mono,Osei-016,mono,ʊ,135.475,135.595,22,135.585,0,0,12.58,-ATR,M
Osei-016_mono,Osei-016,mono,ʊ,135.475,135.595,23,135.59,0,0,12.227,-ATR,M
Osei-016_mono,Osei-016,mono,ʊ,135.475,135.595,24,135.595,0,0,13.161,-ATR,M
Osei-016_mono,Osei-016,mono,o,137.094,137.213,1,137.1,0,0,15.247,+ATR,M
Osei-016_mono,Osei-016,mono,o,137.094,137.213,2,137.105,0,0,12.038,+ATR,M
Osei-016_mono,Osei-016,mono,o,137.094,137.213,3,137.11,0,0,12.184,+ATR,M
Osei-016_mono,Osei-016,mono,o,137.094,137.213,4,137.115,0,0,12.12,+ATR,M
Osei-016_mono,Osei-016,mono,o,137.094,137.213,5,137.12,0,0,14.95,+ATR,M
Osei-016_mono,Osei-016,mono,o,137.094,137.213,6,137.125,0,0,12.421,+ATR,M
Osei-016_mono,Osei-016,mono,o,137.094,137.213,7,137.13,147.605,12.26,13.898,+ATR,M
Osei-016_mono,Osei-016,mono,o,137.094,137.213,8,137.135,147.605,12.624,15.609,+ATR,M
Osei-016_mono,Osei-016,mono,o,137.094,137.213,9,137.14,147.849,14.47,17.982,+ATR,M
Osei-016_mono,Osei-016,mono,o,137.094,137.213,10,137.145,148.29,13.863,18.031,+ATR,M
Osei-016_mono,Osei-016,mono,o,137.094,137.213,11,137.15,148.732,8.742,12.572,+ATR,M
Osei-016_mono,Osei-016,mono,o,137.094,137.213,12,137.155,149.017,5.228,20.591,+ATR,M
Osei-016_mono,Osei-016,mono,o,137.094,137.213,13,137.16,149.175,3.592,19.484,+ATR,M
Osei-016_mono,Osei-016,mono,o,137.094,137.213,14,137.165,149.333,3.518,17.614,+ATR,M
Osei-016_mono,Osei-016,mono,o,137.094,137.213,15,137.17,149.294,4.542,15.433,+ATR,M
Osei-016_mono,Osei-016,mono,o,137.094,137.213,16,137.175,149.095,3.07,16.822,+ATR,M
Osei-016_mono,Osei-016,mono,o,137.094,137.213,17,137.18,148.897,3.077,15.803,+ATR,M
Osei-016_mono,Osei-016,mono,o,137.094,137.213,18,137.185,148.071,5.39,14.07,+ATR,M
Osei-016_mono,Osei-016,mono,o,137.094,137.213,19,137.19,146.735,9.402,15.653,+ATR,M
Osei-016_mono,Osei-016,mono,o,137.094,137.213,20,137.195,145.4,10.955,17.927,+ATR,M
Osei-016_mono,Osei-016,mono,o,137.094,137.213,21,137.2,144.22,8.675,14.889,+ATR,M
Osei-016_mono,Osei-016,mono,o,137.094,137.213,22,137.205,143.167,4.755,12.557,+ATR,M
Osei-016_mono,Osei-016,mono,o,137.094,137.213,23,137.21,142.115,4.848,15.791,+ATR,M
Osei-016_mono,Osei-016,mono,ɔ,138.746,138.868,1,138.751,176.891,8.621,12.968,-ATR,M
Osei-016_mono,Osei-016,mono,ɔ,138.746,138.868,2,138.756,176.891,8.445,15.565,-ATR,M
Osei-016_mono,Osei-016,mono,ɔ,138.746,138.868,3,138.761,177.174,6.88,20.8,-ATR,M
Osei-016_mono,Osei-016,mono,ɔ,138.746,138.868,4,138.766,177.518,4.541,22.728,-ATR,M
Osei-016_mono,Osei-016,mono,ɔ,138.746,138.868,5,138.771,177.862,3.876,20.74,-ATR,M
Osei-016_mono,Osei-016,mono,ɔ,138.746,138.868,6,138.776,177.841,3.835,25.009,-ATR,M
Osei-016_mono,Osei-016,mono,ɔ,138.746,138.868,7,138.781,177.742,4.057,25.768,-ATR,M
Osei-016_mono,Osei-016,mono,ɔ,138.746,138.868,8,138.786,177.643,4.571,27.511,-ATR,M
Osei-016_mono,Osei-016,mono,ɔ,138.746,138.868,9,138.791,177.619,5.58,27.201,-ATR,M
Osei-016_mono,Osei-016,mono,ɔ,138.746,138.868,10,138.796,177.612,6.997,29.928,-ATR,M
Osei-016_mono,Osei-016,mono,ɔ,138.746,138.868,11,138.801,177.604,8.145,30.889,-ATR,M
Osei-016_mono,Osei-016,mono,ɔ,138.746,138.868,12,138.806,177.846,8.383,29.583,-ATR,M
Osei-016_mono,Osei-016,mono,ɔ,138.746,138.868,13,138.811,178.142,7.818,26.806,-ATR,M
Osei-016_mono,Osei-016,mono,ɔ,138.746,138.868,14,138.816,178.438,6.934,26.439,-ATR,M
Osei-016_mono,Osei-016,mono,ɔ,138.746,138.868,15,138.821,178.436,5.975,22.506,-ATR,M
Osei-016_mono,Osei-016,mono,ɔ,138.746,138.868,16,138.826,178.369,5.572,21.228,-ATR,M
Osei-016_mono,Osei-016,mono,ɔ,138.746,138.868,17,138.831,178.303,6.937,13.269,-ATR,M
Osei-016_mono,Osei-016,mono,ɔ,138.746,138.868,18,138.836,177.024,9.563,13.858,-ATR,M
Osei-016_mono,Osei-016,mono,ɔ,138.746,138.868,19,138.841,175.483,14.221,14.395,-ATR,M
Osei-016_mono,Osei-016,mono,ɔ,138.746,138.868,20,138.846,173.941,20.065,14.016,-ATR,M
Osei-016_mono,Osei-016,mono,ɔ,138.746,138.868,21,138.851,171.119,23.03,13.843,-ATR,M
Osei-016_mono,Osei-016,mono,ɔ,138.746,138.868,22,138.856,168.02,22.874,13.447,-ATR,M
Osei-016_mono,Osei-016,mono,ɔ,138.746,138.868,23,138.861,164.921,22.799,13.426,-ATR,M
Osei-016_mono,Osei-016,mono,ɔ,138.746,138.868,24,138.866,165.278,19.045,11.696,-ATR,M
Osei-016_mono,Osei-016,mono,a,141.834,141.936,1,141.84,0,0,13.142,-ATR,M
Osei-016_mono,Osei-016,mono,a,141.834,141.936,2,141.845,0,0,13.845,-ATR,M
Osei-016_mono,Osei-016,mono,a,141.834,141.936,3,141.85,0,0,13.133,-ATR,M
Osei-016_mono,Osei-016,mono,a,141.834,141.936,4,141.855,0,0,13.829,-ATR,M
Osei-016_mono,Osei-016,mono,a,141.834,141.936,5,141.86,0,0,17.621,-ATR,M
Osei-016_mono,Osei-016,mono,a,141.834,141.936,6,141.865,0,0,14.386,-ATR,M
Osei-016_mono,Osei-016,mono,a,141.834,141.936,7,141.87,134.332,3.541,11.687,-ATR,M
Osei-016_mono,Osei-016,mono,a,141.834,141.936,8,141.875,134.332,1.92,13.154,-ATR,M
Osei-016_mono,Osei-016,mono,a,141.834,141.936,9,141.88,134.866,0.244,16.749,-ATR,M
Osei-016_mono,Osei-016,mono,a,141.834,141.936,10,141.885,135.842,1.94,15.681,-ATR,M
Osei-016_mono,Osei-016,mono,a,141.834,141.936,11,141.89,136.818,4.316,15.27,-ATR,M
Osei-016_mono,Osei-016,mono,a,141.834,141.936,12,141.895,137.638,5.314,17.161,-ATR,M
Osei-016_mono,Osei-016,mono,a,141.834,141.936,13,141.9,138.329,5.882,16.773,-ATR,M
Osei-016_mono,Osei-016,mono,a,141.834,141.936,14,141.905,139.02,5.634,16.17,-ATR,M
Osei-016_mono,Osei-016,mono,a,141.834,141.936,15,141.91,139.445,5.67,21.471,-ATR,M
Osei-016_mono,Osei-016,mono,a,141.834,141.936,16,141.915,139.651,5.62,20.914,-ATR,M
Osei-016_mono,Osei-016,mono,a,141.834,141.936,17,141.92,139.857,7.121,16.943,-ATR,M
Osei-016_mono,Osei-016,mono,a,141.834,141.936,18,141.925,140.014,9.102,15.863,-ATR,M
Osei-016_mono,Osei-016,mono,a,141.834,141.936,19,141.93,140.132,13.153,16.987,-ATR,M
Osei-016_mono,Osei-016,mono,a,141.834,141.936,20,141.935,140.249,23.248,17.012,-ATR,M
Precious-015_mono,Precious-015,mono,i,62.524,62.69,1,62.529,237.852,-0.324,12.211,+ATR,F
Precious-015_mono,Precious-015,mono,i,62.524,62.69,2,62.534,234.582,-4.104,13.927,+ATR,F
Precious-015_mono,Precious-015,mono,i,62.524,62.69,3,62.539,231.313,-1.602,18.782,+ATR,F
Precious-015_mono,Precious-015,mono,i,62.524,62.69,4,62.544,230.087,-0.775,21.613,+ATR,F
Precious-015_mono,Precious-015,mono,i,62.524,62.69,5,62.549,229.369,-0.596,21.51,+ATR,F
Precious-015_mono,Precious-015,mono,i,62.524,62.69,6,62.554,228.651,-2.083,23.216,+ATR,F
Precious-015_mono,Precious-015,mono,i,62.524,62.69,7,62.559,229.13,-3.48,20.154,+ATR,F
Precious-015_mono,Precious-015,mono,i,62.524,62.69,8,62.564,229.906,-2.988,22.608,+ATR,F
Precious-015_mono,Precious-015,mono,i,62.524,62.69,9,62.569,230.681,-3.163,20.646,+ATR,F
Precious-015_mono,Precious-015,mono,i,62.524,62.69,10,62.574,231.453,-3.561,18.447,+ATR,F
Precious-015_mono,Precious-015,mono,i,62.524,62.69,11,62.579,232.223,-4.072,16.098,+ATR,F
Precious-015_mono,Precious-015,mono,i,62.524,62.69,12,62.584,232.994,-3.842,15.981,+ATR,F
Precious-015_mono,Precious-015,mono,i,62.524,62.69,13,62.589,233.89,-4.351,13.912,+ATR,F
Precious-015_mono,Precious-015,mono,i,62.524,62.69,14,62.594,234.817,-4.498,17.221,+ATR,F
Precious-015_mono,Precious-015,mono,i,62.524,62.69,15,62.599,235.744,-4.75,14.139,+ATR,F
Precious-015_mono,Precious-015,mono,i,62.524,62.69,16,62.604,236.751,-4.257,13.882,+ATR,F
Precious-015_mono,Precious-015,mono,i,62.524,62.69,17,62.609,237.778,-4.681,13.141,+ATR,F
Precious-015_mono,Precious-015,mono,i,62.524,62.69,18,62.614,238.805,-8.809,15.1,+ATR,F
Precious-015_mono,Precious-015,mono,i,62.524,62.69,19,62.619,239.304,-9.108,13.919,+ATR,F
Precious-015_mono,Precious-015,mono,i,62.524,62.69,20,62.624,239.672,-7.665,13.998,+ATR,F
Precious-015_mono,Precious-015,mono,i,62.524,62.69,21,62.629,240.04,-6.88,15.182,+ATR,F
Precious-015_mono,Precious-015,mono,i,62.524,62.69,22,62.634,240.358,-6.348,15.895,+ATR,F
Precious-015_mono,Precious-015,mono,i,62.524,62.69,23,62.639,240.664,-4.994,13.026,+ATR,F
Precious-015_mono,Precious-015,mono,i,62.524,62.69,24,62.644,240.97,-3.496,12.366,+ATR,F
Precious-015_mono,Precious-015,mono,i,62.524,62.69,25,62.649,241.147,-0.803,14.662,+ATR,F
Precious-015_mono,Precious-015,mono,i,62.524,62.69,26,62.654,241.291,1.831,15.286,+ATR,F
Precious-015_mono,Precious-015,mono,i,62.524,62.69,27,62.659,241.436,4.275,14.353,+ATR,F
Precious-015_mono,Precious-015,mono,i,62.524,62.69,28,62.664,242.37,8.785,13.999,+ATR,F
Precious-015_mono,Precious-015,mono,i,62.524,62.69,29,62.669,243.501,16.957,15.152,+ATR,F
Precious-015_mono,Precious-015,mono,i,62.524,62.69,30,62.674,244.631,14.128,11.792,+ATR,F
Precious-015_mono,Precious-015,mono,i,62.524,62.69,31,62.679,244.856,12.166,13.039,+ATR,F
Precious-015_mono,Precious-015,mono,i,62.524,62.69,32,62.684,0,0,12.43,+ATR,F
Precious-015_mono,Precious-015,mono,i,62.524,62.69,33,62.689,0,0,16.991,+ATR,F
Precious-015_mono,Precious-015,mono,ɪ,64.121,64.254,1,64.127,228.351,10.86,13.192,-ATR,F
Precious-015_mono,Precious-015,mono,ɪ,64.121,64.254,2,64.132,227.668,2.202,14.451,-ATR,F
Precious-015_mono,Precious-015,mono,ɪ,64.121,64.254,3,64.137,225.682,3.034,14.594,-ATR,F
Precious-015_mono,Precious-015,mono,ɪ,64.121,64.254,4,64.142,223.697,4.411,19.755,-ATR,F
Precious-015_mono,Precious-015,mono,ɪ,64.121,64.254,5,64.147,222.453,6.65,24.814,-ATR,F
Precious-015_mono,Precious-015,mono,ɪ,64.121,64.254,6,64.152,222.626,6.759,25.162,-ATR,F
Precious-015_mono,Precious-015,mono,ɪ,64.121,64.254,7,64.157,222.799,8.631,25.129,-ATR,F
Precious-015_mono,Precious-015,mono,ɪ,64.121,64.254,8,64.162,222.945,10.283,23.943,-ATR,F
Precious-015_mono,Precious-015,mono,ɪ,64.121,64.254,9,64.167,223.039,10.366,25.119,-ATR,F
Precious-015_mono,Precious-015,mono,ɪ,64.121,64.254,10,64.172,223.132,9.943,25.007,-ATR,F
Precious-015_mono,Precious-015,mono,ɪ,64.121,64.254,11,64.177,223.108,10.996,25.618,-ATR,F
Precious-015_mono,Precious-015,mono,ɪ,64.121,64.254,12,64.182,222.857,11.844,25.357,-ATR,F
Precious-015_mono,Precious-015,mono,ɪ,64.121,64.254,13,64.187,222.607,12.198,25.873,-ATR,F
Precious-015_mono,Precious-015,mono,ɪ,64.121,64.254,14,64.192,222.232,12.016,24.739,-ATR,F
Precious-015_mono,Precious-015,mono,ɪ,64.121,64.254,15,64.197,221.621,11.788,21.28,-ATR,F
Precious-015_mono,Precious-015,mono,ɪ,64.121,64.254,16,64.202,221.01,11.599,21.856,-ATR,F
Precious-015_mono,Precious-015,mono,ɪ,64.121,64.254,17,64.207,220.38,11.715,20.776,-ATR,F
Precious-015_mono,Precious-015,mono,ɪ,64.121,64.254,18,64.212,219.713,11.665,22.477,-ATR,F
Precious-015_mono,Precious-015,mono,ɪ,64.121,64.254,19,64.217,219.047,11.561,21.877,-ATR,F
Precious-015_mono,Precious-015,mono,ɪ,64.121,64.254,20,64.222,218.457,11.827,20.891,-ATR,F
Precious-015_mono,Precious-015,mono,ɪ,64.121,64.254,21,64.227,218.01,12.22,22.301,-ATR,F
Precious-015_mono,Precious-015,mono,ɪ,64.121,64.254,22,64.232,217.563,13.688,24.721,-ATR,F
Precious-015_mono,Precious-015,mono,ɪ,64.121,64.254,23,64.237,216.932,14.715,22.555,-ATR,F
Precious-015_mono,Precious-015,mono,ɪ,64.121,64.254,24,64.242,215.949,14.165,22.153,-ATR,F
Precious-015_mono,Precious-015,mono,ɪ,64.121,64.254,25,64.247,214.967,13.427,22.631,-ATR,F
Precious-015_mono,Precious-015,mono,ɪ,64.121,64.254,26,64.252,213.888,11.825,20.712,-ATR,F
Precious-015_mono,Precious-015,mono,e,64.918,65.012,1,64.923,225.63,13.644,15.859,+ATR,F
Precious-015_mono,Precious-015,mono,e,64.918,65.012,2,64.928,222.184,16.976,14.754,+ATR,F
Precious-015_mono,Precious-015,mono,e,64.918,65.012,3,64.933,219.919,15.595,15.954,+ATR,F
Precious-015_mono,Precious-015,mono,e,64.918,65.012,4,64.938,217.655,13.632,20.927,+ATR,F
Precious-015_mono,Precious-015,mono,e,64.918,65.012,5,64.943,217.186,13.997,22.744,+ATR,F
Precious-015_mono,Precious-015,mono,e,64.918,65.012,6,64.948,217.659,15.062,23.46,+ATR,F
Precious-015_mono,Precious-015,mono,e,64.918,65.012,7,64.953,218.133,14.819,17.197,+ATR,F
Precious-015_mono,Precious-015,mono,e,64.918,65.012,8,64.958,218.567,16.487,19.344,+ATR,F
Precious-015_mono,Precious-015,mono,e,64.918,65.012,9,64.963,218.982,18.912,16.172,+ATR,F
Precious-015_mono,Precious-015,mono,e,64.918,65.012,10,64.968,219.397,20.015,17.227,+ATR,F
Precious-015_mono,Precious-015,mono,e,64.918,65.012,11,64.973,218.848,19.234,18.737,+ATR,F
Precious-015_mono,Precious-015,mono,e,64.918,65.012,12,64.978,217.793,18.791,14.906,+ATR,F
Precious-015_mono,Precious-015,mono,e,64.918,65.012,13,64.983,216.739,18.879,19.425,+ATR,F
Precious-015_mono,Precious-015,mono,e,64.918,65.012,14,64.988,215.685,18.028,17.717,+ATR,F
Precious-015_mono,Precious-015,mono,e,64.918,65.012,15,64.993,214.633,15.543,21.115,+ATR,F
Precious-015_mono,Precious-015,mono,e,64.918,65.012,16,64.998,213.58,12.744,18.496,+ATR,F
Precious-015_mono,Precious-015,mono,e,64.918,65.012,17,65.003,211.396,10.098,14.961,+ATR,F
Precious-015_mono,Precious-015,mono,e,64.918,65.012,18,65.008,208.619,6.531,13.14,+ATR,F
Precious-015_mono,Precious-015,mono,ɛ,66.02,66.122,1,66.026,195.819,3.666,14.986,-ATR,F
Precious-015_mono,Precious-015,mono,ɛ,66.02,66.122,2,66.031,197.195,5.461,15.195,-ATR,F
Precious-015_mono,Precious-015,mono,ɛ,66.02,66.122,3,66.036,198.553,6.39,17.868,-ATR,F
Precious-015_mono,Precious-015,mono,ɛ,66.02,66.122,4,66.041,199.785,5.851,20.651,-ATR,F
Precious-015_mono,Precious-015,mono,ɛ,66.02,66.122,5,66.046,201.018,5.769,17.982,-ATR,F
Precious-015_mono,Precious-015,mono,ɛ,66.02,66.122,6,66.051,202.01,6.267,19.544,-ATR,F
Precious-015_mono,Precious-015,mono,ɛ,66.02,66.122,7,66.056,201.42,6.58,21.484,-ATR,F
Precious-015_mono,Precious-015,mono,ɛ,66.02,66.122,8,66.061,200.829,5.354,16.035,-ATR,F
Precious-015_mono,Precious-015,mono,ɛ,66.02,66.122,9,66.066,200.216,5.283,11.062,-ATR,F
Precious-015_mono,Precious-015,mono,ɛ,66.02,66.122,10,66.071,199.46,6.117,15.447,-ATR,F
Precious-015_mono,Precious-015,mono,ɛ,66.02,66.122,11,66.076,198.704,7.139,18.199,-ATR,F
Precious-015_mono,Precious-015,mono,ɛ,66.02,66.122,12,66.081,198.169,8.176,19.594,-ATR,F
Precious-015_mono,Precious-015,mono,ɛ,66.02,66.122,13,66.086,199.089,8.837,12.445,-ATR,F
Precious-015_mono,Precious-015,mono,ɛ,66.02,66.122,14,66.091,200.008,9.781,14.938,-ATR,F
Precious-015_mono,Precious-015,mono,ɛ,66.02,66.122,15,66.096,200.852,10.027,17.209,-ATR,F
Precious-015_mono,Precious-015,mono,ɛ,66.02,66.122,16,66.101,201.196,10.566,16.51,-ATR,F
Precious-015_mono,Precious-015,mono,ɛ,66.02,66.122,17,66.106,201.539,11.238,17.406,-ATR,F
Precious-015_mono,Precious-015,mono,ɛ,66.02,66.122,18,66.111,201.782,11.68,16.464,-ATR,F
Precious-015_mono,Precious-015,mono,ɛ,66.02,66.122,19,66.116,201.356,13.975,15.173,-ATR,F
Precious-015_mono,Precious-015,mono,ɛ,66.02,66.122,20,66.121,200.931,11.436,13.154,-ATR,F
Precious-015_mono,Precious-015,mono,æ,66.95,67.033,1,66.955,208.317,7.344,15.12,+ATR,F
Precious-015_mono,Precious-015,mono,æ,66.95,67.033,2,66.96,207.641,6.575,14.186,+ATR,F
Precious-015_mono,Precious-015,mono,æ,66.95,67.033,3,66.965,207.034,7.848,18.846,+ATR,F
Precious-015_mono,Precious-015,mono,æ,66.95,67.033,4,66.97,207.22,9.114,20.607,+ATR,F
Precious-015_mono,Precious-015,mono,æ,66.95,67.033,5,66.975,207.406,9.447,18.012,+ATR,F
Precious-015_mono,Precious-015,mono,æ,66.95,67.033,6,66.98,207.547,10.138,19.634,+ATR,F
Precious-015_mono,Precious-015,mono,æ,66.95,67.033,7,66.985,207.168,11.04,16.054,+ATR,F
Precious-015_mono,Precious-015,mono,æ,66.95,67.033,8,66.99,206.79,9.458,14.025,+ATR,F
Precious-015_mono,Precious-015,mono,æ,66.95,67.033,9,66.995,206.38,8.86,18.247,+ATR,F
Precious-015_mono,Precious-015,mono,æ,66.95,67.033,10,67,205.614,7.812,19.301,+ATR,F
Precious-015_mono,Precious-015,mono,æ,66.95,67.033,11,67.005,204.849,7.19,22.767,+ATR,F
Precious-015_mono,Precious-015,mono,æ,66.95,67.033,12,67.01,204.088,7.839,22.491,+ATR,F
Precious-015_mono,Precious-015,mono,æ,66.95,67.033,13,67.015,203.391,9.032,19.759,+ATR,F
Precious-015_mono,Precious-015,mono,æ,66.95,67.033,14,67.02,202.694,11.532,21.765,+ATR,F
Precious-015_mono,Precious-015,mono,æ,66.95,67.033,15,67.025,201.899,14.062,18.763,+ATR,F
Precious-015_mono,Precious-015,mono,æ,66.95,67.033,16,67.03,199.958,14.841,17.394,+ATR,F
Precious-015_mono,Precious-015,mono,u,67.214,67.387,1,67.22,0,0,11.375,+ATR,F
Precious-015_mono,Precious-015,mono,u,67.214,67.387,2,67.225,0,0,13.366,+ATR,F
Precious-015_mono,Precious-015,mono,u,67.214,67.387,3,67.23,219.693,1.055,14.631,+ATR,F
Precious-015_mono,Precious-015,mono,u,67.214,67.387,4,67.235,219.693,3.15,14.008,+ATR,F
Precious-015_mono,Precious-015,mono,u,67.214,67.387,5,67.24,219.022,2.657,18.91,+ATR,F
Precious-015_mono,Precious-015,mono,u,67.214,67.387,6,67.245,218.293,2.756,17.801,+ATR,F
Precious-015_mono,Precious-015,mono,u,67.214,67.387,7,67.25,217.563,3.134,17.479,+ATR,F
Precious-015_mono,Precious-015,mono,u,67.214,67.387,8,67.255,217.428,3.766,18.641,+ATR,F
Precious-015_mono,Precious-015,mono,u,67.214,67.387,9,67.26,217.345,4.766,19.837,+ATR,F
Precious-015_mono,Precious-015,mono,u,67.214,67.387,10,67.265,217.261,4.934,19.742,+ATR,F
Precious-015_mono,Precious-015,mono,u,67.214,67.387,11,67.27,217.435,3.625,16.919,+ATR,F
Precious-015_mono,Precious-015,mono,u,67.214,67.387,12,67.275,217.631,2.614,18.128,+ATR,F
Precious-015_mono,Precious-015,mono,u,67.214,67.387,13,67.28,217.827,2.626,18.299,+ATR,F
Precious-015_mono,Precious-015,mono,u,67.214,67.387,14,67.285,217.853,4.634,15.911,+ATR,F
Precious-015_mono,Precious-015,mono,u,67.214,67.387,15,67.29,217.865,3.864,14.937,+ATR,F
Precious-015_mono,Precious-015,mono,u,67.214,67.387,16,67.295,217.877,4.014,16.376,+ATR,F
Precious-015_mono,Precious-015,mono,u,67.214,67.387,17,67.3,217.858,4.224,12.009,+ATR,F
Precious-015_mono,Precious-015,mono,u,67.214,67.387,18,67.305,217.836,3.999,12.742,+ATR,F
Precious-015_mono,Precious-015,mono,u,67.214,67.387,19,67.31,217.814,1.935,17.59,+ATR,F
Precious-015_mono,Precious-015,mono,u,67.214,67.387,20,67.315,217.964,2.909,16.008,+ATR,F
Precious-015_mono,Precious-015,mono,u,67.214,67.387,21,67.32,218.128,1.542,14.613,+ATR,F
Precious-015_mono,Precious-015,mono,u,67.214,67.387,22,67.325,218.292,0.18,15.294,+ATR,F
Precious-015_mono,Precious-015,mono,u,67.214,67.387,23,67.33,218.302,-0.784,12.516,+ATR,F
Precious-015_mono,Precious-015,mono,u,67.214,67.387,24,67.335,218.298,-0.713,12.418,+ATR,F
Precious-015_mono,Precious-015,mono,u,67.214,67.387,25,67.34,218.294,-2.043,13.032,+ATR,F
Precious-015_mono,Precious-015,mono,u,67.214,67.387,26,67.345,216.889,-3.473,13.512,+ATR,F
Precious-015_mono,Precious-015,mono,u,67.214,67.387,27,67.35,215.364,-4.244,15.883,+ATR,F
Precious-015_mono,Precious-015,mono,u,67.214,67.387,28,67.355,213.838,-2.65,14.849,+ATR,F
Precious-015_mono,Precious-015,mono,u,67.214,67.387,29,67.36,212.32,-2.869,13.608,+ATR,F
Precious-015_mono,Precious-015,mono,u,67.214,67.387,30,67.365,210.803,-2.139,12.204,+ATR,F
Precious-015_mono,Precious-015,mono,u,67.214,67.387,31,67.37,209.287,-0.759,13.163,+ATR,F
Precious-015_mono,Precious-015,mono,u,67.214,67.387,32,67.375,210.202,1.629,12.003,+ATR,F
Precious-015_mono,Precious-015,mono,u,67.214,67.387,33,67.38,211.328,7.043,14.95,+ATR,F
Precious-015_mono,Precious-015,mono,u,67.214,67.387,34,67.385,212.454,19.502,12.506,+ATR,F
Precious-015_mono,Precious-015,mono,ʊ,68.278,68.472,1,68.283,0,0,12.519,-ATR,F
Precious-015_mono,Precious-015,mono,ʊ,68.278,68.472,2,68.288,0,0,9.816,-ATR,F
Precious-015_mono,Precious-015,mono,ʊ,68.278,68.472,3,68.293,218.052,11.715,14.23,-ATR,F
Precious-015_mono,Precious-015,mono,ʊ,68.278,68.472,4,68.298,218.052,11.212,19.631,-ATR,F
Precious-015_mono,Precious-015,mono,ʊ,68.278,68.472,5,68.303,217.234,12.025,17.812,-ATR,F
Precious-015_mono,Precious-015,mono,ʊ,68.278,68.472,6,68.308,216.036,12.458,19.088,-ATR,F
Precious-015_mono,Precious-015,mono,ʊ,68.278,68.472,7,68.313,214.838,12.676,18.606,-ATR,F
Precious-015_mono,Precious-015,mono,ʊ,68.278,68.472,8,68.318,212.919,12.947,19.216,-ATR,F
Precious-015_mono,Precious-015,mono,ʊ,68.278,68.472,9,68.323,210.665,12.687,18.055,-ATR,F
Precious-015_mono,Precious-015,mono,ʊ,68.278,68.472,10,68.328,208.411,11.537,21.059,-ATR,F
Precious-015_mono,Precious-015,mono,ʊ,68.278,68.472,11,68.333,205.829,12.089,18.463,-ATR,F
Precious-015_mono,Precious-015,mono,ʊ,68.278,68.472,12,68.338,203.094,12.923,23.704,-ATR,F
Precious-015_mono,Precious-015,mono,ʊ,68.278,68.472,13,68.343,200.36,13.569,18.812,-ATR,F
Precious-015_mono,Precious-015,mono,ʊ,68.278,68.472,14,68.348,197.649,13.638,19.289,-ATR,F
Precious-015_mono,Precious-015,mono,ʊ,68.278,68.472,15,68.353,194.95,12.887,20.045,-ATR,F
Precious-015_mono,Precious-015,mono,ʊ,68.278,68.472,16,68.358,192.25,11.938,17.017,-ATR,F
Precious-015_mono,Precious-015,mono,ʊ,68.278,68.472,17,68.363,189.201,11.64,16.293,-ATR,F
Precious-015_mono,Precious-015,mono,ʊ,68.278,68.472,18,68.368,185.99,10.963,15.949,-ATR,F
Precious-015_mono,Precious-015,mono,ʊ,68.278,68.472,19,68.373,182.778,10.565,16.443,-ATR,F
Precious-015_mono,Precious-015,mono,ʊ,68.278,68.472,20,68.378,180.872,9.629,18.245,-ATR,F
Precious-015_mono,Precious-015,mono,ʊ,68.278,68.472,21,68.383,179.573,10.005,12.914,-ATR,F
Precious-015_mono,Precious-015,mono,ʊ,68.278,68.472,22,68.388,178.273,9.366,15.997,-ATR,F
Precious-015_mono,Precious-015,mono,ʊ,68.278,68.472,23,68.393,179.592,9.625,15.547,-ATR,F
Precious-015_mono,Precious-015,mono,ʊ,68.278,68.472,24,68.398,182.128,8.718,13.661,-ATR,F
Precious-015_mono,Precious-015,mono,ʊ,68.278,68.472,25,68.403,184.664,8.157,15.457,-ATR,F
Precious-015_mono,Precious-015,mono,ʊ,68.278,68.472,26,68.408,187.427,8.258,13.657,-ATR,F
Precious-015_mono,Precious-015,mono,ʊ,68.278,68.472,27,68.413,190.296,8.027,14.668,-ATR,F
Precious-015_mono,Precious-015,mono,ʊ,68.278,68.472,28,68.418,193.165,8.101,12.416,-ATR,F
Precious-015_mono,Precious-015,mono,ʊ,68.278,68.472,29,68.423,197.806,7.304,14.158,-ATR,F
Precious-015_mono,Precious-015,mono,ʊ,68.278,68.472,30,68.428,203.271,7.616,12.154,-ATR,F
Precious-015_mono,Precious-015,mono,ʊ,68.278,68.472,31,68.433,208.737,9.276,12.161,-ATR,F
Precious-015_mono,Precious-015,mono,ʊ,68.278,68.472,32,68.438,213.471,11.52,12.378,-ATR,F
Precious-015_mono,Precious-015,mono,ʊ,68.278,68.472,33,68.443,217.865,15.203,11.813,-ATR,F
Precious-015_mono,Precious-015,mono,ʊ,68.278,68.472,34,68.448,222.258,23.091,10.253,-ATR,F
Precious-015_mono,Precious-015,mono,ʊ,68.278,68.472,35,68.453,223.653,32.323,13.109,-ATR,F
Precious-015_mono,Precious-015,mono,ʊ,68.278,68.472,36,68.458,0,0,12.61,-ATR,F
Precious-015_mono,Precious-015,mono,ʊ,68.278,68.472,37,68.463,0,0,12.333,-ATR,F
Precious-015_mono,Precious-015,mono,ʊ,68.278,68.472,38,68.468,0,0,13.413,-ATR,F
Precious-015_mono,Precious-015,mono,o,68.996,69.102,1,69.001,230.631,17.266,12.162,+ATR,F
Precious-015_mono,Precious-015,mono,o,68.996,69.102,2,69.006,226.591,20.804,14.211,+ATR,F
Precious-015_mono,Precious-015,mono,o,68.996,69.102,3,69.011,223.824,23.149,18.058,+ATR,F
Precious-015_mono,Precious-015,mono,o,68.996,69.102,4,69.016,221.057,21.585,19.579,+ATR,F
Precious-015_mono,Precious-015,mono,o,68.996,69.102,5,69.021,218.216,20.593,20.787,+ATR,F
Precious-015_mono,Precious-015,mono,o,68.996,69.102,6,69.026,215.12,21.392,17.802,+ATR,F
Precious-015_mono,Precious-015,mono,o,68.996,69.102,7,69.031,212.024,22.223,20.403,+ATR,F
Precious-015_mono,Precious-015,mono,o,68.996,69.102,8,69.036,209.109,21.346,16.019,+ATR,F
Precious-015_mono,Precious-015,mono,o,68.996,69.102,9,69.041,206.81,17.73,15.96,+ATR,F
Precious-015_mono,Precious-015,mono,o,68.996,69.102,10,69.046,204.512,16.545,16.283,+ATR,F
Precious-015_mono,Precious-015,mono,o,68.996,69.102,11,69.051,202.907,15.91,16.115,+ATR,F
Precious-015_mono,Precious-015,mono,o,68.996,69.102,12,69.056,203.665,14.289,17.562,+ATR,F
Precious-015_mono,Precious-015,mono,o,68.996,69.102,13,69.061,204.423,13.284,13.662,+ATR,F
Precious-015_mono,Precious-015,mono,o,68.996,69.102,14,69.066,205.201,12.988,15.151,+ATR,F
Precious-015_mono,Precious-015,mono,o,68.996,69.102,15,69.071,206.044,14.525,18.265,+ATR,F
Precious-015_mono,Precious-015,mono,o,68.996,69.102,16,69.076,206.887,15.378,12.708,+ATR,F
Precious-015_mono,Precious-015,mono,o,68.996,69.102,17,69.081,207.117,12.163,14.591,+ATR,F
Precious-015_mono,Precious-015,mono,o,68.996,69.102,18,69.086,205.26,8.47,11.909,+ATR,F
Precious-015_mono,Precious-015,mono,o,68.996,69.102,19,69.091,203.402,3.391,12.221,+ATR,F
Precious-015_mono,Precious-015,mono,o,68.996,69.102,20,69.096,201.562,1.12,13.475,+ATR,F
Precious-015_mono,Precious-015,mono,o,68.996,69.102,21,69.101,199.784,-1.328,13.252,+ATR,F
Precious-015_mono,Precious-015,mono,ɔ,70.646,70.77,1,70.651,236.751,19.021,11.892,-ATR,F
Precious-015_mono,Precious-015,mono,ɔ,70.646,70.77,2,70.656,236.48,15.068,13.512,-ATR,F
Precious-015_mono,Precious-015,mono,ɔ,70.646,70.77,3,70.661,235.376,15.662,15.55,-ATR,F
Precious-015_mono,Precious-015,mono,ɔ,70.646,70.77,4,70.666,234.273,14.525,19.292,-ATR,F
Precious-015_mono,Precious-015,mono,ɔ,70.646,70.77,5,70.671,233.341,13.307,21.03,-ATR,F
Precious-015_mono,Precious-015,mono,ɔ,70.646,70.77,6,70.676,232.935,12.738,24.31,-ATR,F
Precious-015_mono,Precious-015,mono,ɔ,70.646,70.77,7,70.681,232.529,12.536,25.507,-ATR,F
Precious-015_mono,Precious-015,mono,ɔ,70.646,70.77,8,70.686,231.946,12.586,23.234,-ATR,F
Precious-015_mono,Precious-015,mono,ɔ,70.646,70.77,9,70.691,230.822,12.676,24.988,-ATR,F
Precious-015_mono,Precious-015,mono,ɔ,70.646,70.77,10,70.696,229.697,12.699,22.14,-ATR,F
Precious-015_mono,Precious-015,mono,ɔ,70.646,70.77,11,70.701,228.527,13.311,20.162,-ATR,F
Precious-015_mono,Precious-015,mono,ɔ,70.646,70.77,12,70.706,227.216,14.135,23.047,-ATR,F
Precious-015_mono,Precious-015,mono,ɔ,70.646,70.77,13,70.711,225.905,14.513,21.788,-ATR,F
Precious-015_mono,Precious-015,mono,ɔ,70.646,70.77,14,70.716,224.66,14.532,19.481,-ATR,F
Precious-015_mono,Precious-015,mono,ɔ,70.646,70.77,15,70.721,223.617,13.491,20.263,-ATR,F
Precious-015_mono,Precious-015,mono,ɔ,70.646,70.77,16,70.726,222.573,13.44,17.258,-ATR,F
Precious-015_mono,Precious-015,mono,ɔ,70.646,70.77,17,70.731,221.605,12.964,18.002,-ATR,F
Precious-015_mono,Precious-015,mono,ɔ,70.646,70.77,18,70.736,220.867,9.725,15.677,-ATR,F
Precious-015_mono,Precious-015,mono,ɔ,70.646,70.77,19,70.741,220.129,5.509,14.446,-ATR,F
Precious-015_mono,Precious-015,mono,ɔ,70.646,70.77,20,70.746,219.373,3.343,12.779,-ATR,F
Precious-015_mono,Precious-015,mono,ɔ,70.646,70.77,21,70.751,218.562,4.604,12.218,-ATR,F
Precious-015_mono,Precious-015,mono,ɔ,70.646,70.77,22,70.756,217.751,7.4,13.15,-ATR,F
Precious-015_mono,Precious-015,mono,ɔ,70.646,70.77,23,70.761,217.139,10.068,13.346,-ATR,F
Precious-015_mono,Precious-015,mono,ɔ,70.646,70.77,24,70.766,217.139,15.841,12.534,-ATR,F
Precious-015_mono,Precious-015,mono,a,71.368,71.455,1,71.373,209.967,9.375,15.755,-ATR,F
Precious-015_mono,Precious-015,mono,a,71.368,71.455,2,71.378,209.909,9.082,16.106,-ATR,F
Precious-015_mono,Precious-015,mono,a,71.368,71.455,3,71.383,209.817,9.492,16.246,-ATR,F
Precious-015_mono,Precious-015,mono,a,71.368,71.455,4,71.388,209.726,9.726,17.794,-ATR,F
Precious-015_mono,Precious-015,mono,a,71.368,71.455,5,71.393,209.592,10.246,15.366,-ATR,F
Precious-015_mono,Precious-015,mono,a,71.368,71.455,6,71.398,209.433,11.152,16.207,-ATR,F
Precious-015_mono,Precious-015,mono,a,71.368,71.455,7,71.403,209.275,11.753,20.339,-ATR,F
Precious-015_mono,Precious-015,mono,a,71.368,71.455,8,71.408,207.833,11.779,21.999,-ATR,F
Precious-015_mono,Precious-015,mono,a,71.368,71.455,9,71.413,205.646,10.815,17.648,-ATR,F
Precious-015_mono,Precious-015,mono,a,71.368,71.455,10,71.418,203.458,9.812,19.309,-ATR,F
Precious-015_mono,Precious-015,mono,a,71.368,71.455,11,71.423,202.013,9.8,15.149,-ATR,F
Precious-015_mono,Precious-015,mono,a,71.368,71.455,12,71.428,201,10.343,15.541,-ATR,F
Precious-015_mono,Precious-015,mono,a,71.368,71.455,13,71.433,199.986,11.116,14.746,-ATR,F
Precious-015_mono,Precious-015,mono,a,71.368,71.455,14,71.438,200.08,11.398,15.28,-ATR,F
Precious-015_mono,Precious-015,mono,a,71.368,71.455,15,71.443,200.819,12.763,15.376,-ATR,F
Precious-015_mono,Precious-015,mono,a,71.368,71.455,16,71.448,201.558,15.383,17.308,-ATR,F
Precious-015_mono,Precious-015,mono,a,71.368,71.455,17,71.453,201.872,18.1,15.127,-ATR,F
Vincent-019_mono,Vincent-019,mono,i,101.936,102.064,1,101.941,162.131,20.542,12.753,+ATR,M
Vincent-019_mono,Vincent-019,mono,i,101.936,102.064,2,101.946,163.817,11.656,11.933,+ATR,M
Vincent-019_mono,Vincent-019,mono,i,101.936,102.064,3,101.951,165.519,9.041,11.408,+ATR,M
Vincent-019_mono,Vincent-019,mono,i,101.936,102.064,4,101.956,167.22,5.861,13.126,+ATR,M
Vincent-019_mono,Vincent-019,mono,i,101.936,102.064,5,101.961,167.835,4.672,11.675,+ATR,M
Vincent-019_mono,Vincent-019,mono,i,101.936,102.064,6,101.966,168.439,4.608,14.925,+ATR,M
Vincent-019_mono,Vincent-019,mono,i,101.936,102.064,7,101.971,169.043,4.425,14.306,+ATR,M
Vincent-019_mono,Vincent-019,mono,i,101.936,102.064,8,101.976,170.714,3.847,13.801,+ATR,M
Vincent-019_mono,Vincent-019,mono,i,101.936,102.064,9,101.981,172.395,3.885,13.093,+ATR,M
Vincent-019_mono,Vincent-019,mono,i,101.936,102.064,10,101.986,174.077,4.069,15.256,+ATR,M
Vincent-019_mono,Vincent-019,mono,i,101.936,102.064,11,101.991,175.709,4.043,16.45,+ATR,M
Vincent-019_mono,Vincent-019,mono,i,101.936,102.064,12,101.996,177.342,3.556,18.276,+ATR,M
Vincent-019_mono,Vincent-019,mono,i,101.936,102.064,13,102.001,178.974,4.062,20.542,+ATR,M
Vincent-019_mono,Vincent-019,mono,i,101.936,102.064,14,102.006,179.207,4.646,16.35,+ATR,M
Vincent-019_mono,Vincent-019,mono,i,101.936,102.064,15,102.011,179.427,5.062,15.693,+ATR,M
Vincent-019_mono,Vincent-019,mono,i,101.936,102.064,16,102.016,179.646,5.981,15.293,+ATR,M
Vincent-019_mono,Vincent-019,mono,i,101.936,102.064,17,102.021,175.254,9.008,15.985,+ATR,M
Vincent-019_mono,Vincent-019,mono,i,101.936,102.064,18,102.026,170.818,10.973,14.083,+ATR,M
Vincent-019_mono,Vincent-019,mono,i,101.936,102.064,19,102.031,166.381,13.327,14.54,+ATR,M
Vincent-019_mono,Vincent-019,mono,i,101.936,102.064,20,102.036,160.183,10.401,11.104,+ATR,M
Vincent-019_mono,Vincent-019,mono,i,101.936,102.064,21,102.041,153.968,10.579,12.509,+ATR,M
Vincent-019_mono,Vincent-019,mono,i,101.936,102.064,22,102.046,147.754,10.736,16.027,+ATR,M
Vincent-019_mono,Vincent-019,mono,i,101.936,102.064,23,102.051,147.694,11.245,11.535,+ATR,M
Vincent-019_mono,Vincent-019,mono,i,101.936,102.064,24,102.056,0,0,11.5,+ATR,M
Vincent-019_mono,Vincent-019,mono,i,101.936,102.064,25,102.061,0,0,12.068,+ATR,M
Vincent-019_mono,Vincent-019,mono,ɪ,103.635,103.797,1,103.641,165.544,10.138,12.69,-ATR,M
Vincent-019_mono,Vincent-019,mono,ɪ,103.635,103.797,2,103.646,162.858,8.675,12.403,-ATR,M
Vincent-019_mono,Vincent-019,mono,ɪ,103.635,103.797,3,103.651,160.172,9.02,13.403,-ATR,M
Vincent-019_mono,Vincent-019,mono,ɪ,103.635,103.797,4,103.656,160.31,9.719,11.886,-ATR,M
Vincent-019_mono,Vincent-019,mono,ɪ,103.635,103.797,5,103.661,160.69,11.276,14.925,-ATR,M
Vincent-019_mono,Vincent-019,mono,ɪ,103.635,103.797,6,103.666,161.071,13.282,15.975,-ATR,M
Vincent-019_mono,Vincent-019,mono,ɪ,103.635,103.797,7,103.671,161.101,15.254,18.477,-ATR,M
Vincent-019_mono,Vincent-019,mono,ɪ,103.635,103.797,8,103.676,161.102,17.018,19.066,-ATR,M
Vincent-019_mono,Vincent-019,mono,ɪ,103.635,103.797,9,103.681,161.102,18.248,17.763,-ATR,M
Vincent-019_mono,Vincent-019,mono,ɪ,103.635,103.797,10,103.686,160.723,19.453,20.248,-ATR,M
Vincent-019_mono,Vincent-019,mono,ɪ,103.635,103.797,11,103.691,160.31,19.844,20.336,-ATR,M
Vincent-019_mono,Vincent-019,mono,ɪ,103.635,103.797,12,103.696,159.898,19.75,20.861,-ATR,M
Vincent-019_mono,Vincent-019,mono,ɪ,103.635,103.797,13,103.701,159.543,19.906,23.855,-ATR,M
Vincent-019_mono,Vincent-019,mono,ɪ,103.635,103.797,14,103.706,159.192,19.403,20.424,-ATR,M
Vincent-019_mono,Vincent-019,mono,ɪ,103.635,103.797,15,103.711,158.841,18.957,20.969,-ATR,M
Vincent-019_mono,Vincent-019,mono,ɪ,103.635,103.797,16,103.716,158.46,19.126,21.693,-ATR,M
Vincent-019_mono,Vincent-019,mono,ɪ,103.635,103.797,17,103.721,158.076,19.614,21.12,-ATR,M
Vincent-019_mono,Vincent-019,mono,ɪ,103.635,103.797,18,103.726,157.693,19.344,22.788,-ATR,M
Vincent-019_mono,Vincent-019,mono,ɪ,103.635,103.797,19,103.731,157.552,19.008,23.273,-ATR,M
Vincent-019_mono,Vincent-019,mono,ɪ,103.635,103.797,20,103.736,157.432,18.461,24.672,-ATR,M
Vincent-019_mono,Vincent-019,mono,ɪ,103.635,103.797,21,103.741,157.313,17.514,25.133,-ATR,M
Vincent-019_mono,Vincent-019,mono,ɪ,103.635,103.797,22,103.746,157.305,16.644,24.819,-ATR,M
Vincent-019_mono,Vincent-019,mono,ɪ,103.635,103.797,23,103.751,157.306,16.594,25.596,-ATR,M
Vincent-019_mono,Vincent-019,mono,ɪ,103.635,103.797,24,103.756,157.307,16.344,26.168,-ATR,M
Vincent-019_mono,Vincent-019,mono,ɪ,103.635,103.797,25,103.761,157.207,15.408,25.777,-ATR,M
Vincent-019_mono,Vincent-019,mono,ɪ,103.635,103.797,26,103.766,157.098,13.905,24.571,-ATR,M
Vincent-019_mono,Vincent-019,mono,ɪ,103.635,103.797,27,103.771,156.99,11.751,25.455,-ATR,M
Vincent-019_mono,Vincent-019,mono,ɪ,103.635,103.797,28,103.776,156.472,9.051,25.295,-ATR,M
Vincent-019_mono,Vincent-019,mono,ɪ,103.635,103.797,29,103.781,155.918,6.22,20.678,-ATR,M
Vincent-019_mono,Vincent-019,mono,ɪ,103.635,103.797,30,103.786,155.365,3.412,21.587,-ATR,M
Vincent-019_mono,Vincent-019,mono,ɪ,103.635,103.797,31,103.791,153.608,0.6,23.383,-ATR,M
Vincent-019_mono,Vincent-019,mono,ɪ,103.635,103.797,32,103.796,151.748,-1.027,22.884,-ATR,M
Vincent-019_mono,Vincent-019,mono,e,105.325,105.403,1,105.331,148.672,11.502,15.729,+ATR,M
Vincent-019_mono,Vincent-019,mono,e,105.325,105.403,2,105.336,148.538,14.285,17.108,+ATR,M
Vincent-019_mono,Vincent-019,mono,e,105.325,105.403,3,105.341,148.394,14.812,20.016,+ATR,M
Vincent-019_mono,Vincent-019,mono,e,105.325,105.403,4,105.346,148.249,15.658,22.283,+ATR,M
Vincent-019_mono,Vincent-019,mono,e,105.325,105.403,5,105.351,147.279,16.161,20.236,+ATR,M
Vincent-019_mono,Vincent-019,mono,e,105.325,105.403,6,105.356,146.246,15.367,18.662,+ATR,M
Vincent-019_mono,Vincent-019,mono,e,105.325,105.403,7,105.361,145.213,14.192,20.619,+ATR,M
Vincent-019_mono,Vincent-019,mono,e,105.325,105.403,8,105.366,143.675,13.374,18.892,+ATR,M
Vincent-019_mono,Vincent-019,mono,e,105.325,105.403,9,105.371,142.099,12.104,15.898,+ATR,M
Vincent-019_mono,Vincent-019,mono,e,105.325,105.403,10,105.376,140.522,10.351,20.195,+ATR,M
Vincent-019_mono,Vincent-019,mono,e,105.325,105.403,11,105.381,139.239,10.881,20.593,+ATR,M
Vincent-019_mono,Vincent-019,mono,e,105.325,105.403,12,105.386,137.978,12.263,12.837,+ATR,M
Vincent-019_mono,Vincent-019,mono,e,105.325,105.403,13,105.391,136.717,13.896,16.063,+ATR,M
Vincent-019_mono,Vincent-019,mono,e,105.325,105.403,14,105.396,134.097,15.424,14.484,+ATR,M
Vincent-019_mono,Vincent-019,mono,e,105.325,105.403,15,105.401,131.375,8.368,12.527,+ATR,M
Vincent-019_mono,Vincent-019,mono,ɛ,106.461,106.541,1,106.467,135.299,-2.685,12.481,-ATR,M
Vincent-019_mono,Vincent-019,mono,ɛ,106.461,106.541,2,106.472,135.261,-2.627,15.684,-ATR,M
Vincent-019_mono,Vincent-019,mono,ɛ,106.461,106.541,3,106.477,134.708,-2.534,16.225,-ATR,M
Vincent-019_mono,Vincent-019,mono,ɛ,106.461,106.541,4,106.482,134.154,-2.547,18.982,-ATR,M
Vincent-019_mono,Vincent-019,mono,ɛ,106.461,106.541,5,106.487,133.613,-2.185,23.214,-ATR,M
Vincent-019_mono,Vincent-019,mono,ɛ,106.461,106.541,6,106.492,133.253,-1.61,21.208,-ATR,M
Vincent-019_mono,Vincent-019,mono,ɛ,106.461,106.541,7,106.497,132.893,-1.346,21.056,-ATR,M
Vincent-019_mono,Vincent-019,mono,ɛ,106.461,106.541,8,106.502,132.52,-1.061,20.896,-ATR,M
Vincent-019_mono,Vincent-019,mono,ɛ,106.461,106.541,9,106.507,131.977,-0.914,15.92,-ATR,M
Vincent-019_mono,Vincent-019,mono,ɛ,106.461,106.541,10,106.512,131.433,-1.197,17.694,-ATR,M
Vincent-019_mono,Vincent-019,mono,ɛ,106.461,106.541,11,106.517,130.87,-1.309,17.301,-ATR,M
Vincent-019_mono,Vincent-019,mono,ɛ,106.461,106.541,12,106.522,130.028,-1.315,17.369,-ATR,M
Vincent-019_mono,Vincent-019,mono,ɛ,106.461,106.541,13,106.527,129.186,-1.489,17.694,-ATR,M
Vincent-019_mono,Vincent-019,mono,ɛ,106.461,106.541,14,106.532,128.323,-0.021,14.058,-ATR,M
Vincent-019_mono,Vincent-019,mono,ɛ,106.461,106.541,15,106.537,127.158,4.646,16.403,-ATR,M
Vincent-019_mono,Vincent-019,mono,ɛ,106.461,106.541,16,106.542,125.994,3.874,12.495,-ATR,M
Vincent-019_mono,Vincent-019,mono,æ,107.558,107.617,1,107.563,131.703,5.037,12.916,+ATR,M
Vincent-019_mono,Vincent-019,mono,æ,107.558,107.617,2,107.568,131.724,0.915,13.89,+ATR,M
Vincent-019_mono,Vincent-019,mono,æ,107.558,107.617,3,107.573,131.774,-0.43,16.655,+ATR,M
Vincent-019_mono,Vincent-019,mono,æ,107.558,107.617,4,107.578,131.824,-0.027,16.032,+ATR,M
Vincent-019_mono,Vincent-019,mono,æ,107.558,107.617,5,107.583,131.635,0.412,15.32,+ATR,M
Vincent-019_mono,Vincent-019,mono,æ,107.558,107.617,6,107.588,131.134,0.729,17.191,+ATR,M
Vincent-019_mono,Vincent-019,mono,æ,107.558,107.617,7,107.593,130.634,1.309,17.819,+ATR,M
Vincent-019_mono,Vincent-019,mono,æ,107.558,107.617,8,107.598,130.047,2.476,16.939,+ATR,M
Vincent-019_mono,Vincent-019,mono,æ,107.558,107.617,9,107.603,129.348,3.31,18.119,+ATR,M
Vincent-019_mono,Vincent-019,mono,æ,107.558,107.617,10,107.608,128.65,5.686,14.212,+ATR,M
Vincent-019_mono,Vincent-019,mono,æ,107.558,107.617,11,107.613,128.047,9.267,10.981,+ATR,M
Vincent-019_mono,Vincent-019,mono,u,107.75,107.877,1,107.756,148.565,5.104,13.982,+ATR,M
Vincent-019_mono,Vincent-019,mono,u,107.75,107.877,2,107.761,151.333,5.104,15.694,+ATR,M
Vincent-019_mono,Vincent-019,mono,u,107.75,107.877,3,107.766,153.58,2.559,13.749,+ATR,M
Vincent-019_mono,Vincent-019,mono,u,107.75,107.877,4,107.771,155.786,4.539,10.242,+ATR,M
Vincent-019_mono,Vincent-019,mono,u,107.75,107.877,5,107.776,157.991,6.955,13.946,+ATR,M
Vincent-019_mono,Vincent-019,mono,u,107.75,107.877,6,107.781,158.903,9.01,14.655,+ATR,M
Vincent-019_mono,Vincent-019,mono,u,107.75,107.877,7,107.786,159.712,9.341,13.106,+ATR,M
Vincent-019_mono,Vincent-019,mono,u,107.75,107.877,8,107.791,160.521,8.614,14.13,+ATR,M
Vincent-019_mono,Vincent-019,mono,u,107.75,107.877,9,107.796,161.182,9.549,14.621,+ATR,M
Vincent-019_mono,Vincent-019,mono,u,107.75,107.877,10,107.801,161.831,9.378,10.837,+ATR,M
Vincent-019_mono,Vincent-019,mono,u,107.75,107.877,11,107.806,162.48,9.727,14.893,+ATR,M
Vincent-019_mono,Vincent-019,mono,u,107.75,107.877,12,107.811,162.776,9.67,14.397,+ATR,M
Vincent-019_mono,Vincent-019,mono,u,107.75,107.877,13,107.816,163.044,8.981,15.549,+ATR,M
Vincent-019_mono,Vincent-019,mono,u,107.75,107.877,14,107.821,163.312,8.586,14.088,+ATR,M
Vincent-019_mono,Vincent-019,mono,u,107.75,107.877,15,107.826,163.408,8.103,15.897,+ATR,M
Vincent-019_mono,Vincent-019,mono,u,107.75,107.877,16,107.831,163.49,8.168,13.768,+ATR,M
Vincent-019_mono,Vincent-019,mono,u,107.75,107.877,17,107.836,163.572,7.82,16.734,+ATR,M
Vincent-019_mono,Vincent-019,mono,u,107.75,107.877,18,107.841,163.408,6.323,11.734,+ATR,M
Vincent-019_mono,Vincent-019,mono,u,107.75,107.877,19,107.846,163.226,4.211,16.275,+ATR,M
Vincent-019_mono,Vincent-019,mono,u,107.75,107.877,20,107.851,163.043,4.534,11.955,+ATR,M
Vincent-019_mono,Vincent-019,mono,u,107.75,107.877,21,107.856,162.755,5.505,13.274,+ATR,M
Vincent-019_mono,Vincent-019,mono,u,107.75,107.877,22,107.861,162.458,7.712,13.478,+ATR,M
Vincent-019_mono,Vincent-019,mono,u,107.75,107.877,23,107.866,162.162,3.493,13.253,+ATR,M
Vincent-019_mono,Vincent-019,mono,u,107.75,107.877,24,107.871,162.14,-1.96,12.421,+ATR,M
Vincent-019_mono,Vincent-019,mono,u,107.75,107.877,25,107.876,0,0,11.588,+ATR,M
Vincent-019_mono,Vincent-019,mono,ʊ,108.73,108.826,1,108.735,0,0,16.298,-ATR,M
Vincent-019_mono,Vincent-019,mono,ʊ,108.73,108.826,2,108.74,0,0,13.637,-ATR,M
Vincent-019_mono,Vincent-019,mono,ʊ,108.73,108.826,3,108.745,126.403,-0.082,18.396,-ATR,M
Vincent-019_mono,Vincent-019,mono,ʊ,108.73,108.826,4,108.75,126.403,-4.274,17.813,-ATR,M
Vincent-019_mono,Vincent-019,mono,ʊ,108.73,108.826,5,108.755,124.047,-2.245,16.664,-ATR,M
Vincent-019_mono,Vincent-019,mono,ʊ,108.73,108.826,6,108.76,121.075,-2.579,13.524,-ATR,M
Vincent-019_mono,Vincent-019,mono,ʊ,108.73,108.826,7,108.765,118.102,-2.209,12.692,-ATR,M
Vincent-019_mono,Vincent-019,mono,ʊ,108.73,108.826,8,108.77,114.449,-2.827,17.705,-ATR,M
Vincent-019_mono,Vincent-019,mono,ʊ,108.73,108.826,9,108.775,110.617,-1.06,13.154,-ATR,M
Vincent-019_mono,Vincent-019,mono,ʊ,108.73,108.826,10,108.78,106.785,-4.064,12.237,-ATR,M
Vincent-019_mono,Vincent-019,mono,ʊ,108.73,108.826,11,108.785,104.637,-3.974,12.337,-ATR,M
Vincent-019_mono,Vincent-019,mono,ʊ,108.73,108.826,12,108.79,102.93,-4.933,15.151,-ATR,M
Vincent-019_mono,Vincent-019,mono,ʊ,108.73,108.826,13,108.795,101.223,-5.329,13.991,-ATR,M
Vincent-019_mono,Vincent-019,mono,ʊ,108.73,108.826,14,108.8,100.031,-4.497,12.939,-ATR,M
Vincent-019_mono,Vincent-019,mono,ʊ,108.73,108.826,15,108.805,98.973,-4.02,12.652,-ATR,M
Vincent-019_mono,Vincent-019,mono,ʊ,108.73,108.826,16,108.81,97.915,-3.212,13.187,-ATR,M
Vincent-019_mono,Vincent-019,mono,ʊ,108.73,108.826,17,108.815,97.696,-0.745,13.374,-ATR,M
Vincent-019_mono,Vincent-019,mono,ʊ,108.73,108.826,18,108.82,0,0,11.37,-ATR,M
Vincent-019_mono,Vincent-019,mono,ʊ,108.73,108.826,19,108.825,0,0,11.15,-ATR,M
Vincent-019_mono,Vincent-019,mono,o,109.484,109.579,1,109.489,0,0,13.721,+ATR,M
Vincent-019_mono,Vincent-019,mono,o,109.484,109.579,2,109.494,135.269,1.8,13.965,+ATR,M
Vincent-019_mono,Vincent-019,mono,o,109.484,109.579,3,109.499,135.269,2.01,16.377,+ATR,M
Vincent-019_mono,Vincent-019,mono,o,109.484,109.579,4,109.504,134.366,3.049,17.853,+ATR,M
Vincent-019_mono,Vincent-019,mono,o,109.484,109.579,5,109.509,133.004,3.686,14.058,+ATR,M
Vincent-019_mono,Vincent-019,mono,o,109.484,109.579,6,109.514,131.642,4.285,15.522,+ATR,M
Vincent-019_mono,Vincent-019,mono,o,109.484,109.579,7,109.519,130.629,3.971,14.707,+ATR,M
Vincent-019_mono,Vincent-019,mono,o,109.484,109.579,8,109.524,129.793,4.554,12.546,+ATR,M
Vincent-019_mono,Vincent-019,mono,o,109.484,109.579,9,109.529,128.957,4.316,18.741,+ATR,M
Vincent-019_mono,Vincent-019,mono,o,109.484,109.579,10,109.534,128.5,3.769,16.743,+ATR,M
Vincent-019_mono,Vincent-019,mono,o,109.484,109.579,11,109.539,128.234,3.616,17.297,+ATR,M
Vincent-019_mono,Vincent-019,mono,o,109.484,109.579,12,109.544,127.968,2.655,14.246,+ATR,M
Vincent-019_mono,Vincent-019,mono,o,109.484,109.579,13,109.549,127.28,0.887,18.245,+ATR,M
Vincent-019_mono,Vincent-019,mono,o,109.484,109.579,14,109.554,126.377,-0.185,13.845,+ATR,M
Vincent-019_mono,Vincent-019,mono,o,109.484,109.579,15,109.559,125.474,-0.741,13.558,+ATR,M
Vincent-019_mono,Vincent-019,mono,o,109.484,109.579,16,109.564,123.506,-0.79,15.875,+ATR,M
Vincent-019_mono,Vincent-019,mono,o,109.484,109.579,17,109.569,120.995,-0.296,19.052,+ATR,M
Vincent-019_mono,Vincent-019,mono,o,109.484,109.579,18,109.574,118.485,-0.537,15.609,+ATR,M
Vincent-019_mono,Vincent-019,mono,o,109.484,109.579,19,109.579,116.702,-0.013,12.853,+ATR,M
Vincent-019_mono,Vincent-019,mono,ɔ,110.693,110.854,1,110.698,179.332,5.104,18.741,-ATR,M
Vincent-019_mono,Vincent-019,mono,ɔ,110.693,110.854,2,110.703,178.886,3.935,14.423,-ATR,M
Vincent-019_mono,Vincent-019,mono,ɔ,110.693,110.854,3,110.708,177.725,3.22,19.323,-ATR,M
Vincent-019_mono,Vincent-019,mono,ɔ,110.693,110.854,4,110.713,176.564,2.141,23.33,-ATR,M
Vincent-019_mono,Vincent-019,mono,ɔ,110.693,110.854,5,110.718,175.287,1.137,21.154,-ATR,M
Vincent-019_mono,Vincent-019,mono,ɔ,110.693,110.854,6,110.723,173.822,0.734,23.082,-ATR,M
Vincent-019_mono,Vincent-019,mono,ɔ,110.693,110.854,7,110.728,172.358,1.59,21.008,-ATR,M
Vincent-019_mono,Vincent-019,mono,ɔ,110.693,110.854,8,110.733,171.387,3.14,20.934,-ATR,M
Vincent-019_mono,Vincent-019,mono,ɔ,110.693,110.854,9,110.738,171.204,4.703,22.634,-ATR,M
Vincent-019_mono,Vincent-019,mono,ɔ,110.693,110.854,10,110.743,171.022,5.555,20.112,-ATR,M
Vincent-019_mono,Vincent-019,mono,ɔ,110.693,110.854,11,110.748,171.349,5.634,20.03,-ATR,M
Vincent-019_mono,Vincent-019,mono,ɔ,110.693,110.854,12,110.753,172.49,5.573,23.125,-ATR,M
Vincent-019_mono,Vincent-019,mono,ɔ,110.693,110.854,13,110.758,173.631,5.417,22.916,-ATR,M
Vincent-019_mono,Vincent-019,mono,ɔ,110.693,110.854,14,110.763,174.41,5.264,23.161,-ATR,M
Vincent-019_mono,Vincent-019,mono,ɔ,110.693,110.854,15,110.768,174.608,5.735,19.149,-ATR,M
Vincent-019_mono,Vincent-019,mono,ɔ,110.693,110.854,16,110.773,174.806,7.164,14.915,-ATR,M
Vincent-019_mono,Vincent-019,mono,ɔ,110.693,110.854,17,110.778,174.731,10.196,15.104,-ATR,M
Vincent-019_mono,Vincent-019,mono,ɔ,110.693,110.854,18,110.783,174.217,16.265,12.239,-ATR,M
Vincent-019_mono,Vincent-019,mono,ɔ,110.693,110.854,19,110.788,173.704,17.367,14.257,-ATR,M
Vincent-019_mono,Vincent-019,mono,ɔ,110.693,110.854,20,110.793,173.413,9.847,13.127,-ATR,M
Vincent-019_mono,Vincent-019,mono,ɔ,110.693,110.854,21,110.798,173.481,4.322,12.89,-ATR,M
Vincent-019_mono,Vincent-019,mono,ɔ,110.693,110.854,22,110.803,173.549,-0.625,12.217,-ATR,M
Vincent-019_mono,Vincent-019,mono,ɔ,110.693,110.854,23,110.808,173.426,-1.42,12.981,-ATR,M
Vincent-019_mono,Vincent-019,mono,ɔ,110.693,110.854,24,110.813,172.998,2.195,13.542,-ATR,M
Vincent-019_mono,Vincent-019,mono,ɔ,110.693,110.854,25,110.818,172.569,2.713,18.229,-ATR,M
Vincent-019_mono,Vincent-019,mono,ɔ,110.693,110.854,26,110.823,172.347,1.302,14.949,-ATR,M
Vincent-019_mono,Vincent-019,mono,ɔ,110.693,110.854,27,110.828,172.454,0.994,13.508,-ATR,M
Vincent-019_mono,Vincent-019,mono,ɔ,110.693,110.854,28,110.833,172.56,4.645,12.477,-ATR,M
Vincent-019_mono,Vincent-019,mono,ɔ,110.693,110.854,29,110.838,172.626,8.835,12.406,-ATR,M
Vincent-019_mono,Vincent-019,mono,ɔ,110.693,110.854,30,110.843,172.626,12.535,14.812,-ATR,M
Vincent-019_mono,Vincent-019,mono,ɔ,110.693,110.854,31,110.848,0,0,13.26,-ATR,M
Vincent-019_mono,Vincent-019,mono,ɔ,110.693,110.854,32,110.853,0,0,13.889,-ATR,M
Vincent-019_mono,Vincent-019,mono,a,111.742,111.823,1,111.748,0,0,15.435,-ATR,M
Vincent-019_mono,Vincent-019,mono,a,111.742,111.823,2,111.753,0,0,10.736,-ATR,M
Vincent-019_mono,Vincent-019,mono,a,111.742,111.823,3,111.758,0,0,14.599,-ATR,M
Vincent-019_mono,Vincent-019,mono,a,111.742,111.823,4,111.763,0,0,12.543,-ATR,M
Vincent-019_mono,Vincent-019,mono,a,111.742,111.823,5,111.768,0,0,12.769,-ATR,M
Vincent-019_mono,Vincent-019,mono,a,111.742,111.823,6,111.773,0,0,15.958,-ATR,M
Vincent-019_mono,Vincent-019,mono,a,111.742,111.823,7,111.778,116.877,3.761,17.565,-ATR,M
Vincent-019_mono,Vincent-019,mono,a,111.742,111.823,8,111.783,116.877,3.823,17.549,-ATR,M
Vincent-019_mono,Vincent-019,mono,a,111.742,111.823,9,111.788,116.877,3.85,17.813,-ATR,M
Vincent-019_mono,Vincent-019,mono,a,111.742,111.823,10,111.793,0,0,12.575,-ATR,M
Vincent-019_mono,Vincent-019,mono,a,111.742,111.823,11,111.798,0,0,20.652,-ATR,M
Vincent-019_mono,Vincent-019,mono,a,111.742,111.823,12,111.803,0,0,18.401,-ATR,M
Vincent-019_mono,Vincent-019,mono,a,111.742,111.823,13,111.808,0,0,17.409,-ATR,M
Vincent-019_mono,Vincent-019,mono,a,111.742,111.823,14,111.813,0,0,21.377,-ATR,M
Vincent-019_mono,Vincent-019,mono,a,111.742,111.823,15,111.818,0,0,13.822,-ATR,M
Vincent-019_mono,Vincent-019,mono,a,111.742,111.823,16,111.823,0,0,12.605,-ATR,M
Yaw-007_mono,Yaw-007,mono,i,125.684,125.792,1,125.69,153.434,15.504,11.844,+ATR,M
Yaw-007_mono,Yaw-007,mono,i,125.684,125.792,2,125.695,156.883,14.876,13.059,+ATR,M
Yaw-007_mono,Yaw-007,mono,i,125.684,125.792,3,125.7,158.54,14.914,11.05,+ATR,M
Yaw-007_mono,Yaw-007,mono,i,125.684,125.792,4,125.705,160.198,17.615,20.48,+ATR,M
Yaw-007_mono,Yaw-007,mono,i,125.684,125.792,5,125.71,161.783,19.088,16.901,+ATR,M
Yaw-007_mono,Yaw-007,mono,i,125.684,125.792,6,125.715,163.301,18.576,20.193,+ATR,M
Yaw-007_mono,Yaw-007,mono,i,125.684,125.792,7,125.72,164.819,18.193,27.041,+ATR,M
Yaw-007_mono,Yaw-007,mono,i,125.684,125.792,8,125.725,165.984,18.371,25.349,+ATR,M
Yaw-007_mono,Yaw-007,mono,i,125.684,125.792,9,125.73,166.815,18.29,23.296,+ATR,M
Yaw-007_mono,Yaw-007,mono,i,125.684,125.792,10,125.735,167.647,17.862,27.12,+ATR,M
Yaw-007_mono,Yaw-007,mono,i,125.684,125.792,11,125.74,168.156,17.873,26.075,+ATR,M
Yaw-007_mono,Yaw-007,mono,i,125.684,125.792,12,125.745,168.362,18.641,22.43,+ATR,M
Yaw-007_mono,Yaw-007,mono,i,125.684,125.792,13,125.75,168.567,19.647,22.438,+ATR,M
Yaw-007_mono,Yaw-007,mono,i,125.684,125.792,14,125.755,168.098,19.399,14.209,+ATR,M
Yaw-007_mono,Yaw-007,mono,i,125.684,125.792,15,125.76,166.992,17.16,15.788,+ATR,M
Yaw-007_mono,Yaw-007,mono,i,125.684,125.792,16,125.765,165.885,15.116,16.074,+ATR,M
Yaw-007_mono,Yaw-007,mono,i,125.684,125.792,17,125.77,164.878,13.177,13.268,+ATR,M
Yaw-007_mono,Yaw-007,mono,i,125.684,125.792,18,125.775,163.966,10.659,12.228,+ATR,M
Yaw-007_mono,Yaw-007,mono,i,125.684,125.792,19,125.78,163.053,10.844,11.735,+ATR,M
Yaw-007_mono,Yaw-007,mono,i,125.684,125.792,20,125.785,162.61,10.741,13.374,+ATR,M
Yaw-007_mono,Yaw-007,mono,i,125.684,125.792,21,125.79,0,0,14.276,+ATR,M
Yaw-007_mono,Yaw-007,mono,ɪ,126.984,127.093,1,126.989,142.756,8.058,13.802,-ATR,M
Yaw-007_mono,Yaw-007,mono,ɪ,126.984,127.093,2,126.994,143.706,6.592,18.647,-ATR,M
Yaw-007_mono,Yaw-007,mono,ɪ,126.984,127.093,3,126.999,144.72,5.781,17.572,-ATR,M
Yaw-007_mono,Yaw-007,mono,ɪ,126.984,127.093,4,127.004,145.847,5.308,23.475,-ATR,M
Yaw-007_mono,Yaw-007,mono,ɪ,126.984,127.093,5,127.009,146.973,4.801,26.036,-ATR,M
Yaw-007_mono,Yaw-007,mono,ɪ,126.984,127.093,6,127.014,147.933,4.338,25.621,-ATR,M
Yaw-007_mono,Yaw-007,mono,ɪ,126.984,127.093,7,127.019,148.607,3.815,23.651,-ATR,M
Yaw-007_mono,Yaw-007,mono,ɪ,126.984,127.093,8,127.024,149.282,3.438,27.268,-ATR,M
Yaw-007_mono,Yaw-007,mono,ɪ,126.984,127.093,9,127.029,149.74,2.99,24.71,-ATR,M
Yaw-007_mono,Yaw-007,mono,ɪ,126.984,127.093,10,127.034,149.826,2.537,23.526,-ATR,M
Yaw-007_mono,Yaw-007,mono,ɪ,126.984,127.093,11,127.039,149.911,2.274,23.419,-ATR,M
Yaw-007_mono,Yaw-007,mono,ɪ,126.984,127.093,12,127.044,149.769,2.254,26.045,-ATR,M
Yaw-007_mono,Yaw-007,mono,ɪ,126.984,127.093,13,127.049,149.234,2.217,24.668,-ATR,M
Yaw-007_mono,Yaw-007,mono,ɪ,126.984,127.093,14,127.054,148.699,2.247,22.315,-ATR,M
Yaw-007_mono,Yaw-007,mono,ɪ,126.984,127.093,15,127.059,148.086,2.253,23.042,-ATR,M
Yaw-007_mono,Yaw-007,mono,ɪ,126.984,127.093,16,127.064,147.338,1.627,23.561,-ATR,M
Yaw-007_mono,Yaw-007,mono,ɪ,126.984,127.093,17,127.069,146.59,1.073,24.582,-ATR,M
Yaw-007_mono,Yaw-007,mono,ɪ,126.984,127.093,18,127.074,145.973,0.713,22.282,-ATR,M
Yaw-007_mono,Yaw-007,mono,ɪ,126.984,127.093,19,127.079,145.579,0.237,22.352,-ATR,M
Yaw-007_mono,Yaw-007,mono,ɪ,126.984,127.093,20,127.084,145.186,-0.368,22.637,-ATR,M
Yaw-007_mono,Yaw-007,mono,ɪ,126.984,127.093,21,127.089,144.944,-0.792,22.373,-ATR,M
Yaw-007_mono,Yaw-007,mono,e,128.695,128.796,1,128.7,125.736,10.051,11.717,+ATR,M
Yaw-007_mono,Yaw-007,mono,e,128.695,128.796,2,128.705,124.694,7.912,12.973,+ATR,M
Yaw-007_mono,Yaw-007,mono,e,128.695,128.796,3,128.71,123.057,7.151,11.743,+ATR,M
Yaw-007_mono,Yaw-007,mono,e,128.695,128.796,4,128.715,121.087,9.605,14.828,+ATR,M
Yaw-007_mono,Yaw-007,mono,e,128.695,128.796,5,128.72,119.118,10.781,14.215,+ATR,M
Yaw-007_mono,Yaw-007,mono,e,128.695,128.796,6,128.725,118.953,7.418,14.067,+ATR,M
Yaw-007_mono,Yaw-007,mono,e,128.695,128.796,7,128.73,119.797,6.531,15.493,+ATR,M
Yaw-007_mono,Yaw-007,mono,e,128.695,128.796,8,128.735,120.642,4.637,13.304,+ATR,M
Yaw-007_mono,Yaw-007,mono,e,128.695,128.796,9,128.74,121.287,1.322,12.398,+ATR,M
Yaw-007_mono,Yaw-007,mono,e,128.695,128.796,10,128.745,121.821,0.264,14.482,+ATR,M
Yaw-007_mono,Yaw-007,mono,e,128.695,128.796,11,128.75,122.355,-0.828,14.115,+ATR,M
Yaw-007_mono,Yaw-007,mono,e,128.695,128.796,12,128.755,122.556,-1.199,16.91,+ATR,M
Yaw-007_mono,Yaw-007,mono,e,128.695,128.796,13,128.76,122.573,-1.43,18.846,+ATR,M
Yaw-007_mono,Yaw-007,mono,e,128.695,128.796,14,128.765,122.589,-1.562,20.898,+ATR,M
Yaw-007_mono,Yaw-007,mono,e,128.695,128.796,15,128.77,122.396,-1.665,23.399,+ATR,M
Yaw-007_mono,Yaw-007,mono,e,128.695,128.796,16,128.775,122.085,-2.066,22.189,+ATR,M
Yaw-007_mono,Yaw-007,mono,e,128.695,128.796,17,128.78,121.774,-2.055,19.663,+ATR,M
Yaw-007_mono,Yaw-007,mono,e,128.695,128.796,18,128.785,120.768,-1.794,14.927,+ATR,M
Yaw-007_mono,Yaw-007,mono,e,128.695,128.796,19,128.79,119.375,1.095,13.973,+ATR,M
Yaw-007_mono,Yaw-007,mono,e,128.695,128.796,20,128.795,117.981,3.885,18.911,+ATR,M
Yaw-007_mono,Yaw-007,mono,ɛ,130.106,130.2,1,130.112,0,0,15.682,-ATR,M
Yaw-007_mono,Yaw-007,mono,ɛ,130.106,130.2,2,130.117,0,0,14.215,-ATR,M
Yaw-007_mono,Yaw-007,mono,ɛ,130.106,130.2,3,130.122,0,0,12.141,-ATR,M
Yaw-007_mono,Yaw-007,mono,ɛ,130.106,130.2,4,130.127,116.146,7.758,13.41,-ATR,M
Yaw-007_mono,Yaw-007,mono,ɛ,130.106,130.2,5,130.132,116.146,7.53,12.788,-ATR,M
Yaw-007_mono,Yaw-007,mono,ɛ,130.106,130.2,6,130.137,116.764,5.177,11.564,-ATR,M
Yaw-007_mono,Yaw-007,mono,ɛ,130.106,130.2,7,130.142,117.412,4.006,14.051,-ATR,M
Yaw-007_mono,Yaw-007,mono,ɛ,130.106,130.2,8,130.147,118.06,3.636,15.173,-ATR,M
Yaw-007_mono,Yaw-007,mono,ɛ,130.106,130.2,9,130.152,118.446,2.298,18.279,-ATR,M
Yaw-007_mono,Yaw-007,mono,ɛ,130.106,130.2,10,130.157,118.819,1.748,20.095,-ATR,M
Yaw-007_mono,Yaw-007,mono,ɛ,130.106,130.2,11,130.162,119.192,1.133,18.72,-ATR,M
Yaw-007_mono,Yaw-007,mono,ɛ,130.106,130.2,12,130.167,119.332,1.122,21.044,-ATR,M
Yaw-007_mono,Yaw-007,mono,ɛ,130.106,130.2,13,130.172,119.461,0.987,19.259,-ATR,M
Yaw-007_mono,Yaw-007,mono,ɛ,130.106,130.2,14,130.177,119.59,1.428,20.727,-ATR,M
Yaw-007_mono,Yaw-007,mono,ɛ,130.106,130.2,15,130.182,119.17,1.766,20.665,-ATR,M
Yaw-007_mono,Yaw-007,mono,ɛ,130.106,130.2,16,130.187,118.723,2.642,16.209,-ATR,M
Yaw-007_mono,Yaw-007,mono,ɛ,130.106,130.2,17,130.192,118.276,5.133,14.316,-ATR,M
Yaw-007_mono,Yaw-007,mono,ɛ,130.106,130.2,18,130.197,118.36,8.982,13.709,-ATR,M
Yaw-007_mono,Yaw-007,mono,æ,132.006,132.121,1,132.011,124.64,9.866,11.203,+ATR,M
Yaw-007_mono,Yaw-007,mono,æ,132.006,132.121,2,132.016,123.678,12.544,11.932,+ATR,M
Yaw-007_mono,Yaw-007,mono,æ,132.006,132.121,3,132.021,122.717,10.954,11.338,+ATR,M
Yaw-007_mono,Yaw-007,mono,æ,132.006,132.121,4,132.026,122.837,10.17,14.222,+ATR,M
Yaw-007_mono,Yaw-007,mono,æ,132.006,132.121,5,132.031,123.184,8.697,13.179,+ATR,M
Yaw-007_mono,Yaw-007,mono,æ,132.006,132.121,6,132.036,123.53,6.701,12.189,+ATR,M
Yaw-007_mono,Yaw-007,mono,æ,132.006,132.121,7,132.041,123.532,5.54,15.91,+ATR,M
Yaw-007_mono,Yaw-007,mono,æ,132.006,132.121,8,132.046,123.463,4.531,11.01,+ATR,M
Yaw-007_mono,Yaw-007,mono,æ,132.006,132.121,9,132.051,123.394,4.403,11.379,+ATR,M
Yaw-007_mono,Yaw-007,mono,æ,132.006,132.121,10,132.056,123.767,4.614,19.701,+ATR,M
Yaw-007_mono,Yaw-007,mono,æ,132.006,132.121,11,132.061,124.233,4.874,17.028,+ATR,M
Yaw-007_mono,Yaw-007,mono,æ,132.006,132.121,12,132.066,124.698,5.331,24.215,+ATR,M
Yaw-007_mono,Yaw-007,mono,æ,132.006,132.121,13,132.071,124.814,5.494,24.121,+ATR,M
Yaw-007_mono,Yaw-007,mono,æ,132.006,132.121,14,132.076,124.857,5.543,23.425,+ATR,M
Yaw-007_mono,Yaw-007,mono,æ,132.006,132.121,15,132.081,124.9,5.652,21.605,+ATR,M
Yaw-007_mono,Yaw-007,mono,æ,132.006,132.121,16,132.086,125.179,5.714,14.693,+ATR,M
Yaw-007_mono,Yaw-007,mono,æ,132.006,132.121,17,132.091,125.509,6.334,17.484,+ATR,M
Yaw-007_mono,Yaw-007,mono,æ,132.006,132.121,18,132.096,125.838,6.878,21.636,+ATR,M
Yaw-007_mono,Yaw-007,mono,æ,132.006,132.121,19,132.101,125.893,6.913,16.28,+ATR,M
Yaw-007_mono,Yaw-007,mono,æ,132.006,132.121,20,132.106,125.891,6.246,18.006,+ATR,M
Yaw-007_mono,Yaw-007,mono,æ,132.006,132.121,21,132.111,125.89,5.7,18.813,+ATR,M
Yaw-007_mono,Yaw-007,mono,æ,132.006,132.121,22,132.116,124.996,5.838,18.727,+ATR,M
Yaw-007_mono,Yaw-007,mono,æ,132.006,132.121,23,132.121,123.917,7.067,13.766,+ATR,M
Yaw-007_mono,Yaw-007,mono,u,132.19,132.283,1,132.195,145.426,10.154,12.458,+ATR,M
Yaw-007_mono,Yaw-007,mono,u,132.19,132.283,2,132.2,147.213,9.394,13.322,+ATR,M
Yaw-007_mono,Yaw-007,mono,u,132.19,132.283,3,132.205,148.877,10.509,17.201,+ATR,M
Yaw-007_mono,Yaw-007,mono,u,132.19,132.283,4,132.21,150.477,11.569,17.513,+ATR,M
Yaw-007_mono,Yaw-007,mono,u,132.19,132.283,5,132.215,152.077,12.565,20.245,+ATR,M
Yaw-007_mono,Yaw-007,mono,u,132.19,132.283,6,132.22,153.506,13.511,20.584,+ATR,M
Yaw-007_mono,Yaw-007,mono,u,132.19,132.283,7,132.225,154.848,14.26,22.307,+ATR,M
Yaw-007_mono,Yaw-007,mono,u,132.19,132.283,8,132.23,156.19,14.253,21.532,+ATR,M
Yaw-007_mono,Yaw-007,mono,u,132.19,132.283,9,132.235,156.978,14.472,22.06,+ATR,M
Yaw-007_mono,Yaw-007,mono,u,132.19,132.283,10,132.24,157.483,14.939,18.31,+ATR,M
Yaw-007_mono,Yaw-007,mono,u,132.19,132.283,11,132.245,157.987,15.274,13.125,+ATR,M
Yaw-007_mono,Yaw-007,mono,u,132.19,132.283,12,132.25,157.62,14.995,13.741,+ATR,M
Yaw-007_mono,Yaw-007,mono,u,132.19,132.283,13,132.255,156.807,15.343,16.011,+ATR,M
Yaw-007_mono,Yaw-007,mono,u,132.19,132.283,14,132.26,155.994,17.039,13.778,+ATR,M
Yaw-007_mono,Yaw-007,mono,u,132.19,132.283,15,132.265,154.319,19.44,15.474,+ATR,M
Yaw-007_mono,Yaw-007,mono,u,132.19,132.283,16,132.27,152.202,20.732,16.115,+ATR,M
Yaw-007_mono,Yaw-007,mono,u,132.19,132.283,17,132.275,150.084,18.784,16.774,+ATR,M
Yaw-007_mono,Yaw-007,mono,u,132.19,132.283,18,132.28,149.367,19.009,14.481,+ATR,M
Yaw-007_mono,Yaw-007,mono,ʊ,133.331,133.417,1,133.337,125.37,17.133,12.488,-ATR,M
Yaw-007_mono,Yaw-007,mono,ʊ,133.331,133.417,2,133.342,125.37,10.53,13.721,-ATR,M
Yaw-007_mono,Yaw-007,mono,ʊ,133.331,133.417,3,133.347,123.996,6.181,19.452,-ATR,M
Yaw-007_mono,Yaw-007,mono,ʊ,133.331,133.417,4,133.352,122.566,4.734,19.463,-ATR,M
Yaw-007_mono,Yaw-007,mono,ʊ,133.331,133.417,5,133.357,121.136,3.532,25.603,-ATR,M
Yaw-007_mono,Yaw-007,mono,ʊ,133.331,133.417,6,133.362,119.156,2.961,20.849,-ATR,M
Yaw-007_mono,Yaw-007,mono,ʊ,133.331,133.417,7,133.367,117.153,2.166,19.694,-ATR,M
Yaw-007_mono,Yaw-007,mono,ʊ,133.331,133.417,8,133.372,115.15,0.855,20.66,-ATR,M
Yaw-007_mono,Yaw-007,mono,ʊ,133.331,133.417,9,133.377,112.897,-0.249,14.093,-ATR,M
Yaw-007_mono,Yaw-007,mono,ʊ,133.331,133.417,10,133.382,110.634,-0.716,18.443,-ATR,M
Yaw-007_mono,Yaw-007,mono,ʊ,133.331,133.417,11,133.387,108.371,-0.891,12.962,-ATR,M
Yaw-007_mono,Yaw-007,mono,ʊ,133.331,133.417,12,133.392,108.283,-1.428,14.774,-ATR,M
Yaw-007_mono,Yaw-007,mono,ʊ,133.331,133.417,13,133.397,0,0,13.507,-ATR,M
Yaw-007_mono,Yaw-007,mono,ʊ,133.331,133.417,14,133.402,0,0,12.72,-ATR,M
Yaw-007_mono,Yaw-007,mono,ʊ,133.331,133.417,15,133.407,0,0,15.905,-ATR,M
Yaw-007_mono,Yaw-007,mono,ʊ,133.331,133.417,16,133.412,0,0,12.781,-ATR,M
Yaw-007_mono,Yaw-007,mono,ʊ,133.331,133.417,17,133.417,0,0,13.133,-ATR,M
Yaw-007_mono,Yaw-007,mono,o,134.344,134.448,1,134.35,153.294,6.59,12.783,+ATR,M
Yaw-007_mono,Yaw-007,mono,o,134.344,134.448,2,134.355,144.626,12.174,11.542,+ATR,M
Yaw-007_mono,Yaw-007,mono,o,134.344,134.448,3,134.36,135.958,7.892,12.941,+ATR,M
Yaw-007_mono,Yaw-007,mono,o,134.344,134.448,4,134.365,130.732,8.096,19.451,+ATR,M
Yaw-007_mono,Yaw-007,mono,o,134.344,134.448,5,134.37,129.269,4.869,13.991,+ATR,M
Yaw-007_mono,Yaw-007,mono,o,134.344,134.448,6,134.375,127.805,4.043,12.042,+ATR,M
Yaw-007_mono,Yaw-007,mono,o,134.344,134.448,7,134.38,127.106,3.633,12.243,+ATR,M
Yaw-007_mono,Yaw-007,mono,o,134.344,134.448,8,134.385,127.241,7.114,18.231,+ATR,M
Yaw-007_mono,Yaw-007,mono,o,134.344,134.448,9,134.39,127.377,6.097,16.126,+ATR,M
Yaw-007_mono,Yaw-007,mono,o,134.344,134.448,10,134.395,127.378,5.066,15.105,+ATR,M
Yaw-007_mono,Yaw-007,mono,o,134.344,134.448,11,134.4,127.234,3.422,20.389,+ATR,M
Yaw-007_mono,Yaw-007,mono,o,134.344,134.448,12,134.405,127.09,2.687,20.421,+ATR,M
Yaw-007_mono,Yaw-007,mono,o,134.344,134.448,13,134.41,126.739,2.175,22.903,+ATR,M
Yaw-007_mono,Yaw-007,mono,o,134.344,134.448,14,134.415,126.163,2.256,22.127,+ATR,M
Yaw-007_mono,Yaw-007,mono,o,134.344,134.448,15,134.42,125.587,2.019,24.392,+ATR,M
Yaw-007_mono,Yaw-007,mono,o,134.344,134.448,16,134.425,124.796,1.488,22.831,+ATR,M
Yaw-007_mono,Yaw-007,mono,o,134.344,134.448,17,134.43,123.769,1.243,17.392,+ATR,M
Yaw-007_mono,Yaw-007,mono,o,134.344,134.448,18,134.435,122.742,1.214,16.857,+ATR,M
Yaw-007_mono,Yaw-007,mono,o,134.344,134.448,19,134.44,121.443,2.332,15.11,+ATR,M
Yaw-007_mono,Yaw-007,mono,o,134.344,134.448,20,134.445,119.849,3.755,14.113,+ATR,M
Yaw-007_mono,Yaw-007,mono,ɔ,136.959,137.063,1,136.964,153.49,15.678,16.685,-ATR,M
Yaw-007_mono,Yaw-007,mono,ɔ,136.959,137.063,2,136.969,151.579,13.869,13.66,-ATR,M
Yaw-007_mono,Yaw-007,mono,ɔ,136.959,137.063,3,136.974,150.42,11.325,19.809,-ATR,M
Yaw-007_mono,Yaw-007,mono,ɔ,136.959,137.063,4,136.979,150.167,9.559,26.22,-ATR,M
Yaw-007_mono,Yaw-007,mono,ɔ,136.959,137.063,5,136.984,149.913,8.693,24.944,-ATR,M
Yaw-007_mono,Yaw-007,mono,ɔ,136.959,137.063,6,136.989,149.885,8.133,25.274,-ATR,M
Yaw-007_mono,Yaw-007,mono,ɔ,136.959,137.063,7,136.994,150.129,7.874,26.547,-ATR,M
Yaw-007_mono,Yaw-007,mono,ɔ,136.959,137.063,8,136.999,150.372,7.999,28.714,-ATR,M
Yaw-007_mono,Yaw-007,mono,ɔ,136.959,137.063,9,137.004,150.482,8.238,29.023,-ATR,M
Yaw-007_mono,Yaw-007,mono,ɔ,136.959,137.063,10,137.009,150.432,8.358,29.662,-ATR,M
Yaw-007_mono,Yaw-007,mono,ɔ,136.959,137.063,11,137.014,150.381,8.504,27.216,-ATR,M
Yaw-007_mono,Yaw-007,mono,ɔ,136.959,137.063,12,137.019,149.941,9.135,26.606,-ATR,M
Yaw-007_mono,Yaw-007,mono,ɔ,136.959,137.063,13,137.024,149.032,10.13,24.029,-ATR,M
Yaw-007_mono,Yaw-007,mono,ɔ,136.959,137.063,14,137.029,148.122,10.063,23.341,-ATR,M
Yaw-007_mono,Yaw-007,mono,ɔ,136.959,137.063,15,137.034,146.657,11.82,19.062,-ATR,M
Yaw-007_mono,Yaw-007,mono,ɔ,136.959,137.063,16,137.039,144.523,15.396,12.633,-ATR,M
Yaw-007_mono,Yaw-007,mono,ɔ,136.959,137.063,17,137.044,142.388,27.182,13.417,-ATR,M
Yaw-007_mono,Yaw-007,mono,ɔ,136.959,137.063,18,137.049,140.158,20.839,14.856,-ATR,M
Yaw-007_mono,Yaw-007,mono,ɔ,136.959,137.063,19,137.054,137.812,15.151,15.517,-ATR,M
Yaw-007_mono,Yaw-007,mono,ɔ,136.959,137.063,20,137.059,135.466,12.127,14.562,-ATR,M
Yaw-007_mono,Yaw-007,mono,a,138.591,138.688,1,138.596,117.522,9.132,12.425,-ATR,M
Yaw-007_mono,Yaw-007,mono,a,138.591,138.688,2,138.601,117.319,7.266,11.496,-ATR,M
Yaw-007_mono,Yaw-007,mono,a,138.591,138.688,3,138.606,117.115,7.246,11.557,-ATR,M
Yaw-007_mono,Yaw-007,mono,a,138.591,138.688,4,138.611,117.901,4.884,11.618,-ATR,M
Yaw-007_mono,Yaw-007,mono,a,138.591,138.688,5,138.616,118.95,3.31,14.996,-ATR,M
Yaw-007_mono,Yaw-007,mono,a,138.591,138.688,6,138.621,119.999,2.771,17.95,-ATR,M
Yaw-007_mono,Yaw-007,mono,a,138.591,138.688,7,138.626,120.933,2.671,16.338,-ATR,M
Yaw-007_mono,Yaw-007,mono,a,138.591,138.688,8,138.631,121.836,2.342,12.804,-ATR,M
Yaw-007_mono,Yaw-007,mono,a,138.591,138.688,9,138.636,122.74,2.394,16.734,-ATR,M
Yaw-007_mono,Yaw-007,mono,a,138.591,138.688,10,138.641,123.247,2.291,18.688,-ATR,M
Yaw-007_mono,Yaw-007,mono,a,138.591,138.688,11,138.646,123.649,2.468,20.709,-ATR,M
Yaw-007_mono,Yaw-007,mono,a,138.591,138.688,12,138.651,124.051,2.63,22.312,-ATR,M
Yaw-007_mono,Yaw-007,mono,a,138.591,138.688,13,138.656,124.378,2.831,17.742,-ATR,M
Yaw-007_mono,Yaw-007,mono,a,138.591,138.688,14,138.661,124.686,3.027,23.318,-ATR,M
Yaw-007_mono,Yaw-007,mono,a,138.591,138.688,15,138.666,124.993,2.82,21.84,-ATR,M
Yaw-007_mono,Yaw-007,mono,a,138.591,138.688,16,138.671,125.098,1.861,16.146,-ATR,M
Yaw-007_mono,Yaw-007,mono,a,138.591,138.688,17,138.676,125.15,1.072,18.68,-ATR,M
Yaw-007_mono,Yaw-007,mono,a,138.591,138.688,18,138.681,125.202,1.227,17.311,-ATR,M
Yaw-007_mono,Yaw-007,mono,a,138.591,138.688,19,138.686,124.022,2.434,15.87,-ATR,M
Okrah,,mono,i,1.964,2.088,1,1.97,136.701,15.057,14.735,+ATR,M
Okrah,,mono,i,1.964,2.088,2,1.975,137.606,7.825,15.139,+ATR,M
Okrah,,mono,i,1.964,2.088,3,1.98,138.51,5.726,14.324,+ATR,M
Okrah,,mono,i,1.964,2.088,4,1.985,139.258,4.858,12.673,+ATR,M
Okrah,,mono,i,1.964,2.088,5,1.99,139.49,5.327,17.418,+ATR,M
Okrah,,mono,i,1.964,2.088,6,1.995,139.722,6.45,16.027,+ATR,M
Okrah,,mono,i,1.964,2.088,7,2,139.716,6.814,17.424,+ATR,M
Okrah,,mono,i,1.964,2.088,8,2.005,138.931,8.25,16.653,+ATR,M
Okrah,,mono,i,1.964,2.088,9,2.01,138.145,10.723,19.24,+ATR,M
Okrah,,mono,i,1.964,2.088,10,2.015,137.139,13.885,13.472,+ATR,M
Okrah,,mono,i,1.964,2.088,11,2.02,135.409,15.425,13.568,+ATR,M
Okrah,,mono,i,1.964,2.088,12,2.025,133.678,16.101,16.158,+ATR,M
Okrah,,mono,i,1.964,2.088,13,2.03,131.831,15.66,14.659,+ATR,M
Okrah,,mono,i,1.964,2.088,14,2.035,129.601,14.468,17.201,+ATR,M
Okrah,,mono,i,1.964,2.088,15,2.04,127.372,16.072,12.744,+ATR,M
Okrah,,mono,i,1.964,2.088,16,2.045,125.026,17.304,13.846,+ATR,M
Okrah,,mono,i,1.964,2.088,17,2.05,122.303,20.771,14.13,+ATR,M
Okrah,,mono,i,1.964,2.088,18,2.055,119.58,23.563,11.646,+ATR,M
Okrah,,mono,i,1.964,2.088,19,2.06,117.055,18.089,12.633,+ATR,M
Okrah,,mono,i,1.964,2.088,20,2.065,115.178,16.026,14.047,+ATR,M
Okrah,,mono,i,1.964,2.088,21,2.07,113.302,23.735,16.209,+ATR,M
Okrah,,mono,i,1.964,2.088,22,2.075,111.864,12.945,15.126,+ATR,M
Okrah,,mono,i,1.964,2.088,23,2.08,111.864,8.358,13.778,+ATR,M
Okrah,,mono,i,1.964,2.088,24,2.085,0,0,14.694,+ATR,M
Okrah,,mono,ɪ,4.993,5.089,1,4.999,156.853,6.419,14.533,-ATR,M
Okrah,,mono,ɪ,4.993,5.089,2,5.004,159.313,4.83,15.263,-ATR,M
Okrah,,mono,ɪ,4.993,5.089,3,5.009,161.763,7.85,15.864,-ATR,M
Okrah,,mono,ɪ,4.993,5.089,4,5.014,164.212,10.55,14.527,-ATR,M
Okrah,,mono,ɪ,4.993,5.089,5,5.019,165.963,11.939,13.355,-ATR,M
Okrah,,mono,ɪ,4.993,5.089,6,5.024,167.709,13.289,10.922,-ATR,M
Okrah,,mono,ɪ,4.993,5.089,7,5.029,169.455,15.648,12.933,-ATR,M
Okrah,,mono,ɪ,4.993,5.089,8,5.034,169.959,16.731,20.226,-ATR,M
Okrah,,mono,ɪ,4.993,5.089,9,5.039,170.455,18.031,21.119,-ATR,M
Okrah,,mono,ɪ,4.993,5.089,10,5.044,170.952,19.321,22.908,-ATR,M
Okrah,,mono,ɪ,4.993,5.089,11,5.049,170.31,18.701,23.903,-ATR,M
Okrah,,mono,ɪ,4.993,5.089,12,5.054,169.661,15.885,21.613,-ATR,M
Okrah,,mono,ɪ,4.993,5.089,13,5.059,169.012,13.02,24.047,-ATR,M
Okrah,,mono,ɪ,4.993,5.089,14,5.064,168.162,10.958,25.076,-ATR,M
Okrah,,mono,ɪ,4.993,5.089,15,5.069,167.311,9.64,24.898,-ATR,M
Okrah,,mono,ɪ,4.993,5.089,16,5.074,166.46,8.804,26.665,-ATR,M
Okrah,,mono,ɪ,4.993,5.089,17,5.079,166.122,8.242,27.312,-ATR,M
Okrah,,mono,ɪ,4.993,5.089,18,5.084,165.787,7.892,25.968,-ATR,M
Okrah,,mono,ɪ,4.993,5.089,19,5.089,165.451,7.826,26.676,-ATR,M
Okrah,,mono,e,7.904,8.026,1,7.909,0,0,13.925,+ATR,M
Okrah,,mono,e,7.904,8.026,2,7.914,0,0,12.323,+ATR,M
Okrah,,mono,e,7.904,8.026,3,7.919,155.219,12.023,15.94,+ATR,M
Okrah,,mono,e,7.904,8.026,4,7.924,155.239,10.564,17.22,+ATR,M
Okrah,,mono,e,7.904,8.026,5,7.929,155.357,10.97,19.933,+ATR,M
Okrah,,mono,e,7.904,8.026,6,7.934,155.475,11.517,17.411,+ATR,M
Okrah,,mono,e,7.904,8.026,7,7.939,155.529,9.856,21.702,+ATR,M
Okrah,,mono,e,7.904,8.026,8,7.944,155.281,9.466,20.645,+ATR,M
Okrah,,mono,e,7.904,8.026,9,7.949,155.033,10.028,22.57,+ATR,M
Okrah,,mono,e,7.904,8.026,10,7.954,154.716,10.591,23.467,+ATR,M
Okrah,,mono,e,7.904,8.026,11,7.959,154.071,11.233,19.962,+ATR,M
Okrah,,mono,e,7.904,8.026,12,7.964,153.427,11.713,24.556,+ATR,M
Okrah,,mono,e,7.904,8.026,13,7.969,152.806,12.174,22.992,+ATR,M
Okrah,,mono,e,7.904,8.026,14,7.974,152.296,12.543,25.46,+ATR,M
Okrah,,mono,e,7.904,8.026,15,7.979,151.787,12.838,21.854,+ATR,M
Okrah,,mono,e,7.904,8.026,16,7.984,151.322,13.295,23.696,+ATR,M
Okrah,,mono,e,7.904,8.026,17,7.989,151.071,13.725,21.781,+ATR,M
Okrah,,mono,e,7.904,8.026,18,7.994,150.82,14.544,20.703,+ATR,M
Okrah,,mono,e,7.904,8.026,19,7.999,150.536,15.391,20.6,+ATR,M
Okrah,,mono,e,7.904,8.026,20,8.004,150.097,16.225,21.022,+ATR,M
Okrah,,mono,e,7.904,8.026,21,8.009,149.659,17.043,20.368,+ATR,M
Okrah,,mono,e,7.904,8.026,22,8.014,149.106,16.933,18.007,+ATR,M
Okrah,,mono,e,7.904,8.026,23,8.019,148.016,10.797,13.782,+ATR,M
Okrah,,mono,e,7.904,8.026,24,8.024,146.926,7.099,13.538,+ATR,M
Okrah,,mono,ɛ,10.862,10.998,1,10.867,0,0,12.789,-ATR,M
Okrah,,mono,ɛ,10.862,10.998,2,10.872,0,0,12.608,-ATR,M
Okrah,,mono,ɛ,10.862,10.998,3,10.877,0,0,15.419,-ATR,M
Okrah,,mono,ɛ,10.862,10.998,4,10.882,0,0,14.489,-ATR,M
Okrah,,mono,ɛ,10.862,10.998,5,10.887,143.387,8.895,11.156,-ATR,M
Okrah,,mono,ɛ,10.862,10.998,6,10.892,143.387,12.718,17.239,-ATR,M
Okrah,,mono,ɛ,10.862,10.998,7,10.897,144.975,13.274,16.22,-ATR,M
Okrah,,mono,ɛ,10.862,10.998,8,10.902,147.162,9.147,25.261,-ATR,M
Okrah,,mono,ɛ,10.862,10.998,9,10.907,149.349,10.153,20.825,-ATR,M
Okrah,,mono,ɛ,10.862,10.998,10,10.912,150.262,9.424,23.266,-ATR,M
Okrah,,mono,ɛ,10.862,10.998,11,10.917,150.693,9.368,26.032,-ATR,M
Okrah,,mono,ɛ,10.862,10.998,12,10.922,151.125,9.277,26.75,-ATR,M
Okrah,,mono,ɛ,10.862,10.998,13,10.927,151.383,9.146,25.381,-ATR,M
Okrah,,mono,ɛ,10.862,10.998,14,10.932,151.576,9.084,25.659,-ATR,M
Okrah,,mono,ɛ,10.862,10.998,15,10.937,151.769,9.158,24.523,-ATR,M
Okrah,,mono,ɛ,10.862,10.998,16,10.942,151.947,9.26,24.496,-ATR,M
Okrah,,mono,ɛ,10.862,10.998,17,10.947,152.12,9.338,26.106,-ATR,M
Okrah,,mono,ɛ,10.862,10.998,18,10.952,152.293,9.467,25.344,-ATR,M
Okrah,,mono,ɛ,10.862,10.998,19,10.957,152.125,9.618,24.865,-ATR,M
Okrah,,mono,ɛ,10.862,10.998,20,10.962,151.83,9.737,24.425,-ATR,M
Okrah,,mono,ɛ,10.862,10.998,21,10.967,151.534,9.866,24.276,-ATR,M
Okrah,,mono,ɛ,10.862,10.998,22,10.972,150.713,10.203,24.062,-ATR,M
Okrah,,mono,ɛ,10.862,10.998,23,10.977,149.694,10.812,22.734,-ATR,M
Okrah,,mono,ɛ,10.862,10.998,24,10.982,148.675,11.291,24.151,-ATR,M
Okrah,,mono,ɛ,10.862,10.998,25,10.987,147.554,12.229,17.921,-ATR,M
Okrah,,mono,ɛ,10.862,10.998,26,10.992,146.395,13.985,15.638,-ATR,M
Okrah,,mono,ɛ,10.862,10.998,27,10.997,145.235,16.846,11.888,-ATR,M
Okrah,,mono,æ,13.754,13.835,1,13.76,146.701,30.66,20.327,+ATR,M
Okrah,,mono,æ,13.754,13.835,2,13.765,146.509,12.563,19.324,+ATR,M
Okrah,,mono,æ,13.754,13.835,3,13.77,146.317,8.017,25.351,+ATR,M
Okrah,,mono,æ,13.754,13.835,4,13.775,146.247,7.604,18.578,+ATR,M
Okrah,,mono,æ,13.754,13.835,5,13.78,146.642,8.27,21.466,+ATR,M
Okrah,,mono,æ,13.754,13.835,6,13.785,147.037,8.65,23.366,+ATR,M
Okrah,,mono,æ,13.754,13.835,7,13.79,147.439,9.402,19.941,+ATR,M
Okrah,,mono,æ,13.754,13.835,8,13.795,147.866,10.014,24.617,+ATR,M
Okrah,,mono,æ,13.754,13.835,9,13.8,148.293,10.135,24.128,+ATR,M
Okrah,,mono,æ,13.754,13.835,10,13.805,148.648,10.082,24.481,+ATR,M
Okrah,,mono,æ,13.754,13.835,11,13.81,148.722,9.689,24.519,+ATR,M
Okrah,,mono,æ,13.754,13.835,12,13.815,148.796,9.453,25.39,+ATR,M
Okrah,,mono,æ,13.754,13.835,13,13.82,148.761,9.233,24.693,+ATR,M
Okrah,,mono,æ,13.754,13.835,14,13.825,148.302,9.257,21.313,+ATR,M
Okrah,,mono,æ,13.754,13.835,15,13.83,147.843,10.719,13.982,+ATR,M
Okrah,,mono,æ,13.754,13.835,16,13.835,147.34,12.654,10.423,+ATR,M
Okrah,,mono,u,13.941,14.08,1,13.946,161.348,4.215,11.7,+ATR,M
Okrah,,mono,u,13.941,14.08,2,13.951,163.299,2.646,13.968,+ATR,M
Okrah,,mono,u,13.941,14.08,3,13.956,165.654,4.083,12.537,+ATR,M
Okrah,,mono,u,13.941,14.08,4,13.961,168.331,4.107,15.442,+ATR,M
Okrah,,mono,u,13.941,14.08,5,13.966,171.007,5.007,13.229,+ATR,M
Okrah,,mono,u,13.941,14.08,6,13.971,173.354,7.17,15.042,+ATR,M
Okrah,,mono,u,13.941,14.08,7,13.976,175.436,6.497,14.814,+ATR,M
Okrah,,mono,u,13.941,14.08,8,13.981,177.519,6.519,15.06,+ATR,M
Okrah,,mono,u,13.941,14.08,9,13.986,178.844,7.182,16.695,+ATR,M
Okrah,,mono,u,13.941,14.08,10,13.991,179.564,7.52,23.245,+ATR,M
Okrah,,mono,u,13.941,14.08,11,13.996,180.285,8.026,21.61,+ATR,M
Okrah,,mono,u,13.941,14.08,12,14.001,180.443,8.528,20.643,+ATR,M
Okrah,,mono,u,13.941,14.08,13,14.006,180.151,8.862,19.007,+ATR,M
Okrah,,mono,u,13.941,14.08,14,14.011,179.86,9.339,20.521,+ATR,M
Okrah,,mono,u,13.941,14.08,15,14.016,179.101,10.141,16.726,+ATR,M
Okrah,,mono,u,13.941,14.08,16,14.021,177.97,11.474,11.997,+ATR,M
Okrah,,mono,u,13.941,14.08,17,14.026,176.838,9.286,15.587,+ATR,M
Okrah,,mono,u,13.941,14.08,18,14.031,175.238,7.428,12.851,+ATR,M
Okrah,,mono,u,13.941,14.08,19,14.036,173.266,5.909,13.937,+ATR,M
Okrah,,mono,u,13.941,14.08,20,14.041,171.293,3.566,12.917,+ATR,M
Okrah,,mono,u,13.941,14.08,21,14.046,169.022,2.675,13.318,+ATR,M
Okrah,,mono,u,13.941,14.08,22,14.051,166.514,4.052,12.385,+ATR,M
Okrah,,mono,u,13.941,14.08,23,14.056,164.006,5.96,12.301,+ATR,M
Okrah,,mono,u,13.941,14.08,24,14.061,162.173,10.903,13.536,+ATR,M
Okrah,,mono,u,13.941,14.08,25,14.066,160.878,8.88,12.252,+ATR,M
Okrah,,mono,u,13.941,14.08,26,14.071,159.583,11.91,11.933,+ATR,M
Okrah,,mono,u,13.941,14.08,27,14.076,159.008,19.691,14.608,+ATR,M
Okrah,,mono,ʊ,16.784,16.905,1,16.789,151.135,12.448,11.483,-ATR,M
Okrah,,mono,ʊ,16.784,16.905,2,16.794,151.304,7.798,15.88,-ATR,M
Okrah,,mono,ʊ,16.784,16.905,3,16.799,151.472,6.229,16.115,-ATR,M
Okrah,,mono,ʊ,16.784,16.905,4,16.804,151.504,5.599,21.49,-ATR,M
Okrah,,mono,ʊ,16.784,16.905,5,16.809,150.535,5.147,15.478,-ATR,M
Okrah,,mono,ʊ,16.784,16.905,6,16.814,149.565,4.614,17.263,-ATR,M
Okrah,,mono,ʊ,16.784,16.905,7,16.819,148.464,4.18,17.388,-ATR,M
Okrah,,mono,ʊ,16.784,16.905,8,16.824,146.391,3.81,18.777,-ATR,M
Okrah,,mono,ʊ,16.784,16.905,9,16.829,144.318,3.181,16.657,-ATR,M
Okrah,,mono,ʊ,16.784,16.905,10,16.834,142.147,2.704,20.527,-ATR,M
Okrah,,mono,ʊ,16.784,16.905,11,16.839,139.251,2.48,19.849,-ATR,M
Okrah,,mono,ʊ,16.784,16.905,12,16.844,136.354,3.651,18.335,-ATR,M
Okrah,,mono,ʊ,16.784,16.905,13,16.849,133.492,3.711,15.49,-ATR,M
Okrah,,mono,ʊ,16.784,16.905,14,16.854,130.883,4.41,12.007,-ATR,M
Okrah,,mono,ʊ,16.784,16.905,15,16.859,128.273,4.716,11.393,-ATR,M
Okrah,,mono,ʊ,16.784,16.905,16,16.864,125.975,4.575,12.103,-ATR,M
Okrah,,mono,ʊ,16.784,16.905,17,16.869,125.975,6.325,16.236,-ATR,M
Okrah,,mono,ʊ,16.784,16.905,18,16.874,0,0,13.873,-ATR,M
Okrah,,mono,ʊ,16.784,16.905,19,16.879,0,0,12.394,-ATR,M
Okrah,,mono,ʊ,16.784,16.905,20,16.884,0,0,14.314,-ATR,M
Okrah,,mono,ʊ,16.784,16.905,21,16.889,0,0,13.102,-ATR,M
Okrah,,mono,ʊ,16.784,16.905,22,16.894,0,0,14.478,-ATR,M
Okrah,,mono,ʊ,16.784,16.905,23,16.899,0,0,15.597,-ATR,M
Okrah,,mono,ʊ,16.784,16.905,24,16.904,0,0,12.797,-ATR,M
Okrah,,mono,o,19.592,19.696,1,19.597,0,0,16.479,+ATR,M
Okrah,,mono,o,19.592,19.696,2,19.602,159.343,13.524,10.967,+ATR,M
Okrah,,mono,o,19.592,19.696,3,19.607,159.343,11.917,14.739,+ATR,M
Okrah,,mono,o,19.592,19.696,4,19.612,159.294,9.644,20.892,+ATR,M
Okrah,,mono,o,19.592,19.696,5,19.617,159.224,8.465,16.51,+ATR,M
Okrah,,mono,o,19.592,19.696,6,19.622,159.155,7.627,19.651,+ATR,M
Okrah,,mono,o,19.592,19.696,7,19.627,158.809,7.819,21.789,+ATR,M
Okrah,,mono,o,19.592,19.696,8,19.632,158.354,7.567,23.181,+ATR,M
Okrah,,mono,o,19.592,19.696,9,19.637,157.898,7.753,23.477,+ATR,M
Okrah,,mono,o,19.592,19.696,10,19.642,157.445,8.307,21.189,+ATR,M
Okrah,,mono,o,19.592,19.696,11,19.647,156.991,8.826,21.357,+ATR,M
Okrah,,mono,o,19.592,19.696,12,19.652,156.538,9.49,20.226,+ATR,M
Okrah,,mono,o,19.592,19.696,13,19.657,155.796,9.898,20.837,+ATR,M
Okrah,,mono,o,19.592,19.696,14,19.662,154.94,9.874,21.767,+ATR,M
Okrah,,mono,o,19.592,19.696,15,19.667,154.085,10.133,19.066,+ATR,M
Okrah,,mono,o,19.592,19.696,16,19.672,152.824,11.114,18.54,+ATR,M
Okrah,,mono,o,19.592,19.696,17,19.677,151.405,12.024,14.805,+ATR,M
Okrah,,mono,o,19.592,19.696,18,19.682,149.986,12.797,13.024,+ATR,M
Okrah,,mono,o,19.592,19.696,19,19.687,149.377,11.904,13.7,+ATR,M
Okrah,,mono,o,19.592,19.696,20,19.692,149.088,9.172,14.68,+ATR,M
Okrah,,mono,ɔ,22.509,22.664,1,22.515,176.83,12.731,12.978,-ATR,M
Okrah,,mono,ɔ,22.509,22.664,2,22.52,176.788,10.734,21.832,-ATR,M
Okrah,,mono,ɔ,22.509,22.664,3,22.525,176.607,7.708,20.764,-ATR,M
Okrah,,mono,ɔ,22.509,22.664,4,22.53,176.427,5.678,23.006,-ATR,M
Okrah,,mono,ɔ,22.509,22.664,5,22.535,176.359,8.91,18.558,-ATR,M
Okrah,,mono,ɔ,22.509,22.664,6,22.54,176.653,7.959,22.695,-ATR,M
Okrah,,mono,ɔ,22.509,22.664,7,22.545,176.948,7.286,25.221,-ATR,M
Okrah,,mono,ɔ,22.509,22.664,8,22.55,177.184,6.447,26.399,-ATR,M
Okrah,,mono,ɔ,22.509,22.664,9,22.555,177.235,5.914,26.721,-ATR,M
Okrah,,mono,ɔ,22.509,22.664,10,22.56,177.286,5.793,27.705,-ATR,M
Okrah,,mono,ɔ,22.509,22.664,11,22.565,177.209,5.749,27.759,-ATR,M
Okrah,,mono,ɔ,22.509,22.664,12,22.57,176.724,5.766,26.477,-ATR,M
Okrah,,mono,ɔ,22.509,22.664,13,22.575,176.238,5.86,27.518,-ATR,M
Okrah,,mono,ɔ,22.509,22.664,14,22.58,175.577,6.051,23.358,-ATR,M
Okrah,,mono,ɔ,22.509,22.664,15,22.585,174.351,6.504,25.057,-ATR,M
Okrah,,mono,ɔ,22.509,22.664,16,22.59,173.125,7.802,24.344,-ATR,M
Okrah,,mono,ɔ,22.509,22.664,17,22.595,171.808,6.34,21.436,-ATR,M
Okrah,,mono,ɔ,22.509,22.664,18,22.6,170.195,8.308,16.945,-ATR,M
Okrah,,mono,ɔ,22.509,22.664,19,22.605,168.583,10.787,16.524,-ATR,M
Okrah,,mono,ɔ,22.509,22.664,20,22.61,167.158,14.092,15.27,-ATR,M
Okrah,,mono,ɔ,22.509,22.664,21,22.615,166.337,17.715,17.377,-ATR,M
Okrah,,mono,ɔ,22.509,22.664,22,22.62,165.515,20.811,15.095,-ATR,M
Okrah,,mono,ɔ,22.509,22.664,23,22.625,164.403,24.152,13.334,-ATR,M
Okrah,,mono,ɔ,22.509,22.664,24,22.63,162.354,28.053,11.788,-ATR,M
Okrah,,mono,ɔ,22.509,22.664,25,22.635,160.306,33.189,12.153,-ATR,M
Okrah,,mono,ɔ,22.509,22.664,26,22.64,158.363,38.916,13.923,-ATR,M
Okrah,,mono,ɔ,22.509,22.664,27,22.645,156.762,39.187,12.207,-ATR,M
Okrah,,mono,ɔ,22.509,22.664,28,22.65,155.16,41.638,15.04,-ATR,M
Okrah,,mono,ɔ,22.509,22.664,29,22.655,153.938,31.435,14.892,-ATR,M
Okrah,,mono,ɔ,22.509,22.664,30,22.66,153.938,24.343,15.623,-ATR,M
Okrah,,mono,ɔ,22.509,22.664,31,22.665,0,0,15.419,-ATR,M
Okrah,,mono,a,25.258,25.348,1,25.264,0,0,16.394,-ATR,M
Okrah,,mono,a,25.258,25.348,2,25.269,0,0,24.628,-ATR,M
Okrah,,mono,a,25.258,25.348,3,25.274,0,0,15.684,-ATR,M
Okrah,,mono,a,25.258,25.348,4,25.279,0,0,24.674,-ATR,M
Okrah,,mono,a,25.258,25.348,5,25.284,0,0,23.756,-ATR,M
Okrah,,mono,a,25.258,25.348,6,25.289,0,0,19.599,-ATR,M
Okrah,,mono,a,25.258,25.348,7,25.294,0,0,29.274,-ATR,M
Okrah,,mono,a,25.258,25.348,8,25.299,0,0,22.453,-ATR,M
Okrah,,mono,a,25.258,25.348,9,25.304,138.48,6.406,23.982,-ATR,M
Okrah,,mono,a,25.258,25.348,10,25.309,138.476,6.498,24.93,-ATR,M
Okrah,,mono,a,25.258,25.348,11,25.314,138.401,6.686,21.78,-ATR,M
Okrah,,mono,a,25.258,25.348,12,25.319,138.325,6.4,25.059,-ATR,M
Okrah,,mono,a,25.258,25.348,13,25.324,138.246,6.515,23.48,-ATR,M
Okrah,,mono,a,25.258,25.348,14,25.329,138.098,7.121,15.809,-ATR,M
Okrah,,mono,a,25.258,25.348,15,25.334,137.95,7.812,16.613,-ATR,M
Okrah,,mono,a,25.258,25.348,16,25.339,137.838,8.97,14.778,-ATR,M
Okrah,,mono,a,25.258,25.348,17,25.344,138.378,11.552,14.645,-ATR,M
Okrah,,mono,a,25.258,25.348,18,25.349,138.917,11.99,13.026,-ATR,M
